2026-05-18 22:18:33.963 | ERROR    | app.main:lifespan:93 | [Startup] ❌ 数据库初始化失败: 'gbk' codec can't encode character '\u2705' in position 11: illegal multibyte sequence
2026-05-24 13:42:16.779 | ERROR    | app.services.backup_service:sync_to_webdav:703 | WebDAV 同步异常 [backup_20260524_134214.backup]: All connection attempts failed
2026-05-25 20:15:51.636 | ERROR    | app.services.backup_service:sync_to_webdav:703 | WebDAV 同步异常 [backup_20260525_201549.backup]: All connection attempts failed
2026-05-25 21:01:48.695 | ERROR    | app.services.backup_service:sync_to_webdav:703 | WebDAV 同步异常 [backup_20260525_210146.backup]: All connection attempts failed
2026-05-25 21:32:59.150 | ERROR    | app.services.backup_service:sync_to_webdav:703 | WebDAV 同步异常 [backup_20260525_213256.backup]: All connection attempts failed
2026-05-25 22:17:50.933 | ERROR    | app.services.backup_service:sync_to_webdav:703 | WebDAV 同步异常 [backup_20260525_221748.backup]: All connection attempts failed
2026-05-26 08:33:43.959 | ERROR    | app.services.backup_service:sync_to_webdav:703 | WebDAV 同步异常 [backup_20260526_083341.backup]: All connection attempts failed
2026-05-26 08:46:39.889 | ERROR    | app.services.backup_service:sync_to_webdav:703 | WebDAV 同步异常 [backup_20260526_084637.backup]: All connection attempts failed
2026-05-26 09:12:26.665 | ERROR    | app.services.backup_service:sync_to_webdav:703 | WebDAV 同步异常 [backup_20260526_091224.backup]: All connection attempts failed
2026-05-26 10:44:30.159 | ERROR    | app.services.backup_service:sync_to_webdav:703 | WebDAV 同步异常 [backup_20260526_104427.backup]: All connection attempts failed
2026-05-26 10:53:27.282 | ERROR    | app.services.backup_service:sync_to_webdav:703 | WebDAV 同步异常 [backup_20260526_105325.backup]: All connection attempts failed
2026-05-26 10:59:16.316 | ERROR    | app.services.backup_service:sync_to_webdav:703 | WebDAV 同步异常 [backup_20260526_105914.backup]: All connection attempts failed
2026-05-26 13:36:05.834 | ERROR    | app.services.dify_sync_service:_create_document:118 | DifySync: 创建文档失败 book=16 status=405 body={"code":"method_not_allowed","message":"The method is not allowed for the requested URL.","status":405}

2026-05-26 13:37:07.637 | ERROR    | app.services.dify_sync_service:_create_document:118 | DifySync: 创建文档失败 book=16 status=405 body={"code":"method_not_allowed","message":"The method is not allowed for the requested URL.","status":405}

2026-05-26 13:42:08.390 | ERROR    | app.services.dify_sync_service:_create_document:118 | DifySync: 创建文档失败 book=16 status=405 body={"code":"method_not_allowed","message":"The method is not allowed for the requested URL.","status":405}

2026-05-26 13:42:08.702 | ERROR    | app.services.dify_sync_service:_create_document:118 | DifySync: 创建文档失败 book=16 status=405 body={"code":"method_not_allowed","message":"The method is not allowed for the requested URL.","status":405}

2026-05-26 13:57:09.463 | ERROR    | app.services.dify_sync_service:_create_document:118 | DifySync: 创建文档失败 book=16 status=405 body={"code":"method_not_allowed","message":"The method is not allowed for the requested URL.","status":405}

2026-05-26 13:57:09.466 | ERROR    | app.services.dify_sync_service:_handle_failure:268 | DifySync: 同步最终失败 book=16 op=update
2026-05-26 13:57:09.865 | ERROR    | app.services.dify_sync_service:_create_document:118 | DifySync: 创建文档失败 book=16 status=405 body={"code":"method_not_allowed","message":"The method is not allowed for the requested URL.","status":405}

2026-05-26 13:57:09.868 | ERROR    | app.services.dify_sync_service:_handle_failure:268 | DifySync: 同步最终失败 book=16 op=update
2026-05-26 13:57:09.893 | ERROR    | app.services.dify_sync_service:_create_document:118 | DifySync: 创建文档失败 book=16 status=405 body={"code":"method_not_allowed","message":"The method is not allowed for the requested URL.","status":405}

2026-05-26 13:57:09.896 | ERROR    | app.services.dify_sync_service:_handle_failure:268 | DifySync: 同步最终失败 book=16 op=update
2026-05-26 13:57:10.257 | ERROR    | app.services.dify_sync_service:_create_document:118 | DifySync: 创建文档失败 book=16 status=405 body={"code":"method_not_allowed","message":"The method is not allowed for the requested URL.","status":405}

2026-05-26 13:57:10.259 | ERROR    | app.services.dify_sync_service:_handle_failure:268 | DifySync: 同步最终失败 book=16 op=update
2026-05-26 15:37:43.445 | ERROR    | app.services.dify_sync_service:_create_document:118 | DifySync: 创建文档失败 book=4 status=405 body={"code":"method_not_allowed","message":"The method is not allowed for the requested URL.","status":405}

2026-05-26 15:38:45.760 | ERROR    | app.services.dify_sync_service:_create_document:118 | DifySync: 创建文档失败 book=4 status=405 body={"code":"method_not_allowed","message":"The method is not allowed for the requested URL.","status":405}

2026-05-26 15:38:59.594 | ERROR    | app.services.dify_sync_service:_create_document:118 | DifySync: 创建文档失败 book=11 status=405 body={"code":"method_not_allowed","message":"The method is not allowed for the requested URL.","status":405}

2026-05-26 15:39:04.120 | ERROR    | app.services.dify_sync_service:_create_document:118 | DifySync: 创建文档失败 book=13 status=405 body={"code":"method_not_allowed","message":"The method is not allowed for the requested URL.","status":405}

2026-05-26 15:40:00.432 | ERROR    | app.services.dify_sync_service:_create_document:118 | DifySync: 创建文档失败 book=11 status=405 body={"code":"method_not_allowed","message":"The method is not allowed for the requested URL.","status":405}

2026-05-26 15:40:04.863 | ERROR    | app.services.dify_sync_service:_create_document:118 | DifySync: 创建文档失败 book=13 status=405 body={"code":"method_not_allowed","message":"The method is not allowed for the requested URL.","status":405}

2026-05-26 15:43:47.295 | ERROR    | app.services.dify_sync_service:_create_document:118 | DifySync: 创建文档失败 book=4 status=405 body={"code":"method_not_allowed","message":"The method is not allowed for the requested URL.","status":405}

2026-05-26 15:43:47.388 | ERROR    | app.services.dify_sync_service:_create_document:118 | DifySync: 创建文档失败 book=4 status=405 body={"code":"method_not_allowed","message":"The method is not allowed for the requested URL.","status":405}

2026-05-26 15:45:01.271 | ERROR    | app.services.dify_sync_service:_create_document:118 | DifySync: 创建文档失败 book=11 status=405 body={"code":"method_not_allowed","message":"The method is not allowed for the requested URL.","status":405}

2026-05-26 15:45:02.579 | ERROR    | app.services.dify_sync_service:_create_document:118 | DifySync: 创建文档失败 book=11 status=405 body={"code":"method_not_allowed","message":"The method is not allowed for the requested URL.","status":405}

2026-05-26 15:45:05.567 | ERROR    | app.services.dify_sync_service:_create_document:118 | DifySync: 创建文档失败 book=13 status=405 body={"code":"method_not_allowed","message":"The method is not allowed for the requested URL.","status":405}

2026-05-26 15:45:05.828 | ERROR    | app.services.dify_sync_service:_create_document:118 | DifySync: 创建文档失败 book=13 status=405 body={"code":"method_not_allowed","message":"The method is not allowed for the requested URL.","status":405}

2026-05-26 15:50:04.766 | ERROR    | app.services.dify_sync_service:_create_document:118 | DifySync: 创建文档失败 book=1 status=405 body={"code":"method_not_allowed","message":"The method is not allowed for the requested URL.","status":405}

2026-05-26 15:50:05.725 | ERROR    | app.services.dify_sync_service:_create_document:118 | DifySync: 创建文档失败 book=2 status=405 body={"code":"method_not_allowed","message":"The method is not allowed for the requested URL.","status":405}

2026-05-26 15:50:06.798 | ERROR    | app.services.dify_sync_service:_create_document:118 | DifySync: 创建文档失败 book=3 status=405 body={"code":"method_not_allowed","message":"The method is not allowed for the requested URL.","status":405}

2026-05-26 15:50:07.648 | ERROR    | app.services.dify_sync_service:_create_document:118 | DifySync: 创建文档失败 book=4 status=405 body={"code":"method_not_allowed","message":"The method is not allowed for the requested URL.","status":405}

2026-05-26 15:50:09.419 | ERROR    | app.services.dify_sync_service:_create_document:118 | DifySync: 创建文档失败 book=5 status=405 body={"code":"method_not_allowed","message":"The method is not allowed for the requested URL.","status":405}

2026-05-26 15:50:11.280 | ERROR    | app.services.dify_sync_service:_create_document:118 | DifySync: 创建文档失败 book=6 status=405 body={"code":"method_not_allowed","message":"The method is not allowed for the requested URL.","status":405}

2026-05-26 15:50:12.138 | ERROR    | app.services.dify_sync_service:_create_document:118 | DifySync: 创建文档失败 book=7 status=405 body={"code":"method_not_allowed","message":"The method is not allowed for the requested URL.","status":405}

2026-05-26 15:50:12.838 | ERROR    | app.services.dify_sync_service:_create_document:118 | DifySync: 创建文档失败 book=9 status=405 body={"code":"method_not_allowed","message":"The method is not allowed for the requested URL.","status":405}

2026-05-26 15:50:13.731 | ERROR    | app.services.dify_sync_service:_create_document:118 | DifySync: 创建文档失败 book=10 status=405 body={"code":"method_not_allowed","message":"The method is not allowed for the requested URL.","status":405}

2026-05-26 15:50:14.546 | ERROR    | app.services.dify_sync_service:_create_document:118 | DifySync: 创建文档失败 book=11 status=405 body={"code":"method_not_allowed","message":"The method is not allowed for the requested URL.","status":405}

2026-05-26 15:50:15.318 | ERROR    | app.services.dify_sync_service:_create_document:118 | DifySync: 创建文档失败 book=12 status=405 body={"code":"method_not_allowed","message":"The method is not allowed for the requested URL.","status":405}

2026-05-26 15:50:16.113 | ERROR    | app.services.dify_sync_service:_create_document:118 | DifySync: 创建文档失败 book=13 status=405 body={"code":"method_not_allowed","message":"The method is not allowed for the requested URL.","status":405}

2026-05-26 15:50:16.890 | ERROR    | app.services.dify_sync_service:_create_document:118 | DifySync: 创建文档失败 book=14 status=405 body={"code":"method_not_allowed","message":"The method is not allowed for the requested URL.","status":405}

2026-05-26 15:50:17.655 | ERROR    | app.services.dify_sync_service:_create_document:118 | DifySync: 创建文档失败 book=15 status=405 body={"code":"method_not_allowed","message":"The method is not allowed for the requested URL.","status":405}

2026-05-26 15:50:20.263 | ERROR    | app.services.dify_sync_service:_create_document:118 | DifySync: 创建文档失败 book=16 status=405 body={"code":"method_not_allowed","message":"The method is not allowed for the requested URL.","status":405}

2026-05-26 15:50:21.279 | ERROR    | app.services.dify_sync_service:_create_document:118 | DifySync: 创建文档失败 book=17 status=405 body={"code":"method_not_allowed","message":"The method is not allowed for the requested URL.","status":405}

2026-05-26 15:50:22.166 | ERROR    | app.services.dify_sync_service:_create_document:118 | DifySync: 创建文档失败 book=18 status=405 body={"code":"method_not_allowed","message":"The method is not allowed for the requested URL.","status":405}

2026-05-26 15:50:22.907 | ERROR    | app.services.dify_sync_service:_create_document:118 | DifySync: 创建文档失败 book=19 status=405 body={"code":"method_not_allowed","message":"The method is not allowed for the requested URL.","status":405}

2026-05-26 15:50:23.610 | ERROR    | app.services.dify_sync_service:_create_document:118 | DifySync: 创建文档失败 book=20 status=405 body={"code":"method_not_allowed","message":"The method is not allowed for the requested URL.","status":405}

2026-05-26 15:50:24.399 | ERROR    | app.services.dify_sync_service:_create_document:118 | DifySync: 创建文档失败 book=21 status=405 body={"code":"method_not_allowed","message":"The method is not allowed for the requested URL.","status":405}

2026-05-26 15:50:25.195 | ERROR    | app.services.dify_sync_service:_create_document:118 | DifySync: 创建文档失败 book=22 status=405 body={"code":"method_not_allowed","message":"The method is not allowed for the requested URL.","status":405}

2026-05-26 15:50:25.969 | ERROR    | app.services.dify_sync_service:_create_document:118 | DifySync: 创建文档失败 book=23 status=405 body={"code":"method_not_allowed","message":"The method is not allowed for the requested URL.","status":405}

2026-05-26 15:50:27.446 | ERROR    | app.services.dify_sync_service:_create_document:118 | DifySync: 创建文档失败 book=24 status=405 body={"code":"method_not_allowed","message":"The method is not allowed for the requested URL.","status":405}

2026-05-26 15:50:29.198 | ERROR    | app.services.dify_sync_service:_create_document:118 | DifySync: 创建文档失败 book=25 status=405 body={"code":"method_not_allowed","message":"The method is not allowed for the requested URL.","status":405}

2026-05-26 15:50:30.006 | ERROR    | app.services.dify_sync_service:_create_document:118 | DifySync: 创建文档失败 book=26 status=405 body={"code":"method_not_allowed","message":"The method is not allowed for the requested URL.","status":405}

2026-05-26 15:50:33.537 | ERROR    | app.services.dify_sync_service:_create_document:118 | DifySync: 创建文档失败 book=27 status=405 body={"code":"method_not_allowed","message":"The method is not allowed for the requested URL.","status":405}

2026-05-26 15:50:34.319 | ERROR    | app.services.dify_sync_service:_create_document:118 | DifySync: 创建文档失败 book=28 status=405 body={"code":"method_not_allowed","message":"The method is not allowed for the requested URL.","status":405}

2026-05-26 15:50:35.094 | ERROR    | app.services.dify_sync_service:_create_document:118 | DifySync: 创建文档失败 book=29 status=405 body={"code":"method_not_allowed","message":"The method is not allowed for the requested URL.","status":405}

2026-05-26 15:50:35.784 | ERROR    | app.services.dify_sync_service:_create_document:118 | DifySync: 创建文档失败 book=30 status=405 body={"code":"method_not_allowed","message":"The method is not allowed for the requested URL.","status":405}

2026-05-26 15:50:36.413 | ERROR    | app.services.dify_sync_service:_create_document:118 | DifySync: 创建文档失败 book=1 status=405 body={"code":"method_not_allowed","message":"The method is not allowed for the requested URL.","status":405}

2026-05-26 15:50:37.173 | ERROR    | app.services.dify_sync_service:_create_document:118 | DifySync: 创建文档失败 book=31 status=405 body={"code":"method_not_allowed","message":"The method is not allowed for the requested URL.","status":405}

2026-05-26 15:50:37.218 | ERROR    | app.services.dify_sync_service:_create_document:118 | DifySync: 创建文档失败 book=2 status=405 body={"code":"method_not_allowed","message":"The method is not allowed for the requested URL.","status":405}

2026-05-26 15:50:37.983 | ERROR    | app.services.dify_sync_service:_create_document:118 | DifySync: 创建文档失败 book=32 status=405 body={"code":"method_not_allowed","message":"The method is not allowed for the requested URL.","status":405}

2026-05-26 15:50:38.031 | ERROR    | app.services.dify_sync_service:_create_document:118 | DifySync: 创建文档失败 book=3 status=405 body={"code":"method_not_allowed","message":"The method is not allowed for the requested URL.","status":405}

2026-05-26 15:50:39.315 | ERROR    | app.services.dify_sync_service:_create_document:118 | DifySync: 创建文档失败 book=4 status=405 body={"code":"method_not_allowed","message":"The method is not allowed for the requested URL.","status":405}

2026-05-26 15:50:39.830 | ERROR    | app.services.dify_sync_service:_create_document:118 | DifySync: 创建文档失败 book=33 status=405 body={"code":"method_not_allowed","message":"The method is not allowed for the requested URL.","status":405}

2026-05-26 15:50:40.360 | ERROR    | app.services.dify_sync_service:_create_document:118 | DifySync: 创建文档失败 book=5 status=405 body={"code":"method_not_allowed","message":"The method is not allowed for the requested URL.","status":405}

2026-05-26 15:50:41.086 | ERROR    | app.services.dify_sync_service:_create_document:118 | DifySync: 创建文档失败 book=6 status=405 body={"code":"method_not_allowed","message":"The method is not allowed for the requested URL.","status":405}

2026-05-26 15:50:41.346 | ERROR    | app.services.dify_sync_service:_create_document:118 | DifySync: 创建文档失败 book=34 status=405 body={"code":"method_not_allowed","message":"The method is not allowed for the requested URL.","status":405}

2026-05-26 15:50:41.852 | ERROR    | app.services.dify_sync_service:_create_document:118 | DifySync: 创建文档失败 book=7 status=405 body={"code":"method_not_allowed","message":"The method is not allowed for the requested URL.","status":405}

2026-05-26 15:50:42.126 | ERROR    | app.services.dify_sync_service:_create_document:118 | DifySync: 创建文档失败 book=35 status=405 body={"code":"method_not_allowed","message":"The method is not allowed for the requested URL.","status":405}

2026-05-26 15:50:42.641 | ERROR    | app.services.dify_sync_service:_create_document:118 | DifySync: 创建文档失败 book=9 status=405 body={"code":"method_not_allowed","message":"The method is not allowed for the requested URL.","status":405}

2026-05-26 15:50:43.337 | ERROR    | app.services.dify_sync_service:_create_document:118 | DifySync: 创建文档失败 book=10 status=405 body={"code":"method_not_allowed","message":"The method is not allowed for the requested URL.","status":405}

2026-05-26 15:50:43.798 | ERROR    | app.services.dify_sync_service:_create_document:118 | DifySync: 创建文档失败 book=36 status=405 body={"code":"method_not_allowed","message":"The method is not allowed for the requested URL.","status":405}

2026-05-26 15:50:44.198 | ERROR    | app.services.dify_sync_service:_create_document:118 | DifySync: 创建文档失败 book=11 status=405 body={"code":"method_not_allowed","message":"The method is not allowed for the requested URL.","status":405}

2026-05-26 15:50:44.796 | ERROR    | app.services.dify_sync_service:_create_document:118 | DifySync: 创建文档失败 book=37 status=405 body={"code":"method_not_allowed","message":"The method is not allowed for the requested URL.","status":405}

2026-05-26 15:50:44.982 | ERROR    | app.services.dify_sync_service:_create_document:118 | DifySync: 创建文档失败 book=12 status=405 body={"code":"method_not_allowed","message":"The method is not allowed for the requested URL.","status":405}

2026-05-26 15:50:45.790 | ERROR    | app.services.dify_sync_service:_create_document:118 | DifySync: 创建文档失败 book=38 status=405 body={"code":"method_not_allowed","message":"The method is not allowed for the requested URL.","status":405}

2026-05-26 15:50:45.848 | ERROR    | app.services.dify_sync_service:_create_document:118 | DifySync: 创建文档失败 book=13 status=405 body={"code":"method_not_allowed","message":"The method is not allowed for the requested URL.","status":405}

2026-05-26 15:50:46.525 | ERROR    | app.services.dify_sync_service:_create_document:118 | DifySync: 创建文档失败 book=39 status=405 body={"code":"method_not_allowed","message":"The method is not allowed for the requested URL.","status":405}

2026-05-26 15:50:46.634 | ERROR    | app.services.dify_sync_service:_create_document:118 | DifySync: 创建文档失败 book=14 status=405 body={"code":"method_not_allowed","message":"The method is not allowed for the requested URL.","status":405}

2026-05-26 15:50:47.286 | ERROR    | app.services.dify_sync_service:_create_document:118 | DifySync: 创建文档失败 book=40 status=405 body={"code":"method_not_allowed","message":"The method is not allowed for the requested URL.","status":405}

2026-05-26 15:50:48.285 | ERROR    | app.services.dify_sync_service:_create_document:118 | DifySync: 创建文档失败 book=41 status=405 body={"code":"method_not_allowed","message":"The method is not allowed for the requested URL.","status":405}

2026-05-26 15:50:48.421 | ERROR    | app.services.dify_sync_service:_create_document:118 | DifySync: 创建文档失败 book=15 status=405 body={"code":"method_not_allowed","message":"The method is not allowed for the requested URL.","status":405}

2026-05-26 15:50:49.213 | ERROR    | app.services.dify_sync_service:_create_document:118 | DifySync: 创建文档失败 book=42 status=405 body={"code":"method_not_allowed","message":"The method is not allowed for the requested URL.","status":405}

2026-05-26 15:50:50.167 | ERROR    | app.services.dify_sync_service:_create_document:118 | DifySync: 创建文档失败 book=43 status=405 body={"code":"method_not_allowed","message":"The method is not allowed for the requested URL.","status":405}

2026-05-26 15:50:50.472 | ERROR    | app.services.dify_sync_service:_create_document:118 | DifySync: 创建文档失败 book=16 status=405 body={"code":"method_not_allowed","message":"The method is not allowed for the requested URL.","status":405}

2026-05-26 15:50:50.897 | ERROR    | app.services.dify_sync_service:_create_document:118 | DifySync: 创建文档失败 book=44 status=405 body={"code":"method_not_allowed","message":"The method is not allowed for the requested URL.","status":405}

2026-05-26 15:50:51.249 | ERROR    | app.services.dify_sync_service:_create_document:118 | DifySync: 创建文档失败 book=17 status=405 body={"code":"method_not_allowed","message":"The method is not allowed for the requested URL.","status":405}

2026-05-26 15:50:52.177 | ERROR    | app.services.dify_sync_service:_create_document:118 | DifySync: 创建文档失败 book=45 status=405 body={"code":"method_not_allowed","message":"The method is not allowed for the requested URL.","status":405}

2026-05-26 15:50:52.227 | ERROR    | app.services.dify_sync_service:_create_document:118 | DifySync: 创建文档失败 book=18 status=405 body={"code":"method_not_allowed","message":"The method is not allowed for the requested URL.","status":405}

2026-05-26 15:50:53.030 | ERROR    | app.services.dify_sync_service:_create_document:118 | DifySync: 创建文档失败 book=46 status=405 body={"code":"method_not_allowed","message":"The method is not allowed for the requested URL.","status":405}

2026-05-26 15:50:53.093 | ERROR    | app.services.dify_sync_service:_create_document:118 | DifySync: 创建文档失败 book=19 status=405 body={"code":"method_not_allowed","message":"The method is not allowed for the requested URL.","status":405}

2026-05-26 15:50:53.833 | ERROR    | app.services.dify_sync_service:_create_document:118 | DifySync: 创建文档失败 book=47 status=405 body={"code":"method_not_allowed","message":"The method is not allowed for the requested URL.","status":405}

2026-05-26 15:50:53.884 | ERROR    | app.services.dify_sync_service:_create_document:118 | DifySync: 创建文档失败 book=20 status=405 body={"code":"method_not_allowed","message":"The method is not allowed for the requested URL.","status":405}

2026-05-26 15:50:56.075 | ERROR    | app.services.dify_sync_service:_create_document:118 | DifySync: 创建文档失败 book=21 status=405 body={"code":"method_not_allowed","message":"The method is not allowed for the requested URL.","status":405}

2026-05-26 15:50:56.178 | ERROR    | app.services.dify_sync_service:_create_document:118 | DifySync: 创建文档失败 book=48 status=405 body={"code":"method_not_allowed","message":"The method is not allowed for the requested URL.","status":405}

2026-05-26 15:50:57.016 | ERROR    | app.services.dify_sync_service:_create_document:118 | DifySync: 创建文档失败 book=49 status=405 body={"code":"method_not_allowed","message":"The method is not allowed for the requested URL.","status":405}

2026-05-26 15:50:57.986 | ERROR    | app.services.dify_sync_service:_create_document:118 | DifySync: 创建文档失败 book=50 status=405 body={"code":"method_not_allowed","message":"The method is not allowed for the requested URL.","status":405}

2026-05-26 15:50:58.045 | ERROR    | app.services.dify_sync_service:_create_document:118 | DifySync: 创建文档失败 book=22 status=405 body={"code":"method_not_allowed","message":"The method is not allowed for the requested URL.","status":405}

2026-05-26 15:50:58.768 | ERROR    | app.services.dify_sync_service:_create_document:118 | DifySync: 创建文档失败 book=51 status=405 body={"code":"method_not_allowed","message":"The method is not allowed for the requested URL.","status":405}

2026-05-26 15:50:59.122 | ERROR    | app.services.dify_sync_service:_create_document:118 | DifySync: 创建文档失败 book=23 status=405 body={"code":"method_not_allowed","message":"The method is not allowed for the requested URL.","status":405}

2026-05-26 15:50:59.532 | ERROR    | app.services.dify_sync_service:_create_document:118 | DifySync: 创建文档失败 book=53 status=405 body={"code":"method_not_allowed","message":"The method is not allowed for the requested URL.","status":405}

2026-05-26 15:51:00.299 | ERROR    | app.services.dify_sync_service:_create_document:118 | DifySync: 创建文档失败 book=54 status=405 body={"code":"method_not_allowed","message":"The method is not allowed for the requested URL.","status":405}

2026-05-26 15:51:00.664 | ERROR    | app.services.dify_sync_service:_create_document:118 | DifySync: 创建文档失败 book=24 status=405 body={"code":"method_not_allowed","message":"The method is not allowed for the requested URL.","status":405}

2026-05-26 15:51:01.237 | ERROR    | app.services.dify_sync_service:_create_document:118 | DifySync: 创建文档失败 book=55 status=405 body={"code":"method_not_allowed","message":"The method is not allowed for the requested URL.","status":405}

2026-05-26 15:51:01.354 | ERROR    | app.services.dify_sync_service:_create_document:118 | DifySync: 创建文档失败 book=25 status=405 body={"code":"method_not_allowed","message":"The method is not allowed for the requested URL.","status":405}

2026-05-26 15:51:02.000 | ERROR    | app.services.dify_sync_service:_create_document:118 | DifySync: 创建文档失败 book=56 status=405 body={"code":"method_not_allowed","message":"The method is not allowed for the requested URL.","status":405}

2026-05-26 15:51:03.178 | ERROR    | app.services.dify_sync_service:_create_document:118 | DifySync: 创建文档失败 book=26 status=405 body={"code":"method_not_allowed","message":"The method is not allowed for the requested URL.","status":405}

2026-05-26 15:51:03.474 | ERROR    | app.services.dify_sync_service:_create_document:118 | DifySync: 创建文档失败 book=57 status=405 body={"code":"method_not_allowed","message":"The method is not allowed for the requested URL.","status":405}

2026-05-26 15:51:03.965 | ERROR    | app.services.dify_sync_service:_create_document:118 | DifySync: 创建文档失败 book=27 status=405 body={"code":"method_not_allowed","message":"The method is not allowed for the requested URL.","status":405}

2026-05-26 15:51:04.460 | ERROR    | app.services.dify_sync_service:_create_document:118 | DifySync: 创建文档失败 book=61 status=405 body={"code":"method_not_allowed","message":"The method is not allowed for the requested URL.","status":405}

2026-05-26 15:51:04.774 | ERROR    | app.services.dify_sync_service:_create_document:118 | DifySync: 创建文档失败 book=28 status=405 body={"code":"method_not_allowed","message":"The method is not allowed for the requested URL.","status":405}

2026-05-26 15:51:05.268 | ERROR    | app.services.dify_sync_service:_create_document:118 | DifySync: 创建文档失败 book=62 status=405 body={"code":"method_not_allowed","message":"The method is not allowed for the requested URL.","status":405}

2026-05-26 15:51:05.674 | ERROR    | app.services.dify_sync_service:_create_document:118 | DifySync: 创建文档失败 book=1 status=405 body={"code":"method_not_allowed","message":"The method is not allowed for the requested URL.","status":405}

2026-05-26 15:51:05.841 | ERROR    | app.services.dify_sync_service:_create_document:118 | DifySync: 创建文档失败 book=29 status=405 body={"code":"method_not_allowed","message":"The method is not allowed for the requested URL.","status":405}

2026-05-26 15:51:06.236 | ERROR    | app.services.dify_sync_service:_create_document:118 | DifySync: 创建文档失败 book=63 status=405 body={"code":"method_not_allowed","message":"The method is not allowed for the requested URL.","status":405}

2026-05-26 15:51:07.459 | ERROR    | app.services.dify_sync_service:_create_document:118 | DifySync: 创建文档失败 book=2 status=405 body={"code":"method_not_allowed","message":"The method is not allowed for the requested URL.","status":405}

2026-05-26 15:51:07.549 | ERROR    | app.services.dify_sync_service:_create_document:118 | DifySync: 创建文档失败 book=64 status=405 body={"code":"method_not_allowed","message":"The method is not allowed for the requested URL.","status":405}

2026-05-26 15:51:07.603 | ERROR    | app.services.dify_sync_service:_create_document:118 | DifySync: 创建文档失败 book=30 status=405 body={"code":"method_not_allowed","message":"The method is not allowed for the requested URL.","status":405}

2026-05-26 15:51:07.672 | ERROR    | app.services.dify_sync_service:_create_document:118 | DifySync: 创建文档失败 book=3 status=405 body={"code":"method_not_allowed","message":"The method is not allowed for the requested URL.","status":405}

2026-05-26 15:51:07.805 | ERROR    | app.services.dify_sync_service:_create_document:118 | DifySync: 创建文档失败 book=1 status=405 body={"code":"method_not_allowed","message":"The method is not allowed for the requested URL.","status":405}

2026-05-26 15:51:08.294 | ERROR    | app.services.dify_sync_service:_create_document:118 | DifySync: 创建文档失败 book=65 status=405 body={"code":"method_not_allowed","message":"The method is not allowed for the requested URL.","status":405}

2026-05-26 15:51:08.374 | ERROR    | app.services.dify_sync_service:_create_document:118 | DifySync: 创建文档失败 book=31 status=405 body={"code":"method_not_allowed","message":"The method is not allowed for the requested URL.","status":405}

2026-05-26 15:51:08.441 | ERROR    | app.services.dify_sync_service:_create_document:118 | DifySync: 创建文档失败 book=4 status=405 body={"code":"method_not_allowed","message":"The method is not allowed for the requested URL.","status":405}

2026-05-26 15:51:08.529 | ERROR    | app.services.dify_sync_service:_create_document:118 | DifySync: 创建文档失败 book=2 status=405 body={"code":"method_not_allowed","message":"The method is not allowed for the requested URL.","status":405}

2026-05-26 15:51:09.098 | ERROR    | app.services.dify_sync_service:_create_document:118 | DifySync: 创建文档失败 book=66 status=405 body={"code":"method_not_allowed","message":"The method is not allowed for the requested URL.","status":405}

2026-05-26 15:51:09.172 | ERROR    | app.services.dify_sync_service:_create_document:118 | DifySync: 创建文档失败 book=32 status=405 body={"code":"method_not_allowed","message":"The method is not allowed for the requested URL.","status":405}

2026-05-26 15:51:09.505 | ERROR    | app.services.dify_sync_service:_create_document:118 | DifySync: 创建文档失败 book=3 status=405 body={"code":"method_not_allowed","message":"The method is not allowed for the requested URL.","status":405}

2026-05-26 15:51:10.056 | ERROR    | app.services.dify_sync_service:_create_document:118 | DifySync: 创建文档失败 book=67 status=405 body={"code":"method_not_allowed","message":"The method is not allowed for the requested URL.","status":405}

2026-05-26 15:51:10.304 | ERROR    | app.services.dify_sync_service:_create_document:118 | DifySync: 创建文档失败 book=5 status=405 body={"code":"method_not_allowed","message":"The method is not allowed for the requested URL.","status":405}

2026-05-26 15:51:11.135 | ERROR    | app.services.dify_sync_service:_create_document:118 | DifySync: 创建文档失败 book=33 status=405 body={"code":"method_not_allowed","message":"The method is not allowed for the requested URL.","status":405}

2026-05-26 15:51:11.190 | ERROR    | app.services.dify_sync_service:_create_document:118 | DifySync: 创建文档失败 book=4 status=405 body={"code":"method_not_allowed","message":"The method is not allowed for the requested URL.","status":405}

2026-05-26 15:51:11.288 | ERROR    | app.services.dify_sync_service:_create_document:118 | DifySync: 创建文档失败 book=68 status=405 body={"code":"method_not_allowed","message":"The method is not allowed for the requested URL.","status":405}

2026-05-26 15:51:11.934 | ERROR    | app.services.dify_sync_service:_create_document:118 | DifySync: 创建文档失败 book=34 status=405 body={"code":"method_not_allowed","message":"The method is not allowed for the requested URL.","status":405}

2026-05-26 15:51:11.987 | ERROR    | app.services.dify_sync_service:_create_document:118 | DifySync: 创建文档失败 book=5 status=405 body={"code":"method_not_allowed","message":"The method is not allowed for the requested URL.","status":405}

2026-05-26 15:51:12.134 | ERROR    | app.services.dify_sync_service:_create_document:118 | DifySync: 创建文档失败 book=6 status=405 body={"code":"method_not_allowed","message":"The method is not allowed for the requested URL.","status":405}

2026-05-26 15:51:12.692 | ERROR    | app.services.dify_sync_service:_create_document:118 | DifySync: 创建文档失败 book=35 status=405 body={"code":"method_not_allowed","message":"The method is not allowed for the requested URL.","status":405}

2026-05-26 15:51:12.831 | ERROR    | app.services.dify_sync_service:_create_document:118 | DifySync: 创建文档失败 book=69 status=405 body={"code":"method_not_allowed","message":"The method is not allowed for the requested URL.","status":405}

2026-05-26 15:51:12.970 | ERROR    | app.services.dify_sync_service:_create_document:118 | DifySync: 创建文档失败 book=7 status=405 body={"code":"method_not_allowed","message":"The method is not allowed for the requested URL.","status":405}

2026-05-26 15:51:13.441 | ERROR    | app.services.dify_sync_service:_create_document:118 | DifySync: 创建文档失败 book=6 status=405 body={"code":"method_not_allowed","message":"The method is not allowed for the requested URL.","status":405}

2026-05-26 15:51:13.486 | ERROR    | app.services.dify_sync_service:_create_document:118 | DifySync: 创建文档失败 book=36 status=405 body={"code":"method_not_allowed","message":"The method is not allowed for the requested URL.","status":405}

2026-05-26 15:51:13.840 | ERROR    | app.services.dify_sync_service:_create_document:118 | DifySync: 创建文档失败 book=70 status=405 body={"code":"method_not_allowed","message":"The method is not allowed for the requested URL.","status":405}

2026-05-26 15:51:14.265 | ERROR    | app.services.dify_sync_service:_create_document:118 | DifySync: 创建文档失败 book=37 status=405 body={"code":"method_not_allowed","message":"The method is not allowed for the requested URL.","status":405}

2026-05-26 15:51:14.309 | ERROR    | app.services.dify_sync_service:_create_document:118 | DifySync: 创建文档失败 book=7 status=405 body={"code":"method_not_allowed","message":"The method is not allowed for the requested URL.","status":405}

2026-05-26 15:51:14.687 | ERROR    | app.services.dify_sync_service:_create_document:118 | DifySync: 创建文档失败 book=71 status=405 body={"code":"method_not_allowed","message":"The method is not allowed for the requested URL.","status":405}

2026-05-26 15:51:15.052 | ERROR    | app.services.dify_sync_service:_create_document:118 | DifySync: 创建文档失败 book=38 status=405 body={"code":"method_not_allowed","message":"The method is not allowed for the requested URL.","status":405}

2026-05-26 15:51:15.113 | ERROR    | app.services.dify_sync_service:_create_document:118 | DifySync: 创建文档失败 book=9 status=405 body={"code":"method_not_allowed","message":"The method is not allowed for the requested URL.","status":405}

2026-05-26 15:51:15.116 | ERROR    | app.services.dify_sync_service:_create_document:118 | DifySync: 创建文档失败 book=9 status=405 body={"code":"method_not_allowed","message":"The method is not allowed for the requested URL.","status":405}

2026-05-26 15:51:15.288 | ERROR    | app.services.dify_sync_service:_create_document:118 | DifySync: 创建文档失败 book=11 status=405 body={"code":"method_not_allowed","message":"The method is not allowed for the requested URL.","status":405}

2026-05-26 15:51:15.493 | ERROR    | app.services.dify_sync_service:_create_document:118 | DifySync: 创建文档失败 book=72 status=405 body={"code":"method_not_allowed","message":"The method is not allowed for the requested URL.","status":405}

2026-05-26 15:51:15.856 | ERROR    | app.services.dify_sync_service:_create_document:118 | DifySync: 创建文档失败 book=39 status=405 body={"code":"method_not_allowed","message":"The method is not allowed for the requested URL.","status":405}

2026-05-26 15:51:15.976 | ERROR    | app.services.dify_sync_service:_create_document:118 | DifySync: 创建文档失败 book=10 status=405 body={"code":"method_not_allowed","message":"The method is not allowed for the requested URL.","status":405}

2026-05-26 15:51:16.201 | ERROR    | app.services.dify_sync_service:_create_document:118 | DifySync: 创建文档失败 book=10 status=405 body={"code":"method_not_allowed","message":"The method is not allowed for the requested URL.","status":405}

2026-05-26 15:51:16.219 | ERROR    | app.services.dify_sync_service:_create_document:118 | DifySync: 创建文档失败 book=12 status=405 body={"code":"method_not_allowed","message":"The method is not allowed for the requested URL.","status":405}

2026-05-26 15:51:16.237 | ERROR    | app.services.dify_sync_service:_create_document:118 | DifySync: 创建文档失败 book=73 status=405 body={"code":"method_not_allowed","message":"The method is not allowed for the requested URL.","status":405}

2026-05-26 15:51:16.581 | ERROR    | app.services.dify_sync_service:_create_document:118 | DifySync: 创建文档失败 book=40 status=405 body={"code":"method_not_allowed","message":"The method is not allowed for the requested URL.","status":405}

2026-05-26 15:51:16.835 | ERROR    | app.services.dify_sync_service:_create_document:118 | DifySync: 创建文档失败 book=13 status=405 body={"code":"method_not_allowed","message":"The method is not allowed for the requested URL.","status":405}

2026-05-26 15:51:16.909 | ERROR    | app.services.dify_sync_service:_create_document:118 | DifySync: 创建文档失败 book=11 status=405 body={"code":"method_not_allowed","message":"The method is not allowed for the requested URL.","status":405}

2026-05-26 15:51:16.995 | ERROR    | app.services.dify_sync_service:_create_document:118 | DifySync: 创建文档失败 book=74 status=405 body={"code":"method_not_allowed","message":"The method is not allowed for the requested URL.","status":405}

2026-05-26 15:51:17.376 | ERROR    | app.services.dify_sync_service:_create_document:118 | DifySync: 创建文档失败 book=41 status=405 body={"code":"method_not_allowed","message":"The method is not allowed for the requested URL.","status":405}

2026-05-26 15:51:17.744 | ERROR    | app.services.dify_sync_service:_create_document:118 | DifySync: 创建文档失败 book=75 status=405 body={"code":"method_not_allowed","message":"The method is not allowed for the requested URL.","status":405}

2026-05-26 15:51:17.820 | ERROR    | app.services.dify_sync_service:_create_document:118 | DifySync: 创建文档失败 book=14 status=405 body={"code":"method_not_allowed","message":"The method is not allowed for the requested URL.","status":405}

2026-05-26 15:51:18.169 | ERROR    | app.services.dify_sync_service:_create_document:118 | DifySync: 创建文档失败 book=42 status=405 body={"code":"method_not_allowed","message":"The method is not allowed for the requested URL.","status":405}

2026-05-26 15:51:18.484 | ERROR    | app.services.dify_sync_service:_create_document:118 | DifySync: 创建文档失败 book=15 status=405 body={"code":"method_not_allowed","message":"The method is not allowed for the requested URL.","status":405}

2026-05-26 15:51:18.977 | ERROR    | app.services.dify_sync_service:_create_document:118 | DifySync: 创建文档失败 book=43 status=405 body={"code":"method_not_allowed","message":"The method is not allowed for the requested URL.","status":405}

2026-05-26 15:51:19.150 | ERROR    | app.services.dify_sync_service:_create_document:118 | DifySync: 创建文档失败 book=12 status=405 body={"code":"method_not_allowed","message":"The method is not allowed for the requested URL.","status":405}

2026-05-26 15:51:19.728 | ERROR    | app.services.dify_sync_service:_create_document:118 | DifySync: 创建文档失败 book=76 status=405 body={"code":"method_not_allowed","message":"The method is not allowed for the requested URL.","status":405}

2026-05-26 15:51:19.868 | ERROR    | app.services.dify_sync_service:_create_document:118 | DifySync: 创建文档失败 book=13 status=405 body={"code":"method_not_allowed","message":"The method is not allowed for the requested URL.","status":405}

2026-05-26 15:51:20.191 | ERROR    | app.services.dify_sync_service:_create_document:118 | DifySync: 创建文档失败 book=44 status=405 body={"code":"method_not_allowed","message":"The method is not allowed for the requested URL.","status":405}

2026-05-26 15:51:20.549 | ERROR    | app.services.dify_sync_service:_create_document:118 | DifySync: 创建文档失败 book=77 status=405 body={"code":"method_not_allowed","message":"The method is not allowed for the requested URL.","status":405}

2026-05-26 15:51:20.674 | ERROR    | app.services.dify_sync_service:_create_document:118 | DifySync: 创建文档失败 book=14 status=405 body={"code":"method_not_allowed","message":"The method is not allowed for the requested URL.","status":405}

2026-05-26 15:51:21.005 | ERROR    | app.services.dify_sync_service:_create_document:118 | DifySync: 创建文档失败 book=45 status=405 body={"code":"method_not_allowed","message":"The method is not allowed for the requested URL.","status":405}

2026-05-26 15:51:21.195 | ERROR    | app.services.dify_sync_service:_create_document:118 | DifySync: 创建文档失败 book=16 status=405 body={"code":"method_not_allowed","message":"The method is not allowed for the requested URL.","status":405}

2026-05-26 15:51:21.398 | ERROR    | app.services.dify_sync_service:_create_document:118 | DifySync: 创建文档失败 book=78 status=405 body={"code":"method_not_allowed","message":"The method is not allowed for the requested URL.","status":405}

2026-05-26 15:51:21.400 | ERROR    | app.services.dify_sync_service:_create_document:118 | DifySync: 创建文档失败 book=15 status=405 body={"code":"method_not_allowed","message":"The method is not allowed for the requested URL.","status":405}

2026-05-26 15:51:21.834 | ERROR    | app.services.dify_sync_service:_create_document:118 | DifySync: 创建文档失败 book=46 status=405 body={"code":"method_not_allowed","message":"The method is not allowed for the requested URL.","status":405}

2026-05-26 15:51:22.251 | ERROR    | app.services.dify_sync_service:_create_document:118 | DifySync: 创建文档失败 book=17 status=405 body={"code":"method_not_allowed","message":"The method is not allowed for the requested URL.","status":405}

2026-05-26 15:51:22.282 | ERROR    | app.services.dify_sync_service:_create_document:118 | DifySync: 创建文档失败 book=16 status=405 body={"code":"method_not_allowed","message":"The method is not allowed for the requested URL.","status":405}

2026-05-26 15:51:22.991 | ERROR    | app.services.dify_sync_service:_create_document:118 | DifySync: 创建文档失败 book=18 status=405 body={"code":"method_not_allowed","message":"The method is not allowed for the requested URL.","status":405}

2026-05-26 15:51:23.093 | ERROR    | app.services.dify_sync_service:_create_document:118 | DifySync: 创建文档失败 book=79 status=405 body={"code":"method_not_allowed","message":"The method is not allowed for the requested URL.","status":405}

2026-05-26 15:51:23.270 | ERROR    | app.services.dify_sync_service:_create_document:118 | DifySync: 创建文档失败 book=47 status=405 body={"code":"method_not_allowed","message":"The method is not allowed for the requested URL.","status":405}

2026-05-26 15:51:23.885 | ERROR    | app.services.dify_sync_service:_create_document:118 | DifySync: 创建文档失败 book=17 status=405 body={"code":"method_not_allowed","message":"The method is not allowed for the requested URL.","status":405}

2026-05-26 15:51:23.937 | ERROR    | app.services.dify_sync_service:_create_document:118 | DifySync: 创建文档失败 book=19 status=405 body={"code":"method_not_allowed","message":"The method is not allowed for the requested URL.","status":405}

2026-05-26 15:51:23.993 | ERROR    | app.services.dify_sync_service:_create_document:118 | DifySync: 创建文档失败 book=80 status=405 body={"code":"method_not_allowed","message":"The method is not allowed for the requested URL.","status":405}

2026-05-26 15:51:24.135 | ERROR    | app.services.dify_sync_service:_create_document:118 | DifySync: 创建文档失败 book=48 status=405 body={"code":"method_not_allowed","message":"The method is not allowed for the requested URL.","status":405}

2026-05-26 15:51:24.529 | ERROR    | app.services.dify_sync_service:_create_document:118 | DifySync: 创建文档失败 book=20 status=405 body={"code":"method_not_allowed","message":"The method is not allowed for the requested URL.","status":405}

2026-05-26 15:51:24.691 | ERROR    | app.services.dify_sync_service:_create_document:118 | DifySync: 创建文档失败 book=81 status=405 body={"code":"method_not_allowed","message":"The method is not allowed for the requested URL.","status":405}

2026-05-26 15:51:24.736 | ERROR    | app.services.dify_sync_service:_create_document:118 | DifySync: 创建文档失败 book=18 status=405 body={"code":"method_not_allowed","message":"The method is not allowed for the requested URL.","status":405}

2026-05-26 15:51:24.891 | ERROR    | app.services.dify_sync_service:_create_document:118 | DifySync: 创建文档失败 book=49 status=405 body={"code":"method_not_allowed","message":"The method is not allowed for the requested URL.","status":405}

2026-05-26 15:51:25.318 | ERROR    | app.services.dify_sync_service:_create_document:118 | DifySync: 创建文档失败 book=21 status=405 body={"code":"method_not_allowed","message":"The method is not allowed for the requested URL.","status":405}

2026-05-26 15:51:25.475 | ERROR    | app.services.dify_sync_service:_create_document:118 | DifySync: 创建文档失败 book=19 status=405 body={"code":"method_not_allowed","message":"The method is not allowed for the requested URL.","status":405}

2026-05-26 15:51:25.760 | ERROR    | app.services.dify_sync_service:_create_document:118 | DifySync: 创建文档失败 book=50 status=405 body={"code":"method_not_allowed","message":"The method is not allowed for the requested URL.","status":405}

2026-05-26 15:51:25.811 | ERROR    | app.services.dify_sync_service:_create_document:118 | DifySync: 创建文档失败 book=82 status=405 body={"code":"method_not_allowed","message":"The method is not allowed for the requested URL.","status":405}

2026-05-26 15:51:26.301 | ERROR    | app.services.dify_sync_service:_create_document:118 | DifySync: 创建文档失败 book=22 status=405 body={"code":"method_not_allowed","message":"The method is not allowed for the requested URL.","status":405}

2026-05-26 15:51:26.600 | ERROR    | app.services.dify_sync_service:_create_document:118 | DifySync: 创建文档失败 book=20 status=405 body={"code":"method_not_allowed","message":"The method is not allowed for the requested URL.","status":405}

2026-05-26 15:51:26.640 | ERROR    | app.services.dify_sync_service:_create_document:118 | DifySync: 创建文档失败 book=51 status=405 body={"code":"method_not_allowed","message":"The method is not allowed for the requested URL.","status":405}

2026-05-26 15:51:26.820 | ERROR    | app.services.dify_sync_service:_create_document:118 | DifySync: 创建文档失败 book=23 status=405 body={"code":"method_not_allowed","message":"The method is not allowed for the requested URL.","status":405}

2026-05-26 15:51:27.423 | ERROR    | app.services.dify_sync_service:_create_document:118 | DifySync: 创建文档失败 book=21 status=405 body={"code":"method_not_allowed","message":"The method is not allowed for the requested URL.","status":405}

2026-05-26 15:51:27.470 | ERROR    | app.services.dify_sync_service:_create_document:118 | DifySync: 创建文档失败 book=83 status=405 body={"code":"method_not_allowed","message":"The method is not allowed for the requested URL.","status":405}

2026-05-26 15:51:27.585 | ERROR    | app.services.dify_sync_service:_create_document:118 | DifySync: 创建文档失败 book=53 status=405 body={"code":"method_not_allowed","message":"The method is not allowed for the requested URL.","status":405}

2026-05-26 15:51:28.306 | ERROR    | app.services.dify_sync_service:_create_document:118 | DifySync: 创建文档失败 book=24 status=405 body={"code":"method_not_allowed","message":"The method is not allowed for the requested URL.","status":405}

2026-05-26 15:51:28.312 | ERROR    | app.services.dify_sync_service:_create_document:118 | DifySync: 创建文档失败 book=84 status=405 body={"code":"method_not_allowed","message":"The method is not allowed for the requested URL.","status":405}

2026-05-26 15:51:28.490 | ERROR    | app.services.dify_sync_service:_create_document:118 | DifySync: 创建文档失败 book=22 status=405 body={"code":"method_not_allowed","message":"The method is not allowed for the requested URL.","status":405}

2026-05-26 15:51:28.615 | ERROR    | app.services.dify_sync_service:_create_document:118 | DifySync: 创建文档失败 book=54 status=405 body={"code":"method_not_allowed","message":"The method is not allowed for the requested URL.","status":405}

2026-05-26 15:51:29.291 | ERROR    | app.services.dify_sync_service:_create_document:118 | DifySync: 创建文档失败 book=23 status=405 body={"code":"method_not_allowed","message":"The method is not allowed for the requested URL.","status":405}

2026-05-26 15:51:29.388 | ERROR    | app.services.dify_sync_service:_create_document:118 | DifySync: 创建文档失败 book=55 status=405 body={"code":"method_not_allowed","message":"The method is not allowed for the requested URL.","status":405}

2026-05-26 15:51:30.008 | ERROR    | app.services.dify_sync_service:_create_document:118 | DifySync: 创建文档失败 book=24 status=405 body={"code":"method_not_allowed","message":"The method is not allowed for the requested URL.","status":405}

2026-05-26 15:51:30.118 | ERROR    | app.services.dify_sync_service:_create_document:118 | DifySync: 创建文档失败 book=25 status=405 body={"code":"method_not_allowed","message":"The method is not allowed for the requested URL.","status":405}

2026-05-26 15:51:30.444 | ERROR    | app.services.dify_sync_service:_create_document:118 | DifySync: 创建文档失败 book=85 status=405 body={"code":"method_not_allowed","message":"The method is not allowed for the requested URL.","status":405}

2026-05-26 15:51:30.485 | ERROR    | app.services.dify_sync_service:_create_document:118 | DifySync: 创建文档失败 book=56 status=405 body={"code":"method_not_allowed","message":"The method is not allowed for the requested URL.","status":405}

2026-05-26 15:51:31.089 | ERROR    | app.services.dify_sync_service:_create_document:118 | DifySync: 创建文档失败 book=25 status=405 body={"code":"method_not_allowed","message":"The method is not allowed for the requested URL.","status":405}

2026-05-26 15:51:31.140 | ERROR    | app.services.dify_sync_service:_create_document:118 | DifySync: 创建文档失败 book=26 status=405 body={"code":"method_not_allowed","message":"The method is not allowed for the requested URL.","status":405}

2026-05-26 15:51:31.280 | ERROR    | app.services.dify_sync_service:_create_document:118 | DifySync: 创建文档失败 book=57 status=405 body={"code":"method_not_allowed","message":"The method is not allowed for the requested URL.","status":405}

2026-05-26 15:51:31.462 | ERROR    | app.services.dify_sync_service:_create_document:118 | DifySync: 创建文档失败 book=86 status=405 body={"code":"method_not_allowed","message":"The method is not allowed for the requested URL.","status":405}

2026-05-26 15:51:31.938 | ERROR    | app.services.dify_sync_service:_create_document:118 | DifySync: 创建文档失败 book=26 status=405 body={"code":"method_not_allowed","message":"The method is not allowed for the requested URL.","status":405}

2026-05-26 15:51:32.052 | ERROR    | app.services.dify_sync_service:_create_document:118 | DifySync: 创建文档失败 book=61 status=405 body={"code":"method_not_allowed","message":"The method is not allowed for the requested URL.","status":405}

2026-05-26 15:51:32.823 | ERROR    | app.services.dify_sync_service:_create_document:118 | DifySync: 创建文档失败 book=62 status=405 body={"code":"method_not_allowed","message":"The method is not allowed for the requested URL.","status":405}

2026-05-26 15:51:32.887 | ERROR    | app.services.dify_sync_service:_create_document:118 | DifySync: 创建文档失败 book=87 status=405 body={"code":"method_not_allowed","message":"The method is not allowed for the requested URL.","status":405}

2026-05-26 15:51:33.619 | ERROR    | app.services.dify_sync_service:_create_document:118 | DifySync: 创建文档失败 book=88 status=405 body={"code":"method_not_allowed","message":"The method is not allowed for the requested URL.","status":405}

2026-05-26 15:51:33.621 | ERROR    | app.services.dify_sync_service:_create_document:118 | DifySync: 创建文档失败 book=63 status=405 body={"code":"method_not_allowed","message":"The method is not allowed for the requested URL.","status":405}

2026-05-26 15:51:33.843 | ERROR    | app.services.dify_sync_service:_create_document:118 | DifySync: 创建文档失败 book=27 status=405 body={"code":"method_not_allowed","message":"The method is not allowed for the requested URL.","status":405}

2026-05-26 15:51:34.458 | ERROR    | app.services.dify_sync_service:_create_document:118 | DifySync: 创建文档失败 book=89 status=405 body={"code":"method_not_allowed","message":"The method is not allowed for the requested URL.","status":405}

2026-05-26 15:51:34.527 | ERROR    | app.services.dify_sync_service:_create_document:118 | DifySync: 创建文档失败 book=64 status=405 body={"code":"method_not_allowed","message":"The method is not allowed for the requested URL.","status":405}

2026-05-26 15:51:34.635 | ERROR    | app.services.dify_sync_service:_create_document:118 | DifySync: 创建文档失败 book=27 status=405 body={"code":"method_not_allowed","message":"The method is not allowed for the requested URL.","status":405}

2026-05-26 15:51:34.890 | ERROR    | app.services.dify_sync_service:_create_document:118 | DifySync: 创建文档失败 book=28 status=405 body={"code":"method_not_allowed","message":"The method is not allowed for the requested URL.","status":405}

2026-05-26 15:51:35.324 | ERROR    | app.services.dify_sync_service:_create_document:118 | DifySync: 创建文档失败 book=65 status=405 body={"code":"method_not_allowed","message":"The method is not allowed for the requested URL.","status":405}

2026-05-26 15:51:35.614 | ERROR    | app.services.dify_sync_service:_create_document:118 | DifySync: 创建文档失败 book=29 status=405 body={"code":"method_not_allowed","message":"The method is not allowed for the requested URL.","status":405}

2026-05-26 15:51:35.861 | ERROR    | app.services.dify_sync_service:_create_document:118 | DifySync: 创建文档失败 book=29 status=405 body={"code":"method_not_allowed","message":"The method is not allowed for the requested URL.","status":405}

2026-05-26 15:51:35.864 | ERROR    | app.services.dify_sync_service:_create_document:118 | DifySync: 创建文档失败 book=28 status=405 body={"code":"method_not_allowed","message":"The method is not allowed for the requested URL.","status":405}

2026-05-26 15:51:35.988 | ERROR    | app.services.dify_sync_service:_create_document:118 | DifySync: 创建文档失败 book=90 status=405 body={"code":"method_not_allowed","message":"The method is not allowed for the requested URL.","status":405}

2026-05-26 15:51:36.175 | ERROR    | app.services.dify_sync_service:_create_document:118 | DifySync: 创建文档失败 book=66 status=405 body={"code":"method_not_allowed","message":"The method is not allowed for the requested URL.","status":405}

2026-05-26 15:51:36.883 | ERROR    | app.services.dify_sync_service:_create_document:118 | DifySync: 创建文档失败 book=91 status=405 body={"code":"method_not_allowed","message":"The method is not allowed for the requested URL.","status":405}

2026-05-26 15:51:36.958 | ERROR    | app.services.dify_sync_service:_create_document:118 | DifySync: 创建文档失败 book=67 status=405 body={"code":"method_not_allowed","message":"The method is not allowed for the requested URL.","status":405}

2026-05-26 15:51:36.959 | ERROR    | app.services.dify_sync_service:_create_document:118 | DifySync: 创建文档失败 book=30 status=405 body={"code":"method_not_allowed","message":"The method is not allowed for the requested URL.","status":405}

2026-05-26 15:51:37.370 | ERROR    | app.services.dify_sync_service:_create_document:118 | DifySync: 创建文档失败 book=1 status=405 body={"code":"method_not_allowed","message":"The method is not allowed for the requested URL.","status":405}

2026-05-26 15:51:37.610 | ERROR    | app.services.dify_sync_service:_create_document:118 | DifySync: 创建文档失败 book=30 status=405 body={"code":"method_not_allowed","message":"The method is not allowed for the requested URL.","status":405}

2026-05-26 15:51:37.808 | ERROR    | app.services.dify_sync_service:_create_document:118 | DifySync: 创建文档失败 book=92 status=405 body={"code":"method_not_allowed","message":"The method is not allowed for the requested URL.","status":405}

2026-05-26 15:51:37.886 | ERROR    | app.services.dify_sync_service:_create_document:118 | DifySync: 创建文档失败 book=68 status=405 body={"code":"method_not_allowed","message":"The method is not allowed for the requested URL.","status":405}

2026-05-26 15:51:38.563 | ERROR    | app.services.dify_sync_service:_create_document:118 | DifySync: 创建文档失败 book=93 status=405 body={"code":"method_not_allowed","message":"The method is not allowed for the requested URL.","status":405}

2026-05-26 15:51:38.667 | ERROR    | app.services.dify_sync_service:_create_document:118 | DifySync: 创建文档失败 book=31 status=405 body={"code":"method_not_allowed","message":"The method is not allowed for the requested URL.","status":405}

2026-05-26 15:51:38.817 | ERROR    | app.services.dify_sync_service:_create_document:118 | DifySync: 创建文档失败 book=3 status=405 body={"code":"method_not_allowed","message":"The method is not allowed for the requested URL.","status":405}

2026-05-26 15:51:38.940 | ERROR    | app.services.dify_sync_service:_create_document:118 | DifySync: 创建文档失败 book=31 status=405 body={"code":"method_not_allowed","message":"The method is not allowed for the requested URL.","status":405}

2026-05-26 15:51:39.340 | ERROR    | app.services.dify_sync_service:_create_document:118 | DifySync: 创建文档失败 book=32 status=405 body={"code":"method_not_allowed","message":"The method is not allowed for the requested URL.","status":405}

2026-05-26 15:51:39.532 | ERROR    | app.services.dify_sync_service:_create_document:118 | DifySync: 创建文档失败 book=2 status=405 body={"code":"method_not_allowed","message":"The method is not allowed for the requested URL.","status":405}

2026-05-26 15:51:39.541 | ERROR    | app.services.dify_sync_service:_create_document:118 | DifySync: 创建文档失败 book=69 status=405 body={"code":"method_not_allowed","message":"The method is not allowed for the requested URL.","status":405}

2026-05-26 15:51:39.747 | ERROR    | app.services.dify_sync_service:_create_document:118 | DifySync: 创建文档失败 book=32 status=405 body={"code":"method_not_allowed","message":"The method is not allowed for the requested URL.","status":405}

2026-05-26 15:51:40.099 | ERROR    | app.services.dify_sync_service:_create_document:118 | DifySync: 创建文档失败 book=94 status=405 body={"code":"method_not_allowed","message":"The method is not allowed for the requested URL.","status":405}

2026-05-26 15:51:40.255 | ERROR    | app.services.dify_sync_service:_create_document:118 | DifySync: 创建文档失败 book=4 status=405 body={"code":"method_not_allowed","message":"The method is not allowed for the requested URL.","status":405}

2026-05-26 15:51:40.339 | ERROR    | app.services.dify_sync_service:_create_document:118 | DifySync: 创建文档失败 book=70 status=405 body={"code":"method_not_allowed","message":"The method is not allowed for the requested URL.","status":405}

2026-05-26 15:51:40.483 | ERROR    | app.services.dify_sync_service:_create_document:118 | DifySync: 创建文档失败 book=33 status=405 body={"code":"method_not_allowed","message":"The method is not allowed for the requested URL.","status":405}

2026-05-26 15:51:40.701 | ERROR    | app.services.dify_sync_service:_create_document:118 | DifySync: 创建文档失败 book=33 status=405 body={"code":"method_not_allowed","message":"The method is not allowed for the requested URL.","status":405}

2026-05-26 15:51:40.935 | ERROR    | app.services.dify_sync_service:_create_document:118 | DifySync: 创建文档失败 book=95 status=405 body={"code":"method_not_allowed","message":"The method is not allowed for the requested URL.","status":405}

2026-05-26 15:51:41.305 | ERROR    | app.services.dify_sync_service:_create_document:118 | DifySync: 创建文档失败 book=34 status=405 body={"code":"method_not_allowed","message":"The method is not allowed for the requested URL.","status":405}

2026-05-26 15:51:41.767 | ERROR    | app.services.dify_sync_service:_create_document:118 | DifySync: 创建文档失败 book=96 status=405 body={"code":"method_not_allowed","message":"The method is not allowed for the requested URL.","status":405}

2026-05-26 15:51:41.937 | ERROR    | app.services.dify_sync_service:_create_document:118 | DifySync: 创建文档失败 book=5 status=405 body={"code":"method_not_allowed","message":"The method is not allowed for the requested URL.","status":405}

2026-05-26 15:51:41.985 | ERROR    | app.services.dify_sync_service:_create_document:118 | DifySync: 创建文档失败 book=71 status=405 body={"code":"method_not_allowed","message":"The method is not allowed for the requested URL.","status":405}

2026-05-26 15:51:42.353 | ERROR    | app.services.dify_sync_service:_create_document:118 | DifySync: 创建文档失败 book=35 status=405 body={"code":"method_not_allowed","message":"The method is not allowed for the requested URL.","status":405}

2026-05-26 15:51:42.481 | ERROR    | app.services.dify_sync_service:_create_document:118 | DifySync: 创建文档失败 book=6 status=405 body={"code":"method_not_allowed","message":"The method is not allowed for the requested URL.","status":405}

2026-05-26 15:51:42.559 | ERROR    | app.services.dify_sync_service:_create_document:118 | DifySync: 创建文档失败 book=97 status=405 body={"code":"method_not_allowed","message":"The method is not allowed for the requested URL.","status":405}

2026-05-26 15:51:42.964 | ERROR    | app.services.dify_sync_service:_create_document:118 | DifySync: 创建文档失败 book=35 status=405 body={"code":"method_not_allowed","message":"The method is not allowed for the requested URL.","status":405}

2026-05-26 15:51:42.975 | ERROR    | app.services.dify_sync_service:_create_document:118 | DifySync: 创建文档失败 book=7 status=405 body={"code":"method_not_allowed","message":"The method is not allowed for the requested URL.","status":405}

2026-05-26 15:51:43.087 | ERROR    | app.services.dify_sync_service:_create_document:118 | DifySync: 创建文档失败 book=36 status=405 body={"code":"method_not_allowed","message":"The method is not allowed for the requested URL.","status":405}

2026-05-26 15:51:43.139 | ERROR    | app.services.dify_sync_service:_create_document:118 | DifySync: 创建文档失败 book=72 status=405 body={"code":"method_not_allowed","message":"The method is not allowed for the requested URL.","status":405}

2026-05-26 15:51:43.293 | ERROR    | app.services.dify_sync_service:_create_document:118 | DifySync: 创建文档失败 book=98 status=405 body={"code":"method_not_allowed","message":"The method is not allowed for the requested URL.","status":405}

2026-05-26 15:51:43.338 | ERROR    | app.services.dify_sync_service:_create_document:118 | DifySync: 创建文档失败 book=34 status=405 body={"code":"method_not_allowed","message":"The method is not allowed for the requested URL.","status":405}

2026-05-26 15:51:43.517 | ERROR    | app.services.dify_sync_service:_create_document:118 | DifySync: 创建文档失败 book=9 status=405 body={"code":"method_not_allowed","message":"The method is not allowed for the requested URL.","status":405}

2026-05-26 15:51:43.970 | ERROR    | app.services.dify_sync_service:_create_document:118 | DifySync: 创建文档失败 book=37 status=405 body={"code":"method_not_allowed","message":"The method is not allowed for the requested URL.","status":405}

2026-05-26 15:51:44.020 | ERROR    | app.services.dify_sync_service:_create_document:118 | DifySync: 创建文档失败 book=73 status=405 body={"code":"method_not_allowed","message":"The method is not allowed for the requested URL.","status":405}

2026-05-26 15:51:44.083 | ERROR    | app.services.dify_sync_service:_create_document:118 | DifySync: 创建文档失败 book=99 status=405 body={"code":"method_not_allowed","message":"The method is not allowed for the requested URL.","status":405}

2026-05-26 15:51:44.299 | ERROR    | app.services.dify_sync_service:_create_document:118 | DifySync: 创建文档失败 book=10 status=405 body={"code":"method_not_allowed","message":"The method is not allowed for the requested URL.","status":405}

2026-05-26 15:51:44.675 | ERROR    | app.services.dify_sync_service:_create_document:118 | DifySync: 创建文档失败 book=36 status=405 body={"code":"method_not_allowed","message":"The method is not allowed for the requested URL.","status":405}

2026-05-26 15:51:44.892 | ERROR    | app.services.dify_sync_service:_create_document:118 | DifySync: 创建文档失败 book=38 status=405 body={"code":"method_not_allowed","message":"The method is not allowed for the requested URL.","status":405}

2026-05-26 15:51:45.244 | ERROR    | app.services.dify_sync_service:_create_document:118 | DifySync: 创建文档失败 book=11 status=405 body={"code":"method_not_allowed","message":"The method is not allowed for the requested URL.","status":405}

2026-05-26 15:51:45.559 | ERROR    | app.services.dify_sync_service:_create_document:118 | DifySync: 创建文档失败 book=100 status=405 body={"code":"method_not_allowed","message":"The method is not allowed for the requested URL.","status":405}

2026-05-26 15:51:45.716 | ERROR    | app.services.dify_sync_service:_create_document:118 | DifySync: 创建文档失败 book=37 status=405 body={"code":"method_not_allowed","message":"The method is not allowed for the requested URL.","status":405}

2026-05-26 15:51:45.721 | ERROR    | app.services.dify_sync_service:_create_document:118 | DifySync: 创建文档失败 book=39 status=405 body={"code":"method_not_allowed","message":"The method is not allowed for the requested URL.","status":405}

2026-05-26 15:51:46.163 | ERROR    | app.services.dify_sync_service:_create_document:118 | DifySync: 创建文档失败 book=12 status=405 body={"code":"method_not_allowed","message":"The method is not allowed for the requested URL.","status":405}

2026-05-26 15:51:46.503 | ERROR    | app.services.dify_sync_service:_create_document:118 | DifySync: 创建文档失败 book=101 status=405 body={"code":"method_not_allowed","message":"The method is not allowed for the requested URL.","status":405}

2026-05-26 15:51:46.549 | ERROR    | app.services.dify_sync_service:_create_document:118 | DifySync: 创建文档失败 book=40 status=405 body={"code":"method_not_allowed","message":"The method is not allowed for the requested URL.","status":405}

2026-05-26 15:51:46.633 | ERROR    | app.services.dify_sync_service:_create_document:118 | DifySync: 创建文档失败 book=13 status=405 body={"code":"method_not_allowed","message":"The method is not allowed for the requested URL.","status":405}

2026-05-26 15:51:46.640 | ERROR    | app.services.dify_sync_service:_create_document:118 | DifySync: 创建文档失败 book=74 status=405 body={"code":"method_not_allowed","message":"The method is not allowed for the requested URL.","status":405}

2026-05-26 15:51:46.641 | ERROR    | app.services.dify_sync_service:_create_document:118 | DifySync: 创建文档失败 book=38 status=405 body={"code":"method_not_allowed","message":"The method is not allowed for the requested URL.","status":405}

2026-05-26 15:51:47.408 | ERROR    | app.services.dify_sync_service:_create_document:118 | DifySync: 创建文档失败 book=14 status=405 body={"code":"method_not_allowed","message":"The method is not allowed for the requested URL.","status":405}

2026-05-26 15:51:47.474 | ERROR    | app.services.dify_sync_service:_create_document:118 | DifySync: 创建文档失败 book=39 status=405 body={"code":"method_not_allowed","message":"The method is not allowed for the requested URL.","status":405}

2026-05-26 15:51:47.516 | ERROR    | app.services.dify_sync_service:_create_document:118 | DifySync: 创建文档失败 book=41 status=405 body={"code":"method_not_allowed","message":"The method is not allowed for the requested URL.","status":405}

2026-05-26 15:51:47.618 | ERROR    | app.services.dify_sync_service:_create_document:118 | DifySync: 创建文档失败 book=102 status=405 body={"code":"method_not_allowed","message":"The method is not allowed for the requested URL.","status":405}

2026-05-26 15:51:48.146 | ERROR    | app.services.dify_sync_service:_create_document:118 | DifySync: 创建文档失败 book=75 status=405 body={"code":"method_not_allowed","message":"The method is not allowed for the requested URL.","status":405}

2026-05-26 15:51:48.974 | ERROR    | app.services.dify_sync_service:_create_document:118 | DifySync: 创建文档失败 book=76 status=405 body={"code":"method_not_allowed","message":"The method is not allowed for the requested URL.","status":405}

2026-05-26 15:51:49.084 | ERROR    | app.services.dify_sync_service:_create_document:118 | DifySync: 创建文档失败 book=42 status=405 body={"code":"method_not_allowed","message":"The method is not allowed for the requested URL.","status":405}

2026-05-26 15:51:49.225 | ERROR    | app.services.dify_sync_service:_create_document:118 | DifySync: 创建文档失败 book=15 status=405 body={"code":"method_not_allowed","message":"The method is not allowed for the requested URL.","status":405}

2026-05-26 15:51:49.245 | ERROR    | app.services.dify_sync_service:_create_document:118 | DifySync: 创建文档失败 book=41 status=405 body={"code":"method_not_allowed","message":"The method is not allowed for the requested URL.","status":405}

2026-05-26 15:51:49.656 | ERROR    | app.services.dify_sync_service:_create_document:118 | DifySync: 创建文档失败 book=40 status=405 body={"code":"method_not_allowed","message":"The method is not allowed for the requested URL.","status":405}

2026-05-26 15:51:49.758 | ERROR    | app.services.dify_sync_service:_create_document:118 | DifySync: 创建文档失败 book=103 status=405 body={"code":"method_not_allowed","message":"The method is not allowed for the requested URL.","status":405}

2026-05-26 15:51:49.960 | ERROR    | app.services.dify_sync_service:_create_document:118 | DifySync: 创建文档失败 book=43 status=405 body={"code":"method_not_allowed","message":"The method is not allowed for the requested URL.","status":405}

2026-05-26 15:51:50.431 | ERROR    | app.services.dify_sync_service:_create_document:118 | DifySync: 创建文档失败 book=77 status=405 body={"code":"method_not_allowed","message":"The method is not allowed for the requested URL.","status":405}

2026-05-26 15:51:50.478 | ERROR    | app.services.dify_sync_service:_create_document:118 | DifySync: 创建文档失败 book=104 status=405 body={"code":"method_not_allowed","message":"The method is not allowed for the requested URL.","status":405}

2026-05-26 15:51:50.777 | ERROR    | app.services.dify_sync_service:_create_document:118 | DifySync: 创建文档失败 book=44 status=405 body={"code":"method_not_allowed","message":"The method is not allowed for the requested URL.","status":405}

2026-05-26 15:51:51.040 | ERROR    | app.services.dify_sync_service:_create_document:118 | DifySync: 创建文档失败 book=42 status=405 body={"code":"method_not_allowed","message":"The method is not allowed for the requested URL.","status":405}

2026-05-26 15:51:51.130 | ERROR    | app.services.dify_sync_service:_create_document:118 | DifySync: 创建文档失败 book=78 status=405 body={"code":"method_not_allowed","message":"The method is not allowed for the requested URL.","status":405}

2026-05-26 15:51:51.369 | ERROR    | app.services.dify_sync_service:_create_document:118 | DifySync: 创建文档失败 book=105 status=405 body={"code":"method_not_allowed","message":"The method is not allowed for the requested URL.","status":405}

2026-05-26 15:51:51.741 | ERROR    | app.services.dify_sync_service:_create_document:118 | DifySync: 创建文档失败 book=45 status=405 body={"code":"method_not_allowed","message":"The method is not allowed for the requested URL.","status":405}

2026-05-26 15:51:51.819 | ERROR    | app.services.dify_sync_service:_create_document:118 | DifySync: 创建文档失败 book=44 status=405 body={"code":"method_not_allowed","message":"The method is not allowed for the requested URL.","status":405}

2026-05-26 15:51:52.033 | ERROR    | app.services.dify_sync_service:_create_document:118 | DifySync: 创建文档失败 book=17 status=405 body={"code":"method_not_allowed","message":"The method is not allowed for the requested URL.","status":405}

2026-05-26 15:51:52.159 | ERROR    | app.services.dify_sync_service:_create_document:118 | DifySync: 创建文档失败 book=106 status=405 body={"code":"method_not_allowed","message":"The method is not allowed for the requested URL.","status":405}

2026-05-26 15:51:52.759 | ERROR    | app.services.dify_sync_service:_create_document:118 | DifySync: 创建文档失败 book=16 status=405 body={"code":"method_not_allowed","message":"The method is not allowed for the requested URL.","status":405}

2026-05-26 15:51:52.782 | ERROR    | app.services.dify_sync_service:_create_document:118 | DifySync: 创建文档失败 book=46 status=405 body={"code":"method_not_allowed","message":"The method is not allowed for the requested URL.","status":405}

2026-05-26 15:51:52.832 | ERROR    | app.services.dify_sync_service:_create_document:118 | DifySync: 创建文档失败 book=79 status=405 body={"code":"method_not_allowed","message":"The method is not allowed for the requested URL.","status":405}

2026-05-26 15:51:53.002 | ERROR    | app.services.dify_sync_service:_create_document:118 | DifySync: 创建文档失败 book=18 status=405 body={"code":"method_not_allowed","message":"The method is not allowed for the requested URL.","status":405}

2026-05-26 15:51:53.116 | ERROR    | app.services.dify_sync_service:_create_document:118 | DifySync: 创建文档失败 book=45 status=405 body={"code":"method_not_allowed","message":"The method is not allowed for the requested URL.","status":405}

2026-05-26 15:51:53.461 | ERROR    | app.services.dify_sync_service:_create_document:118 | DifySync: 创建文档失败 book=107 status=405 body={"code":"method_not_allowed","message":"The method is not allowed for the requested URL.","status":405}

2026-05-26 15:51:53.594 | ERROR    | app.services.dify_sync_service:_create_document:118 | DifySync: 创建文档失败 book=80 status=405 body={"code":"method_not_allowed","message":"The method is not allowed for the requested URL.","status":405}

2026-05-26 15:51:53.842 | ERROR    | app.services.dify_sync_service:_create_document:118 | DifySync: 创建文档失败 book=46 status=405 body={"code":"method_not_allowed","message":"The method is not allowed for the requested URL.","status":405}

2026-05-26 15:51:53.848 | ERROR    | app.services.dify_sync_service:_create_document:118 | DifySync: 创建文档失败 book=19 status=405 body={"code":"method_not_allowed","message":"The method is not allowed for the requested URL.","status":405}

2026-05-26 15:51:53.993 | ERROR    | app.services.dify_sync_service:_create_document:118 | DifySync: 创建文档失败 book=43 status=405 body={"code":"method_not_allowed","message":"The method is not allowed for the requested URL.","status":405}

2026-05-26 15:51:54.293 | ERROR    | app.services.dify_sync_service:_create_document:118 | DifySync: 创建文档失败 book=47 status=405 body={"code":"method_not_allowed","message":"The method is not allowed for the requested URL.","status":405}

2026-05-26 15:51:54.369 | ERROR    | app.services.dify_sync_service:_create_document:118 | DifySync: 创建文档失败 book=81 status=405 body={"code":"method_not_allowed","message":"The method is not allowed for the requested URL.","status":405}

2026-05-26 15:51:54.651 | ERROR    | app.services.dify_sync_service:_create_document:118 | DifySync: 创建文档失败 book=47 status=405 body={"code":"method_not_allowed","message":"The method is not allowed for the requested URL.","status":405}

2026-05-26 15:51:54.954 | ERROR    | app.services.dify_sync_service:_create_document:118 | DifySync: 创建文档失败 book=20 status=405 body={"code":"method_not_allowed","message":"The method is not allowed for the requested URL.","status":405}

2026-05-26 15:51:55.039 | ERROR    | app.services.dify_sync_service:_create_document:118 | DifySync: 创建文档失败 book=48 status=405 body={"code":"method_not_allowed","message":"The method is not allowed for the requested URL.","status":405}

2026-05-26 15:51:55.482 | ERROR    | app.services.dify_sync_service:_create_document:118 | DifySync: 创建文档失败 book=82 status=405 body={"code":"method_not_allowed","message":"The method is not allowed for the requested URL.","status":405}

2026-05-26 15:51:55.822 | ERROR    | app.services.dify_sync_service:_create_document:118 | DifySync: 创建文档失败 book=49 status=405 body={"code":"method_not_allowed","message":"The method is not allowed for the requested URL.","status":405}

2026-05-26 15:51:56.291 | ERROR    | app.services.dify_sync_service:_create_document:118 | DifySync: 创建文档失败 book=83 status=405 body={"code":"method_not_allowed","message":"The method is not allowed for the requested URL.","status":405}

2026-05-26 15:51:56.824 | ERROR    | app.services.dify_sync_service:_create_document:118 | DifySync: 创建文档失败 book=21 status=405 body={"code":"method_not_allowed","message":"The method is not allowed for the requested URL.","status":405}

2026-05-26 15:51:56.857 | ERROR    | app.services.dify_sync_service:_create_document:118 | DifySync: 创建文档失败 book=50 status=405 body={"code":"method_not_allowed","message":"The method is not allowed for the requested URL.","status":405}

2026-05-26 15:51:57.026 | ERROR    | app.services.dify_sync_service:_create_document:118 | DifySync: 创建文档失败 book=84 status=405 body={"code":"method_not_allowed","message":"The method is not allowed for the requested URL.","status":405}

2026-05-26 15:51:57.730 | ERROR    | app.services.dify_sync_service:_create_document:118 | DifySync: 创建文档失败 book=85 status=405 body={"code":"method_not_allowed","message":"The method is not allowed for the requested URL.","status":405}

2026-05-26 15:51:57.843 | ERROR    | app.services.dify_sync_service:_create_document:118 | DifySync: 创建文档失败 book=51 status=405 body={"code":"method_not_allowed","message":"The method is not allowed for the requested URL.","status":405}

2026-05-26 15:51:57.958 | ERROR    | app.services.dify_sync_service:_create_document:118 | DifySync: 创建文档失败 book=49 status=405 body={"code":"method_not_allowed","message":"The method is not allowed for the requested URL.","status":405}

2026-05-26 15:51:58.517 | ERROR    | app.services.dify_sync_service:_create_document:118 | DifySync: 创建文档失败 book=86 status=405 body={"code":"method_not_allowed","message":"The method is not allowed for the requested URL.","status":405}

2026-05-26 15:51:58.863 | ERROR    | app.services.dify_sync_service:_create_document:118 | DifySync: 创建文档失败 book=53 status=405 body={"code":"method_not_allowed","message":"The method is not allowed for the requested URL.","status":405}

2026-05-26 15:51:59.221 | ERROR    | app.services.dify_sync_service:_create_document:118 | DifySync: 创建文档失败 book=50 status=405 body={"code":"method_not_allowed","message":"The method is not allowed for the requested URL.","status":405}

2026-05-26 15:51:59.603 | ERROR    | app.services.dify_sync_service:_create_document:118 | DifySync: 创建文档失败 book=48 status=405 body={"code":"method_not_allowed","message":"The method is not allowed for the requested URL.","status":405}

2026-05-26 15:51:59.651 | ERROR    | app.services.dify_sync_service:_create_document:118 | DifySync: 创建文档失败 book=54 status=405 body={"code":"method_not_allowed","message":"The method is not allowed for the requested URL.","status":405}

2026-05-26 15:51:59.802 | ERROR    | app.services.dify_sync_service:_create_document:118 | DifySync: 创建文档失败 book=51 status=405 body={"code":"method_not_allowed","message":"The method is not allowed for the requested URL.","status":405}

2026-05-26 15:51:59.812 | ERROR    | app.services.dify_sync_service:_create_document:118 | DifySync: 创建文档失败 book=87 status=405 body={"code":"method_not_allowed","message":"The method is not allowed for the requested URL.","status":405}

2026-05-26 15:51:59.984 | ERROR    | app.services.dify_sync_service:_create_document:118 | DifySync: 创建文档失败 book=22 status=405 body={"code":"method_not_allowed","message":"The method is not allowed for the requested URL.","status":405}

2026-05-26 15:52:00.211 | ERROR    | app.services.dify_sync_service:_create_document:118 | DifySync: 创建文档失败 book=23 status=405 body={"code":"method_not_allowed","message":"The method is not allowed for the requested URL.","status":405}

2026-05-26 15:52:00.349 | ERROR    | app.services.dify_sync_service:_create_document:118 | DifySync: 创建文档失败 book=53 status=405 body={"code":"method_not_allowed","message":"The method is not allowed for the requested URL.","status":405}

2026-05-26 15:52:00.496 | ERROR    | app.services.dify_sync_service:_create_document:118 | DifySync: 创建文档失败 book=55 status=405 body={"code":"method_not_allowed","message":"The method is not allowed for the requested URL.","status":405}

2026-05-26 15:52:00.703 | ERROR    | app.services.dify_sync_service:_create_document:118 | DifySync: 创建文档失败 book=88 status=405 body={"code":"method_not_allowed","message":"The method is not allowed for the requested URL.","status":405}

2026-05-26 15:52:01.137 | ERROR    | app.services.dify_sync_service:_create_document:118 | DifySync: 创建文档失败 book=54 status=405 body={"code":"method_not_allowed","message":"The method is not allowed for the requested URL.","status":405}

2026-05-26 15:52:01.479 | ERROR    | app.services.dify_sync_service:_create_document:118 | DifySync: 创建文档失败 book=89 status=405 body={"code":"method_not_allowed","message":"The method is not allowed for the requested URL.","status":405}

2026-05-26 15:52:01.651 | ERROR    | app.services.dify_sync_service:_create_document:118 | DifySync: 创建文档失败 book=24 status=405 body={"code":"method_not_allowed","message":"The method is not allowed for the requested URL.","status":405}

2026-05-26 15:52:02.169 | ERROR    | app.services.dify_sync_service:_create_document:118 | DifySync: 创建文档失败 book=25 status=405 body={"code":"method_not_allowed","message":"The method is not allowed for the requested URL.","status":405}

2026-05-26 15:52:02.178 | ERROR    | app.services.dify_sync_service:_create_document:118 | DifySync: 创建文档失败 book=90 status=405 body={"code":"method_not_allowed","message":"The method is not allowed for the requested URL.","status":405}

2026-05-26 15:52:02.213 | ERROR    | app.services.dify_sync_service:_create_document:118 | DifySync: 创建文档失败 book=56 status=405 body={"code":"method_not_allowed","message":"The method is not allowed for the requested URL.","status":405}

2026-05-26 15:52:02.796 | ERROR    | app.services.dify_sync_service:_create_document:118 | DifySync: 创建文档失败 book=56 status=405 body={"code":"method_not_allowed","message":"The method is not allowed for the requested URL.","status":405}

2026-05-26 15:52:02.818 | ERROR    | app.services.dify_sync_service:_create_document:118 | DifySync: 创建文档失败 book=55 status=405 body={"code":"method_not_allowed","message":"The method is not allowed for the requested URL.","status":405}

2026-05-26 15:52:02.889 | ERROR    | app.services.dify_sync_service:_create_document:118 | DifySync: 创建文档失败 book=91 status=405 body={"code":"method_not_allowed","message":"The method is not allowed for the requested URL.","status":405}

2026-05-26 15:52:03.666 | ERROR    | app.services.dify_sync_service:_create_document:118 | DifySync: 创建文档失败 book=57 status=405 body={"code":"method_not_allowed","message":"The method is not allowed for the requested URL.","status":405}

2026-05-26 15:52:04.330 | ERROR    | app.services.dify_sync_service:_create_document:118 | DifySync: 创建文档失败 book=26 status=405 body={"code":"method_not_allowed","message":"The method is not allowed for the requested URL.","status":405}

2026-05-26 15:52:04.481 | ERROR    | app.services.dify_sync_service:_create_document:118 | DifySync: 创建文档失败 book=57 status=405 body={"code":"method_not_allowed","message":"The method is not allowed for the requested URL.","status":405}

2026-05-26 15:52:04.723 | ERROR    | app.services.dify_sync_service:_create_document:118 | DifySync: 创建文档失败 book=92 status=405 body={"code":"method_not_allowed","message":"The method is not allowed for the requested URL.","status":405}

2026-05-26 15:52:05.249 | ERROR    | app.services.dify_sync_service:_create_document:118 | DifySync: 创建文档失败 book=61 status=405 body={"code":"method_not_allowed","message":"The method is not allowed for the requested URL.","status":405}

2026-05-26 15:52:05.349 | ERROR    | app.services.dify_sync_service:_create_document:118 | DifySync: 创建文档失败 book=61 status=405 body={"code":"method_not_allowed","message":"The method is not allowed for the requested URL.","status":405}

2026-05-26 15:52:05.496 | ERROR    | app.services.dify_sync_service:_create_document:118 | DifySync: 创建文档失败 book=27 status=405 body={"code":"method_not_allowed","message":"The method is not allowed for the requested URL.","status":405}

2026-05-26 15:52:05.996 | ERROR    | app.services.dify_sync_service:_create_document:118 | DifySync: 创建文档失败 book=62 status=405 body={"code":"method_not_allowed","message":"The method is not allowed for the requested URL.","status":405}

2026-05-26 15:52:06.032 | ERROR    | app.services.dify_sync_service:_create_document:118 | DifySync: 创建文档失败 book=28 status=405 body={"code":"method_not_allowed","message":"The method is not allowed for the requested URL.","status":405}

2026-05-26 15:52:06.311 | ERROR    | app.services.dify_sync_service:_create_document:118 | DifySync: 创建文档失败 book=93 status=405 body={"code":"method_not_allowed","message":"The method is not allowed for the requested URL.","status":405}

2026-05-26 15:52:06.437 | ERROR    | app.services.dify_sync_service:_create_document:118 | DifySync: 创建文档失败 book=62 status=405 body={"code":"method_not_allowed","message":"The method is not allowed for the requested URL.","status":405}

2026-05-26 15:52:06.697 | ERROR    | app.services.dify_sync_service:_create_document:118 | DifySync: 创建文档失败 book=29 status=405 body={"code":"method_not_allowed","message":"The method is not allowed for the requested URL.","status":405}

2026-05-26 15:52:07.186 | ERROR    | app.services.dify_sync_service:_create_document:118 | DifySync: 创建文档失败 book=63 status=405 body={"code":"method_not_allowed","message":"The method is not allowed for the requested URL.","status":405}

2026-05-26 15:52:07.529 | ERROR    | app.services.dify_sync_service:_create_document:118 | DifySync: 创建文档失败 book=94 status=405 body={"code":"method_not_allowed","message":"The method is not allowed for the requested URL.","status":405}

2026-05-26 15:52:07.751 | ERROR    | app.services.dify_sync_service:_create_document:118 | DifySync: 创建文档失败 book=63 status=405 body={"code":"method_not_allowed","message":"The method is not allowed for the requested URL.","status":405}

2026-05-26 15:52:08.229 | ERROR    | app.services.dify_sync_service:_create_document:118 | DifySync: 创建文档失败 book=95 status=405 body={"code":"method_not_allowed","message":"The method is not allowed for the requested URL.","status":405}

2026-05-26 15:52:08.322 | ERROR    | app.services.dify_sync_service:_create_document:118 | DifySync: 创建文档失败 book=64 status=405 body={"code":"method_not_allowed","message":"The method is not allowed for the requested URL.","status":405}

2026-05-26 15:52:08.410 | ERROR    | app.services.dify_sync_service:_create_document:118 | DifySync: 创建文档失败 book=30 status=405 body={"code":"method_not_allowed","message":"The method is not allowed for the requested URL.","status":405}

2026-05-26 15:52:08.647 | ERROR    | app.services.dify_sync_service:_create_document:118 | DifySync: 创建文档失败 book=1 status=405 body={"code":"method_not_allowed","message":"The method is not allowed for the requested URL.","status":405}

2026-05-26 15:52:08.774 | ERROR    | app.services.dify_sync_service:_create_document:118 | DifySync: 创建文档失败 book=64 status=405 body={"code":"method_not_allowed","message":"The method is not allowed for the requested URL.","status":405}

2026-05-26 15:52:09.023 | ERROR    | app.services.dify_sync_service:_create_document:118 | DifySync: 创建文档失败 book=65 status=405 body={"code":"method_not_allowed","message":"The method is not allowed for the requested URL.","status":405}

2026-05-26 15:52:09.079 | ERROR    | app.services.dify_sync_service:_create_document:118 | DifySync: 创建文档失败 book=96 status=405 body={"code":"method_not_allowed","message":"The method is not allowed for the requested URL.","status":405}

2026-05-26 15:52:09.179 | ERROR    | app.services.dify_sync_service:_create_document:118 | DifySync: 创建文档失败 book=31 status=405 body={"code":"method_not_allowed","message":"The method is not allowed for the requested URL.","status":405}

2026-05-26 15:52:09.907 | ERROR    | app.services.dify_sync_service:_create_document:118 | DifySync: 创建文档失败 book=66 status=405 body={"code":"method_not_allowed","message":"The method is not allowed for the requested URL.","status":405}

2026-05-26 15:52:09.945 | ERROR    | app.services.dify_sync_service:_create_document:118 | DifySync: 创建文档失败 book=97 status=405 body={"code":"method_not_allowed","message":"The method is not allowed for the requested URL.","status":405}

2026-05-26 15:52:09.981 | ERROR    | app.services.dify_sync_service:_create_document:118 | DifySync: 创建文档失败 book=32 status=405 body={"code":"method_not_allowed","message":"The method is not allowed for the requested URL.","status":405}

2026-05-26 15:52:10.233 | ERROR    | app.services.dify_sync_service:_create_document:118 | DifySync: 创建文档失败 book=2 status=405 body={"code":"method_not_allowed","message":"The method is not allowed for the requested URL.","status":405}

2026-05-26 15:52:10.381 | ERROR    | app.services.dify_sync_service:_create_document:118 | DifySync: 创建文档失败 book=3 status=405 body={"code":"method_not_allowed","message":"The method is not allowed for the requested URL.","status":405}

2026-05-26 15:52:10.627 | ERROR    | app.services.dify_sync_service:_create_document:118 | DifySync: 创建文档失败 book=65 status=405 body={"code":"method_not_allowed","message":"The method is not allowed for the requested URL.","status":405}

2026-05-26 15:52:10.688 | ERROR    | app.services.dify_sync_service:_create_document:118 | DifySync: 创建文档失败 book=98 status=405 body={"code":"method_not_allowed","message":"The method is not allowed for the requested URL.","status":405}

2026-05-26 15:52:11.109 | ERROR    | app.services.dify_sync_service:_create_document:118 | DifySync: 创建文档失败 book=67 status=405 body={"code":"method_not_allowed","message":"The method is not allowed for the requested URL.","status":405}

2026-05-26 15:52:11.479 | ERROR    | app.services.dify_sync_service:_create_document:118 | DifySync: 创建文档失败 book=99 status=405 body={"code":"method_not_allowed","message":"The method is not allowed for the requested URL.","status":405}

2026-05-26 15:52:11.678 | ERROR    | app.services.dify_sync_service:_create_document:118 | DifySync: 创建文档失败 book=66 status=405 body={"code":"method_not_allowed","message":"The method is not allowed for the requested URL.","status":405}

2026-05-26 15:52:12.126 | ERROR    | app.services.dify_sync_service:_create_document:118 | DifySync: 创建文档失败 book=68 status=405 body={"code":"method_not_allowed","message":"The method is not allowed for the requested URL.","status":405}

2026-05-26 15:52:12.209 | ERROR    | app.services.dify_sync_service:_create_document:118 | DifySync: 创建文档失败 book=100 status=405 body={"code":"method_not_allowed","message":"The method is not allowed for the requested URL.","status":405}

2026-05-26 15:52:12.419 | ERROR    | app.services.dify_sync_service:_create_document:118 | DifySync: 创建文档失败 book=4 status=405 body={"code":"method_not_allowed","message":"The method is not allowed for the requested URL.","status":405}

2026-05-26 15:52:12.432 | ERROR    | app.services.dify_sync_service:_create_document:118 | DifySync: 创建文档失败 book=67 status=405 body={"code":"method_not_allowed","message":"The method is not allowed for the requested URL.","status":405}

2026-05-26 15:52:12.781 | ERROR    | app.services.dify_sync_service:_create_document:118 | DifySync: 创建文档失败 book=33 status=405 body={"code":"method_not_allowed","message":"The method is not allowed for the requested URL.","status":405}

2026-05-26 15:52:12.973 | ERROR    | app.services.dify_sync_service:_create_document:118 | DifySync: 创建文档失败 book=5 status=405 body={"code":"method_not_allowed","message":"The method is not allowed for the requested URL.","status":405}

2026-05-26 15:52:13.238 | ERROR    | app.services.dify_sync_service:_create_document:118 | DifySync: 创建文档失败 book=68 status=405 body={"code":"method_not_allowed","message":"The method is not allowed for the requested URL.","status":405}

2026-05-26 15:52:13.418 | ERROR    | app.services.dify_sync_service:_create_document:118 | DifySync: 创建文档失败 book=34 status=405 body={"code":"method_not_allowed","message":"The method is not allowed for the requested URL.","status":405}

2026-05-26 15:52:13.928 | ERROR    | app.services.dify_sync_service:_create_document:118 | DifySync: 创建文档失败 book=69 status=405 body={"code":"method_not_allowed","message":"The method is not allowed for the requested URL.","status":405}

2026-05-26 15:52:13.991 | ERROR    | app.services.dify_sync_service:_create_document:118 | DifySync: 创建文档失败 book=101 status=405 body={"code":"method_not_allowed","message":"The method is not allowed for the requested URL.","status":405}

2026-05-26 15:52:14.447 | ERROR    | app.services.dify_sync_service:_create_document:118 | DifySync: 创建文档失败 book=6 status=405 body={"code":"method_not_allowed","message":"The method is not allowed for the requested URL.","status":405}

2026-05-26 15:52:14.449 | ERROR    | app.services.dify_sync_service:_create_document:118 | DifySync: 创建文档失败 book=69 status=405 body={"code":"method_not_allowed","message":"The method is not allowed for the requested URL.","status":405}

2026-05-26 15:52:14.877 | ERROR    | app.services.dify_sync_service:_create_document:118 | DifySync: 创建文档失败 book=102 status=405 body={"code":"method_not_allowed","message":"The method is not allowed for the requested URL.","status":405}

2026-05-26 15:52:14.977 | ERROR    | app.services.dify_sync_service:_create_document:118 | DifySync: 创建文档失败 book=70 status=405 body={"code":"method_not_allowed","message":"The method is not allowed for the requested URL.","status":405}

2026-05-26 15:52:15.249 | ERROR    | app.services.dify_sync_service:_create_document:118 | DifySync: 创建文档失败 book=7 status=405 body={"code":"method_not_allowed","message":"The method is not allowed for the requested URL.","status":405}

2026-05-26 15:52:15.274 | ERROR    | app.services.dify_sync_service:_create_document:118 | DifySync: 创建文档失败 book=36 status=405 body={"code":"method_not_allowed","message":"The method is not allowed for the requested URL.","status":405}

2026-05-26 15:52:15.278 | ERROR    | app.services.dify_sync_service:_create_document:118 | DifySync: 创建文档失败 book=35 status=405 body={"code":"method_not_allowed","message":"The method is not allowed for the requested URL.","status":405}

2026-05-26 15:52:15.626 | ERROR    | app.services.dify_sync_service:_create_document:118 | DifySync: 创建文档失败 book=37 status=405 body={"code":"method_not_allowed","message":"The method is not allowed for the requested URL.","status":405}

2026-05-26 15:52:15.634 | ERROR    | app.services.dify_sync_service:_create_document:118 | DifySync: 创建文档失败 book=71 status=405 body={"code":"method_not_allowed","message":"The method is not allowed for the requested URL.","status":405}

2026-05-26 15:52:15.709 | ERROR    | app.services.dify_sync_service:_create_document:118 | DifySync: 创建文档失败 book=70 status=405 body={"code":"method_not_allowed","message":"The method is not allowed for the requested URL.","status":405}

2026-05-26 15:52:15.788 | ERROR    | app.services.dify_sync_service:_create_document:118 | DifySync: 创建文档失败 book=103 status=405 body={"code":"method_not_allowed","message":"The method is not allowed for the requested URL.","status":405}

2026-05-26 15:52:16.121 | ERROR    | app.services.dify_sync_service:_create_document:118 | DifySync: 创建文档失败 book=9 status=405 body={"code":"method_not_allowed","message":"The method is not allowed for the requested URL.","status":405}

2026-05-26 15:52:16.127 | ERROR    | app.services.dify_sync_service:_create_document:118 | DifySync: 创建文档失败 book=71 status=405 body={"code":"method_not_allowed","message":"The method is not allowed for the requested URL.","status":405}

2026-05-26 15:52:16.361 | ERROR    | app.services.dify_sync_service:_create_document:118 | DifySync: 创建文档失败 book=38 status=405 body={"code":"method_not_allowed","message":"The method is not allowed for the requested URL.","status":405}

2026-05-26 15:52:17.025 | ERROR    | app.services.dify_sync_service:_create_document:118 | DifySync: 创建文档失败 book=104 status=405 body={"code":"method_not_allowed","message":"The method is not allowed for the requested URL.","status":405}

2026-05-26 15:52:17.108 | ERROR    | app.services.dify_sync_service:_create_document:118 | DifySync: 创建文档失败 book=10 status=405 body={"code":"method_not_allowed","message":"The method is not allowed for the requested URL.","status":405}

2026-05-26 15:52:17.135 | ERROR    | app.services.dify_sync_service:_create_document:118 | DifySync: 创建文档失败 book=39 status=405 body={"code":"method_not_allowed","message":"The method is not allowed for the requested URL.","status":405}

2026-05-26 15:52:17.288 | ERROR    | app.services.dify_sync_service:_create_document:118 | DifySync: 创建文档失败 book=73 status=405 body={"code":"method_not_allowed","message":"The method is not allowed for the requested URL.","status":405}

2026-05-26 15:52:17.381 | ERROR    | app.services.dify_sync_service:_create_document:118 | DifySync: 创建文档失败 book=72 status=405 body={"code":"method_not_allowed","message":"The method is not allowed for the requested URL.","status":405}

2026-05-26 15:52:17.474 | ERROR    | app.services.dify_sync_service:_create_document:118 | DifySync: 创建文档失败 book=72 status=405 body={"code":"method_not_allowed","message":"The method is not allowed for the requested URL.","status":405}

2026-05-26 15:52:17.523 | ERROR    | app.services.dify_sync_service:_create_document:118 | DifySync: 创建文档失败 book=40 status=405 body={"code":"method_not_allowed","message":"The method is not allowed for the requested URL.","status":405}

2026-05-26 15:52:17.856 | ERROR    | app.services.dify_sync_service:_create_document:118 | DifySync: 创建文档失败 book=74 status=405 body={"code":"method_not_allowed","message":"The method is not allowed for the requested URL.","status":405}

2026-05-26 15:52:18.075 | ERROR    | app.services.dify_sync_service:_create_document:118 | DifySync: 创建文档失败 book=105 status=405 body={"code":"method_not_allowed","message":"The method is not allowed for the requested URL.","status":405}

2026-05-26 15:52:18.197 | ERROR    | app.services.dify_sync_service:_create_document:118 | DifySync: 创建文档失败 book=73 status=405 body={"code":"method_not_allowed","message":"The method is not allowed for the requested URL.","status":405}

2026-05-26 15:52:18.239 | ERROR    | app.services.dify_sync_service:_create_document:118 | DifySync: 创建文档失败 book=41 status=405 body={"code":"method_not_allowed","message":"The method is not allowed for the requested URL.","status":405}

2026-05-26 15:52:18.570 | ERROR    | app.services.dify_sync_service:_create_document:118 | DifySync: 创建文档失败 book=75 status=405 body={"code":"method_not_allowed","message":"The method is not allowed for the requested URL.","status":405}

2026-05-26 15:52:18.582 | ERROR    | app.services.dify_sync_service:_create_document:118 | DifySync: 创建文档失败 book=11 status=405 body={"code":"method_not_allowed","message":"The method is not allowed for the requested URL.","status":405}

2026-05-26 15:52:18.869 | ERROR    | app.services.dify_sync_service:_create_document:118 | DifySync: 创建文档失败 book=106 status=405 body={"code":"method_not_allowed","message":"The method is not allowed for the requested URL.","status":405}

2026-05-26 15:52:18.945 | ERROR    | app.services.dify_sync_service:_create_document:118 | DifySync: 创建文档失败 book=42 status=405 body={"code":"method_not_allowed","message":"The method is not allowed for the requested URL.","status":405}

2026-05-26 15:52:18.968 | ERROR    | app.services.dify_sync_service:_create_document:118 | DifySync: 创建文档失败 book=74 status=405 body={"code":"method_not_allowed","message":"The method is not allowed for the requested URL.","status":405}

2026-05-26 15:52:19.668 | ERROR    | app.services.dify_sync_service:_create_document:118 | DifySync: 创建文档失败 book=107 status=405 body={"code":"method_not_allowed","message":"The method is not allowed for the requested URL.","status":405}

2026-05-26 15:52:19.871 | ERROR    | app.services.dify_sync_service:_create_document:118 | DifySync: 创建文档失败 book=43 status=405 body={"code":"method_not_allowed","message":"The method is not allowed for the requested URL.","status":405}

2026-05-26 15:52:19.954 | ERROR    | app.services.dify_sync_service:_create_document:118 | DifySync: 创建文档失败 book=12 status=405 body={"code":"method_not_allowed","message":"The method is not allowed for the requested URL.","status":405}

2026-05-26 15:52:20.652 | ERROR    | app.services.dify_sync_service:_create_document:118 | DifySync: 创建文档失败 book=13 status=405 body={"code":"method_not_allowed","message":"The method is not allowed for the requested URL.","status":405}

2026-05-26 15:52:20.808 | ERROR    | app.services.dify_sync_service:_create_document:118 | DifySync: 创建文档失败 book=75 status=405 body={"code":"method_not_allowed","message":"The method is not allowed for the requested URL.","status":405}

2026-05-26 15:52:21.043 | ERROR    | app.services.dify_sync_service:_create_document:118 | DifySync: 创建文档失败 book=44 status=405 body={"code":"method_not_allowed","message":"The method is not allowed for the requested URL.","status":405}

2026-05-26 15:52:21.443 | ERROR    | app.services.dify_sync_service:_create_document:118 | DifySync: 创建文档失败 book=77 status=405 body={"code":"method_not_allowed","message":"The method is not allowed for the requested URL.","status":405}

2026-05-26 15:52:21.611 | ERROR    | app.services.dify_sync_service:_create_document:118 | DifySync: 创建文档失败 book=76 status=405 body={"code":"method_not_allowed","message":"The method is not allowed for the requested URL.","status":405}

2026-05-26 15:52:21.612 | ERROR    | app.services.dify_sync_service:_create_document:118 | DifySync: 创建文档失败 book=14 status=405 body={"code":"method_not_allowed","message":"The method is not allowed for the requested URL.","status":405}

2026-05-26 15:52:21.915 | ERROR    | app.services.dify_sync_service:_create_document:118 | DifySync: 创建文档失败 book=76 status=405 body={"code":"method_not_allowed","message":"The method is not allowed for the requested URL.","status":405}

2026-05-26 15:52:21.970 | ERROR    | app.services.dify_sync_service:_create_document:118 | DifySync: 创建文档失败 book=45 status=405 body={"code":"method_not_allowed","message":"The method is not allowed for the requested URL.","status":405}

2026-05-26 15:52:22.434 | ERROR    | app.services.dify_sync_service:_create_document:118 | DifySync: 创建文档失败 book=15 status=405 body={"code":"method_not_allowed","message":"The method is not allowed for the requested URL.","status":405}

2026-05-26 15:52:22.449 | ERROR    | app.services.dify_sync_service:_create_document:118 | DifySync: 创建文档失败 book=78 status=405 body={"code":"method_not_allowed","message":"The method is not allowed for the requested URL.","status":405}

2026-05-26 15:52:22.715 | ERROR    | app.services.dify_sync_service:_create_document:118 | DifySync: 创建文档失败 book=46 status=405 body={"code":"method_not_allowed","message":"The method is not allowed for the requested URL.","status":405}

2026-05-26 15:52:22.756 | ERROR    | app.services.dify_sync_service:_create_document:118 | DifySync: 创建文档失败 book=77 status=405 body={"code":"method_not_allowed","message":"The method is not allowed for the requested URL.","status":405}

2026-05-26 15:52:23.190 | ERROR    | app.services.dify_sync_service:_create_document:118 | DifySync: 创建文档失败 book=16 status=405 body={"code":"method_not_allowed","message":"The method is not allowed for the requested URL.","status":405}

2026-05-26 15:52:24.130 | ERROR    | app.services.dify_sync_service:_create_document:118 | DifySync: 创建文档失败 book=47 status=405 body={"code":"method_not_allowed","message":"The method is not allowed for the requested URL.","status":405}

2026-05-26 15:52:24.231 | ERROR    | app.services.dify_sync_service:_create_document:118 | DifySync: 创建文档失败 book=78 status=405 body={"code":"method_not_allowed","message":"The method is not allowed for the requested URL.","status":405}

2026-05-26 15:52:24.458 | ERROR    | app.services.dify_sync_service:_create_document:118 | DifySync: 创建文档失败 book=79 status=405 body={"code":"method_not_allowed","message":"The method is not allowed for the requested URL.","status":405}

2026-05-26 15:52:24.850 | ERROR    | app.services.dify_sync_service:_create_document:118 | DifySync: 创建文档失败 book=80 status=405 body={"code":"method_not_allowed","message":"The method is not allowed for the requested URL.","status":405}

2026-05-26 15:52:25.330 | ERROR    | app.services.dify_sync_service:_create_document:118 | DifySync: 创建文档失败 book=79 status=405 body={"code":"method_not_allowed","message":"The method is not allowed for the requested URL.","status":405}

2026-05-26 15:52:25.583 | ERROR    | app.services.dify_sync_service:_create_document:118 | DifySync: 创建文档失败 book=81 status=405 body={"code":"method_not_allowed","message":"The method is not allowed for the requested URL.","status":405}

2026-05-26 15:52:25.590 | ERROR    | app.services.dify_sync_service:_create_document:118 | DifySync: 创建文档失败 book=18 status=405 body={"code":"method_not_allowed","message":"The method is not allowed for the requested URL.","status":405}

2026-05-26 15:52:25.939 | ERROR    | app.services.dify_sync_service:_create_document:118 | DifySync: 创建文档失败 book=48 status=405 body={"code":"method_not_allowed","message":"The method is not allowed for the requested URL.","status":405}

2026-05-26 15:52:26.205 | ERROR    | app.services.dify_sync_service:_create_document:118 | DifySync: 创建文档失败 book=80 status=405 body={"code":"method_not_allowed","message":"The method is not allowed for the requested URL.","status":405}

2026-05-26 15:52:26.426 | ERROR    | app.services.dify_sync_service:_create_document:118 | DifySync: 创建文档失败 book=19 status=405 body={"code":"method_not_allowed","message":"The method is not allowed for the requested URL.","status":405}

2026-05-26 15:52:26.633 | ERROR    | app.services.dify_sync_service:_create_document:118 | DifySync: 创建文档失败 book=50 status=405 body={"code":"method_not_allowed","message":"The method is not allowed for the requested URL.","status":405}

2026-05-26 15:52:26.698 | ERROR    | app.services.dify_sync_service:_create_document:118 | DifySync: 创建文档失败 book=82 status=405 body={"code":"method_not_allowed","message":"The method is not allowed for the requested URL.","status":405}

2026-05-26 15:52:27.049 | ERROR    | app.services.dify_sync_service:_create_document:118 | DifySync: 创建文档失败 book=49 status=405 body={"code":"method_not_allowed","message":"The method is not allowed for the requested URL.","status":405}

2026-05-26 15:52:27.448 | ERROR    | app.services.dify_sync_service:_create_document:118 | DifySync: 创建文档失败 book=20 status=405 body={"code":"method_not_allowed","message":"The method is not allowed for the requested URL.","status":405}

2026-05-26 15:52:27.470 | ERROR    | app.services.dify_sync_service:_create_document:118 | DifySync: 创建文档失败 book=51 status=405 body={"code":"method_not_allowed","message":"The method is not allowed for the requested URL.","status":405}

2026-05-26 15:52:27.605 | ERROR    | app.services.dify_sync_service:_create_document:118 | DifySync: 创建文档失败 book=81 status=405 body={"code":"method_not_allowed","message":"The method is not allowed for the requested URL.","status":405}

2026-05-26 15:52:28.272 | ERROR    | app.services.dify_sync_service:_create_document:118 | DifySync: 创建文档失败 book=21 status=405 body={"code":"method_not_allowed","message":"The method is not allowed for the requested URL.","status":405}

2026-05-26 15:52:28.333 | ERROR    | app.services.dify_sync_service:_create_document:118 | DifySync: 创建文档失败 book=83 status=405 body={"code":"method_not_allowed","message":"The method is not allowed for the requested URL.","status":405}

2026-05-26 15:52:28.482 | ERROR    | app.services.dify_sync_service:_create_document:118 | DifySync: 创建文档失败 book=53 status=405 body={"code":"method_not_allowed","message":"The method is not allowed for the requested URL.","status":405}

2026-05-26 15:52:28.507 | ERROR    | app.services.dify_sync_service:_create_document:118 | DifySync: 创建文档失败 book=82 status=405 body={"code":"method_not_allowed","message":"The method is not allowed for the requested URL.","status":405}

2026-05-26 15:52:29.424 | ERROR    | app.services.dify_sync_service:_create_document:118 | DifySync: 创建文档失败 book=83 status=405 body={"code":"method_not_allowed","message":"The method is not allowed for the requested URL.","status":405}

2026-05-26 15:52:29.526 | ERROR    | app.services.dify_sync_service:_create_document:118 | DifySync: 创建文档失败 book=54 status=405 body={"code":"method_not_allowed","message":"The method is not allowed for the requested URL.","status":405}

2026-05-26 15:52:30.104 | ERROR    | app.services.dify_sync_service:_create_document:118 | DifySync: 创建文档失败 book=84 status=405 body={"code":"method_not_allowed","message":"The method is not allowed for the requested URL.","status":405}

2026-05-26 15:52:30.131 | ERROR    | app.services.dify_sync_service:_create_document:118 | DifySync: 创建文档失败 book=23 status=405 body={"code":"method_not_allowed","message":"The method is not allowed for the requested URL.","status":405}

2026-05-26 15:52:30.247 | ERROR    | app.services.dify_sync_service:_create_document:118 | DifySync: 创建文档失败 book=84 status=405 body={"code":"method_not_allowed","message":"The method is not allowed for the requested URL.","status":405}

2026-05-26 15:52:30.306 | ERROR    | app.services.dify_sync_service:_create_document:118 | DifySync: 创建文档失败 book=22 status=405 body={"code":"method_not_allowed","message":"The method is not allowed for the requested URL.","status":405}

2026-05-26 15:52:30.309 | ERROR    | app.services.dify_sync_service:_create_document:118 | DifySync: 创建文档失败 book=55 status=405 body={"code":"method_not_allowed","message":"The method is not allowed for the requested URL.","status":405}

2026-05-26 15:52:30.900 | ERROR    | app.services.dify_sync_service:_create_document:118 | DifySync: 创建文档失败 book=24 status=405 body={"code":"method_not_allowed","message":"The method is not allowed for the requested URL.","status":405}

2026-05-26 15:52:30.979 | ERROR    | app.services.dify_sync_service:_create_document:118 | DifySync: 创建文档失败 book=17 status=405 body={"code":"method_not_allowed","message":"The method is not allowed for the requested URL.","status":405}

2026-05-26 15:52:31.393 | ERROR    | app.services.dify_sync_service:_create_document:118 | DifySync: 创建文档失败 book=85 status=405 body={"code":"method_not_allowed","message":"The method is not allowed for the requested URL.","status":405}

2026-05-26 15:52:31.395 | ERROR    | app.services.dify_sync_service:_create_document:118 | DifySync: 创建文档失败 book=56 status=405 body={"code":"method_not_allowed","message":"The method is not allowed for the requested URL.","status":405}

2026-05-26 15:52:31.438 | ERROR    | app.services.dify_sync_service:_create_document:118 | DifySync: 创建文档失败 book=85 status=405 body={"code":"method_not_allowed","message":"The method is not allowed for the requested URL.","status":405}

2026-05-26 15:52:32.081 | ERROR    | app.services.dify_sync_service:_create_document:118 | DifySync: 创建文档失败 book=57 status=405 body={"code":"method_not_allowed","message":"The method is not allowed for the requested URL.","status":405}

2026-05-26 15:52:32.185 | ERROR    | app.services.dify_sync_service:_create_document:118 | DifySync: 创建文档失败 book=86 status=405 body={"code":"method_not_allowed","message":"The method is not allowed for the requested URL.","status":405}

2026-05-26 15:52:32.246 | ERROR    | app.services.dify_sync_service:_create_document:118 | DifySync: 创建文档失败 book=25 status=405 body={"code":"method_not_allowed","message":"The method is not allowed for the requested URL.","status":405}

2026-05-26 15:52:32.523 | ERROR    | app.services.dify_sync_service:_create_document:118 | DifySync: 创建文档失败 book=86 status=405 body={"code":"method_not_allowed","message":"The method is not allowed for the requested URL.","status":405}

2026-05-26 15:52:32.733 | ERROR    | app.services.dify_sync_service:_create_document:118 | DifySync: 创建文档失败 book=26 status=405 body={"code":"method_not_allowed","message":"The method is not allowed for the requested URL.","status":405}

2026-05-26 15:52:32.997 | ERROR    | app.services.dify_sync_service:_create_document:118 | DifySync: 创建文档失败 book=61 status=405 body={"code":"method_not_allowed","message":"The method is not allowed for the requested URL.","status":405}

2026-05-26 15:52:33.003 | ERROR    | app.services.dify_sync_service:_create_document:118 | DifySync: 创建文档失败 book=87 status=405 body={"code":"method_not_allowed","message":"The method is not allowed for the requested URL.","status":405}

2026-05-26 15:52:33.685 | ERROR    | app.services.dify_sync_service:_create_document:118 | DifySync: 创建文档失败 book=87 status=405 body={"code":"method_not_allowed","message":"The method is not allowed for the requested URL.","status":405}

2026-05-26 15:52:33.834 | ERROR    | app.services.dify_sync_service:_create_document:118 | DifySync: 创建文档失败 book=88 status=405 body={"code":"method_not_allowed","message":"The method is not allowed for the requested URL.","status":405}

2026-05-26 15:52:34.465 | ERROR    | app.services.dify_sync_service:_create_document:118 | DifySync: 创建文档失败 book=62 status=405 body={"code":"method_not_allowed","message":"The method is not allowed for the requested URL.","status":405}

2026-05-26 15:52:34.551 | ERROR    | app.services.dify_sync_service:_create_document:118 | DifySync: 创建文档失败 book=63 status=405 body={"code":"method_not_allowed","message":"The method is not allowed for the requested URL.","status":405}

2026-05-26 15:52:34.782 | ERROR    | app.services.dify_sync_service:_create_document:118 | DifySync: 创建文档失败 book=27 status=405 body={"code":"method_not_allowed","message":"The method is not allowed for the requested URL.","status":405}

2026-05-26 15:52:34.788 | ERROR    | app.services.dify_sync_service:_create_document:118 | DifySync: 创建文档失败 book=88 status=405 body={"code":"method_not_allowed","message":"The method is not allowed for the requested URL.","status":405}

2026-05-26 15:52:34.980 | ERROR    | app.services.dify_sync_service:_create_document:118 | DifySync: 创建文档失败 book=89 status=405 body={"code":"method_not_allowed","message":"The method is not allowed for the requested URL.","status":405}

2026-05-26 15:52:35.355 | ERROR    | app.services.dify_sync_service:_create_document:118 | DifySync: 创建文档失败 book=89 status=405 body={"code":"method_not_allowed","message":"The method is not allowed for the requested URL.","status":405}

2026-05-26 15:52:35.517 | ERROR    | app.services.dify_sync_service:_create_document:118 | DifySync: 创建文档失败 book=64 status=405 body={"code":"method_not_allowed","message":"The method is not allowed for the requested URL.","status":405}

2026-05-26 15:52:35.769 | ERROR    | app.services.dify_sync_service:_create_document:118 | DifySync: 创建文档失败 book=28 status=405 body={"code":"method_not_allowed","message":"The method is not allowed for the requested URL.","status":405}

2026-05-26 15:52:36.021 | ERROR    | app.services.dify_sync_service:_create_document:118 | DifySync: 创建文档失败 book=90 status=405 body={"code":"method_not_allowed","message":"The method is not allowed for the requested URL.","status":405}

2026-05-26 15:52:36.284 | ERROR    | app.services.dify_sync_service:_create_document:118 | DifySync: 创建文档失败 book=65 status=405 body={"code":"method_not_allowed","message":"The method is not allowed for the requested URL.","status":405}

2026-05-26 15:52:36.652 | ERROR    | app.services.dify_sync_service:_create_document:118 | DifySync: 创建文档失败 book=29 status=405 body={"code":"method_not_allowed","message":"The method is not allowed for the requested URL.","status":405}

2026-05-26 15:52:37.100 | ERROR    | app.services.dify_sync_service:_create_document:118 | DifySync: 创建文档失败 book=91 status=405 body={"code":"method_not_allowed","message":"The method is not allowed for the requested URL.","status":405}

2026-05-26 15:52:37.218 | ERROR    | app.services.dify_sync_service:_create_document:118 | DifySync: 创建文档失败 book=90 status=405 body={"code":"method_not_allowed","message":"The method is not allowed for the requested URL.","status":405}

2026-05-26 15:52:37.727 | ERROR    | app.services.dify_sync_service:_create_document:118 | DifySync: 创建文档失败 book=66 status=405 body={"code":"method_not_allowed","message":"The method is not allowed for the requested URL.","status":405}

2026-05-26 15:52:38.025 | ERROR    | app.services.dify_sync_service:_create_document:118 | DifySync: 创建文档失败 book=91 status=405 body={"code":"method_not_allowed","message":"The method is not allowed for the requested URL.","status":405}

2026-05-26 15:52:38.046 | ERROR    | app.services.dify_sync_service:_create_document:118 | DifySync: 创建文档失败 book=67 status=405 body={"code":"method_not_allowed","message":"The method is not allowed for the requested URL.","status":405}

2026-05-26 15:52:38.451 | ERROR    | app.services.dify_sync_service:_create_document:118 | DifySync: 创建文档失败 book=30 status=405 body={"code":"method_not_allowed","message":"The method is not allowed for the requested URL.","status":405}

2026-05-26 15:52:38.570 | ERROR    | app.services.dify_sync_service:_create_document:118 | DifySync: 创建文档失败 book=92 status=405 body={"code":"method_not_allowed","message":"The method is not allowed for the requested URL.","status":405}

2026-05-26 15:52:38.814 | ERROR    | app.services.dify_sync_service:_create_document:118 | DifySync: 创建文档失败 book=92 status=405 body={"code":"method_not_allowed","message":"The method is not allowed for the requested URL.","status":405}

2026-05-26 15:52:38.845 | ERROR    | app.services.dify_sync_service:_create_document:118 | DifySync: 创建文档失败 book=68 status=405 body={"code":"method_not_allowed","message":"The method is not allowed for the requested URL.","status":405}

2026-05-26 15:52:39.482 | ERROR    | app.services.dify_sync_service:_create_document:118 | DifySync: 创建文档失败 book=93 status=405 body={"code":"method_not_allowed","message":"The method is not allowed for the requested URL.","status":405}

2026-05-26 15:52:39.573 | ERROR    | app.services.dify_sync_service:_create_document:118 | DifySync: 创建文档失败 book=31 status=405 body={"code":"method_not_allowed","message":"The method is not allowed for the requested URL.","status":405}

2026-05-26 15:52:39.592 | ERROR    | app.services.dify_sync_service:_create_document:118 | DifySync: 创建文档失败 book=93 status=405 body={"code":"method_not_allowed","message":"The method is not allowed for the requested URL.","status":405}

2026-05-26 15:52:40.343 | ERROR    | app.services.dify_sync_service:_create_document:118 | DifySync: 创建文档失败 book=69 status=405 body={"code":"method_not_allowed","message":"The method is not allowed for the requested URL.","status":405}

2026-05-26 15:52:41.083 | ERROR    | app.services.dify_sync_service:_create_document:118 | DifySync: 创建文档失败 book=94 status=405 body={"code":"method_not_allowed","message":"The method is not allowed for the requested URL.","status":405}

2026-05-26 15:52:41.155 | ERROR    | app.services.dify_sync_service:_create_document:118 | DifySync: 创建文档失败 book=70 status=405 body={"code":"method_not_allowed","message":"The method is not allowed for the requested URL.","status":405}

2026-05-26 15:52:41.230 | ERROR    | app.services.dify_sync_service:_create_document:118 | DifySync: 创建文档失败 book=32 status=405 body={"code":"method_not_allowed","message":"The method is not allowed for the requested URL.","status":405}

2026-05-26 15:52:41.344 | ERROR    | app.services.dify_sync_service:_create_document:118 | DifySync: 创建文档失败 book=33 status=405 body={"code":"method_not_allowed","message":"The method is not allowed for the requested URL.","status":405}

2026-05-26 15:52:41.767 | ERROR    | app.services.dify_sync_service:_create_document:118 | DifySync: 创建文档失败 book=94 status=405 body={"code":"method_not_allowed","message":"The method is not allowed for the requested URL.","status":405}

2026-05-26 15:52:41.781 | ERROR    | app.services.dify_sync_service:_create_document:118 | DifySync: 创建文档失败 book=95 status=405 body={"code":"method_not_allowed","message":"The method is not allowed for the requested URL.","status":405}

2026-05-26 15:52:42.377 | ERROR    | app.services.dify_sync_service:_create_document:118 | DifySync: 创建文档失败 book=34 status=405 body={"code":"method_not_allowed","message":"The method is not allowed for the requested URL.","status":405}

2026-05-26 15:52:42.594 | ERROR    | app.services.dify_sync_service:_create_document:118 | DifySync: 创建文档失败 book=96 status=405 body={"code":"method_not_allowed","message":"The method is not allowed for the requested URL.","status":405}

2026-05-26 15:52:42.798 | ERROR    | app.services.dify_sync_service:_create_document:118 | DifySync: 创建文档失败 book=95 status=405 body={"code":"method_not_allowed","message":"The method is not allowed for the requested URL.","status":405}

2026-05-26 15:52:42.891 | ERROR    | app.services.dify_sync_service:_create_document:118 | DifySync: 创建文档失败 book=71 status=405 body={"code":"method_not_allowed","message":"The method is not allowed for the requested URL.","status":405}

2026-05-26 15:52:43.309 | ERROR    | app.services.dify_sync_service:_create_document:118 | DifySync: 创建文档失败 book=35 status=405 body={"code":"method_not_allowed","message":"The method is not allowed for the requested URL.","status":405}

2026-05-26 15:52:43.404 | ERROR    | app.services.dify_sync_service:_create_document:118 | DifySync: 创建文档失败 book=97 status=405 body={"code":"method_not_allowed","message":"The method is not allowed for the requested URL.","status":405}

2026-05-26 15:52:43.696 | ERROR    | app.services.dify_sync_service:_create_document:118 | DifySync: 创建文档失败 book=96 status=405 body={"code":"method_not_allowed","message":"The method is not allowed for the requested URL.","status":405}

2026-05-26 15:52:44.221 | ERROR    | app.services.dify_sync_service:_create_document:118 | DifySync: 创建文档失败 book=72 status=405 body={"code":"method_not_allowed","message":"The method is not allowed for the requested URL.","status":405}

2026-05-26 15:52:44.252 | ERROR    | app.services.dify_sync_service:_create_document:118 | DifySync: 创建文档失败 book=36 status=405 body={"code":"method_not_allowed","message":"The method is not allowed for the requested URL.","status":405}

2026-05-26 15:52:44.451 | ERROR    | app.services.dify_sync_service:_create_document:118 | DifySync: 创建文档失败 book=98 status=405 body={"code":"method_not_allowed","message":"The method is not allowed for the requested URL.","status":405}

2026-05-26 15:52:44.806 | ERROR    | app.services.dify_sync_service:_create_document:118 | DifySync: 创建文档失败 book=97 status=405 body={"code":"method_not_allowed","message":"The method is not allowed for the requested URL.","status":405}

2026-05-26 15:52:45.010 | ERROR    | app.services.dify_sync_service:_create_document:118 | DifySync: 创建文档失败 book=73 status=405 body={"code":"method_not_allowed","message":"The method is not allowed for the requested URL.","status":405}

2026-05-26 15:52:45.012 | ERROR    | app.services.dify_sync_service:_create_document:118 | DifySync: 创建文档失败 book=99 status=405 body={"code":"method_not_allowed","message":"The method is not allowed for the requested URL.","status":405}

2026-05-26 15:52:45.043 | ERROR    | app.services.dify_sync_service:_create_document:118 | DifySync: 创建文档失败 book=37 status=405 body={"code":"method_not_allowed","message":"The method is not allowed for the requested URL.","status":405}

2026-05-26 15:52:45.652 | ERROR    | app.services.dify_sync_service:_create_document:118 | DifySync: 创建文档失败 book=98 status=405 body={"code":"method_not_allowed","message":"The method is not allowed for the requested URL.","status":405}

2026-05-26 15:52:46.028 | ERROR    | app.services.dify_sync_service:_create_document:118 | DifySync: 创建文档失败 book=38 status=405 body={"code":"method_not_allowed","message":"The method is not allowed for the requested URL.","status":405}

2026-05-26 15:52:46.531 | ERROR    | app.services.dify_sync_service:_create_document:118 | DifySync: 创建文档失败 book=99 status=405 body={"code":"method_not_allowed","message":"The method is not allowed for the requested URL.","status":405}

2026-05-26 15:52:46.853 | ERROR    | app.services.dify_sync_service:_create_document:118 | DifySync: 创建文档失败 book=39 status=405 body={"code":"method_not_allowed","message":"The method is not allowed for the requested URL.","status":405}

2026-05-26 15:52:47.010 | ERROR    | app.services.dify_sync_service:_create_document:118 | DifySync: 创建文档失败 book=100 status=405 body={"code":"method_not_allowed","message":"The method is not allowed for the requested URL.","status":405}

2026-05-26 15:52:47.521 | ERROR    | app.services.dify_sync_service:_create_document:118 | DifySync: 创建文档失败 book=40 status=405 body={"code":"method_not_allowed","message":"The method is not allowed for the requested URL.","status":405}

2026-05-26 15:52:47.773 | ERROR    | app.services.dify_sync_service:_create_document:118 | DifySync: 创建文档失败 book=101 status=405 body={"code":"method_not_allowed","message":"The method is not allowed for the requested URL.","status":405}

2026-05-26 15:52:47.883 | ERROR    | app.services.dify_sync_service:_create_document:118 | DifySync: 创建文档失败 book=100 status=405 body={"code":"method_not_allowed","message":"The method is not allowed for the requested URL.","status":405}

2026-05-26 15:52:48.018 | ERROR    | app.services.dify_sync_service:_create_document:118 | DifySync: 创建文档失败 book=74 status=405 body={"code":"method_not_allowed","message":"The method is not allowed for the requested URL.","status":405}

2026-05-26 15:52:48.444 | ERROR    | app.services.dify_sync_service:_create_document:118 | DifySync: 创建文档失败 book=102 status=405 body={"code":"method_not_allowed","message":"The method is not allowed for the requested URL.","status":405}

2026-05-26 15:52:48.922 | ERROR    | app.services.dify_sync_service:_create_document:118 | DifySync: 创建文档失败 book=41 status=405 body={"code":"method_not_allowed","message":"The method is not allowed for the requested URL.","status":405}

2026-05-26 15:52:49.021 | ERROR    | app.services.dify_sync_service:_create_document:118 | DifySync: 创建文档失败 book=75 status=405 body={"code":"method_not_allowed","message":"The method is not allowed for the requested URL.","status":405}

2026-05-26 15:52:49.925 | ERROR    | app.services.dify_sync_service:_create_document:118 | DifySync: 创建文档失败 book=42 status=405 body={"code":"method_not_allowed","message":"The method is not allowed for the requested URL.","status":405}

2026-05-26 15:52:50.066 | ERROR    | app.services.dify_sync_service:_create_document:118 | DifySync: 创建文档失败 book=76 status=405 body={"code":"method_not_allowed","message":"The method is not allowed for the requested URL.","status":405}

2026-05-26 15:52:50.587 | ERROR    | app.services.dify_sync_service:_create_document:118 | DifySync: 创建文档失败 book=103 status=405 body={"code":"method_not_allowed","message":"The method is not allowed for the requested URL.","status":405}

2026-05-26 15:52:50.589 | ERROR    | app.services.dify_sync_service:_create_document:118 | DifySync: 创建文档失败 book=101 status=405 body={"code":"method_not_allowed","message":"The method is not allowed for the requested URL.","status":405}

2026-05-26 15:52:51.468 | ERROR    | app.services.dify_sync_service:_create_document:118 | DifySync: 创建文档失败 book=104 status=405 body={"code":"method_not_allowed","message":"The method is not allowed for the requested URL.","status":405}

2026-05-26 15:52:51.470 | ERROR    | app.services.dify_sync_service:_create_document:118 | DifySync: 创建文档失败 book=102 status=405 body={"code":"method_not_allowed","message":"The method is not allowed for the requested URL.","status":405}

2026-05-26 15:52:51.527 | ERROR    | app.services.dify_sync_service:_create_document:118 | DifySync: 创建文档失败 book=77 status=405 body={"code":"method_not_allowed","message":"The method is not allowed for the requested URL.","status":405}

2026-05-26 15:52:51.701 | ERROR    | app.services.dify_sync_service:_create_document:118 | DifySync: 创建文档失败 book=44 status=405 body={"code":"method_not_allowed","message":"The method is not allowed for the requested URL.","status":405}

2026-05-26 15:52:52.045 | ERROR    | app.services.dify_sync_service:_create_document:118 | DifySync: 创建文档失败 book=78 status=405 body={"code":"method_not_allowed","message":"The method is not allowed for the requested URL.","status":405}

2026-05-26 15:52:52.185 | ERROR    | app.services.dify_sync_service:_create_document:118 | DifySync: 创建文档失败 book=103 status=405 body={"code":"method_not_allowed","message":"The method is not allowed for the requested URL.","status":405}

2026-05-26 15:52:52.289 | ERROR    | app.services.dify_sync_service:_create_document:118 | DifySync: 创建文档失败 book=105 status=405 body={"code":"method_not_allowed","message":"The method is not allowed for the requested URL.","status":405}

2026-05-26 15:52:52.754 | ERROR    | app.services.dify_sync_service:_create_document:118 | DifySync: 创建文档失败 book=43 status=405 body={"code":"method_not_allowed","message":"The method is not allowed for the requested URL.","status":405}

2026-05-26 15:52:52.930 | ERROR    | app.services.dify_sync_service:_create_document:118 | DifySync: 创建文档失败 book=45 status=405 body={"code":"method_not_allowed","message":"The method is not allowed for the requested URL.","status":405}

2026-05-26 15:52:52.996 | ERROR    | app.services.dify_sync_service:_create_document:118 | DifySync: 创建文档失败 book=104 status=405 body={"code":"method_not_allowed","message":"The method is not allowed for the requested URL.","status":405}

2026-05-26 15:52:53.286 | ERROR    | app.services.dify_sync_service:_create_document:118 | DifySync: 创建文档失败 book=106 status=405 body={"code":"method_not_allowed","message":"The method is not allowed for the requested URL.","status":405}

2026-05-26 15:52:53.589 | ERROR    | app.services.dify_sync_service:_create_document:118 | DifySync: 创建文档失败 book=46 status=405 body={"code":"method_not_allowed","message":"The method is not allowed for the requested URL.","status":405}

2026-05-26 15:52:53.694 | ERROR    | app.services.dify_sync_service:_create_document:118 | DifySync: 创建文档失败 book=105 status=405 body={"code":"method_not_allowed","message":"The method is not allowed for the requested URL.","status":405}

2026-05-26 15:52:53.782 | ERROR    | app.services.dify_sync_service:_create_document:118 | DifySync: 创建文档失败 book=79 status=405 body={"code":"method_not_allowed","message":"The method is not allowed for the requested URL.","status":405}

2026-05-26 15:52:54.469 | ERROR    | app.services.dify_sync_service:_create_document:118 | DifySync: 创建文档失败 book=80 status=405 body={"code":"method_not_allowed","message":"The method is not allowed for the requested URL.","status":405}

2026-05-26 15:52:54.476 | ERROR    | app.services.dify_sync_service:_create_document:118 | DifySync: 创建文档失败 book=106 status=405 body={"code":"method_not_allowed","message":"The method is not allowed for the requested URL.","status":405}

2026-05-26 15:52:54.962 | ERROR    | app.services.dify_sync_service:_create_document:118 | DifySync: 创建文档失败 book=107 status=405 body={"code":"method_not_allowed","message":"The method is not allowed for the requested URL.","status":405}

2026-05-26 15:52:55.112 | ERROR    | app.services.dify_sync_service:_create_document:118 | DifySync: 创建文档失败 book=47 status=405 body={"code":"method_not_allowed","message":"The method is not allowed for the requested URL.","status":405}

2026-05-26 15:52:55.234 | ERROR    | app.services.dify_sync_service:_create_document:118 | DifySync: 创建文档失败 book=81 status=405 body={"code":"method_not_allowed","message":"The method is not allowed for the requested URL.","status":405}

2026-05-26 15:52:55.246 | ERROR    | app.services.dify_sync_service:_create_document:118 | DifySync: 创建文档失败 book=107 status=405 body={"code":"method_not_allowed","message":"The method is not allowed for the requested URL.","status":405}

2026-05-26 15:52:55.924 | ERROR    | app.services.dify_sync_service:_create_document:118 | DifySync: 创建文档失败 book=48 status=405 body={"code":"method_not_allowed","message":"The method is not allowed for the requested URL.","status":405}

2026-05-26 15:52:56.311 | ERROR    | app.services.dify_sync_service:_create_document:118 | DifySync: 创建文档失败 book=82 status=405 body={"code":"method_not_allowed","message":"The method is not allowed for the requested URL.","status":405}

2026-05-26 15:52:56.710 | ERROR    | app.services.dify_sync_service:_create_document:118 | DifySync: 创建文档失败 book=49 status=405 body={"code":"method_not_allowed","message":"The method is not allowed for the requested URL.","status":405}

2026-05-26 15:52:57.204 | ERROR    | app.services.dify_sync_service:_create_document:118 | DifySync: 创建文档失败 book=83 status=405 body={"code":"method_not_allowed","message":"The method is not allowed for the requested URL.","status":405}

2026-05-26 15:52:57.640 | ERROR    | app.services.dify_sync_service:_create_document:118 | DifySync: 创建文档失败 book=50 status=405 body={"code":"method_not_allowed","message":"The method is not allowed for the requested URL.","status":405}

2026-05-26 15:52:57.941 | ERROR    | app.services.dify_sync_service:_create_document:118 | DifySync: 创建文档失败 book=84 status=405 body={"code":"method_not_allowed","message":"The method is not allowed for the requested URL.","status":405}

2026-05-26 15:52:58.551 | ERROR    | app.services.dify_sync_service:_create_document:118 | DifySync: 创建文档失败 book=85 status=405 body={"code":"method_not_allowed","message":"The method is not allowed for the requested URL.","status":405}

2026-05-26 15:52:58.947 | ERROR    | app.services.dify_sync_service:_create_document:118 | DifySync: 创建文档失败 book=51 status=405 body={"code":"method_not_allowed","message":"The method is not allowed for the requested URL.","status":405}

2026-05-26 15:52:59.277 | ERROR    | app.services.dify_sync_service:_create_document:118 | DifySync: 创建文档失败 book=86 status=405 body={"code":"method_not_allowed","message":"The method is not allowed for the requested URL.","status":405}

2026-05-26 15:52:59.744 | ERROR    | app.services.dify_sync_service:_create_document:118 | DifySync: 创建文档失败 book=53 status=405 body={"code":"method_not_allowed","message":"The method is not allowed for the requested URL.","status":405}

2026-05-26 15:53:00.660 | ERROR    | app.services.dify_sync_service:_create_document:118 | DifySync: 创建文档失败 book=87 status=405 body={"code":"method_not_allowed","message":"The method is not allowed for the requested URL.","status":405}

2026-05-26 15:53:00.976 | ERROR    | app.services.dify_sync_service:_create_document:118 | DifySync: 创建文档失败 book=54 status=405 body={"code":"method_not_allowed","message":"The method is not allowed for the requested URL.","status":405}

2026-05-26 15:53:01.673 | ERROR    | app.services.dify_sync_service:_create_document:118 | DifySync: 创建文档失败 book=55 status=405 body={"code":"method_not_allowed","message":"The method is not allowed for the requested URL.","status":405}

2026-05-26 15:53:01.695 | ERROR    | app.services.dify_sync_service:_create_document:118 | DifySync: 创建文档失败 book=88 status=405 body={"code":"method_not_allowed","message":"The method is not allowed for the requested URL.","status":405}

2026-05-26 15:53:02.297 | ERROR    | app.services.dify_sync_service:_create_document:118 | DifySync: 创建文档失败 book=89 status=405 body={"code":"method_not_allowed","message":"The method is not allowed for the requested URL.","status":405}

2026-05-26 15:53:02.969 | ERROR    | app.services.dify_sync_service:_create_document:118 | DifySync: 创建文档失败 book=56 status=405 body={"code":"method_not_allowed","message":"The method is not allowed for the requested URL.","status":405}

2026-05-26 15:53:03.662 | ERROR    | app.services.dify_sync_service:_create_document:118 | DifySync: 创建文档失败 book=91 status=405 body={"code":"method_not_allowed","message":"The method is not allowed for the requested URL.","status":405}

2026-05-26 15:53:03.932 | ERROR    | app.services.dify_sync_service:_create_document:118 | DifySync: 创建文档失败 book=90 status=405 body={"code":"method_not_allowed","message":"The method is not allowed for the requested URL.","status":405}

2026-05-26 15:53:04.531 | ERROR    | app.services.dify_sync_service:_create_document:118 | DifySync: 创建文档失败 book=57 status=405 body={"code":"method_not_allowed","message":"The method is not allowed for the requested URL.","status":405}

2026-05-26 15:53:05.565 | ERROR    | app.services.dify_sync_service:_create_document:118 | DifySync: 创建文档失败 book=92 status=405 body={"code":"method_not_allowed","message":"The method is not allowed for the requested URL.","status":405}

2026-05-26 15:53:06.092 | ERROR    | app.services.dify_sync_service:_create_document:118 | DifySync: 创建文档失败 book=61 status=405 body={"code":"method_not_allowed","message":"The method is not allowed for the requested URL.","status":405}

2026-05-26 15:53:07.060 | ERROR    | app.services.dify_sync_service:_create_document:118 | DifySync: 创建文档失败 book=93 status=405 body={"code":"method_not_allowed","message":"The method is not allowed for the requested URL.","status":405}

2026-05-26 15:53:07.276 | ERROR    | app.services.dify_sync_service:_create_document:118 | DifySync: 创建文档失败 book=62 status=405 body={"code":"method_not_allowed","message":"The method is not allowed for the requested URL.","status":405}

2026-05-26 15:53:07.914 | ERROR    | app.services.dify_sync_service:_create_document:118 | DifySync: 创建文档失败 book=63 status=405 body={"code":"method_not_allowed","message":"The method is not allowed for the requested URL.","status":405}

2026-05-26 15:53:08.644 | ERROR    | app.services.dify_sync_service:_create_document:118 | DifySync: 创建文档失败 book=94 status=405 body={"code":"method_not_allowed","message":"The method is not allowed for the requested URL.","status":405}

2026-05-26 15:53:09.397 | ERROR    | app.services.dify_sync_service:_create_document:118 | DifySync: 创建文档失败 book=95 status=405 body={"code":"method_not_allowed","message":"The method is not allowed for the requested URL.","status":405}

2026-05-26 15:53:09.703 | ERROR    | app.services.dify_sync_service:_create_document:118 | DifySync: 创建文档失败 book=64 status=405 body={"code":"method_not_allowed","message":"The method is not allowed for the requested URL.","status":405}

2026-05-26 15:53:10.830 | ERROR    | app.services.dify_sync_service:_create_document:118 | DifySync: 创建文档失败 book=97 status=405 body={"code":"method_not_allowed","message":"The method is not allowed for the requested URL.","status":405}

2026-05-26 15:53:11.140 | ERROR    | app.services.dify_sync_service:_create_document:118 | DifySync: 创建文档失败 book=96 status=405 body={"code":"method_not_allowed","message":"The method is not allowed for the requested URL.","status":405}

2026-05-26 15:53:11.563 | ERROR    | app.services.dify_sync_service:_create_document:118 | DifySync: 创建文档失败 book=98 status=405 body={"code":"method_not_allowed","message":"The method is not allowed for the requested URL.","status":405}

2026-05-26 15:53:11.750 | ERROR    | app.services.dify_sync_service:_create_document:118 | DifySync: 创建文档失败 book=65 status=405 body={"code":"method_not_allowed","message":"The method is not allowed for the requested URL.","status":405}

2026-05-26 15:53:12.331 | ERROR    | app.services.dify_sync_service:_create_document:118 | DifySync: 创建文档失败 book=99 status=405 body={"code":"method_not_allowed","message":"The method is not allowed for the requested URL.","status":405}

2026-05-26 15:53:12.730 | ERROR    | app.services.dify_sync_service:_create_document:118 | DifySync: 创建文档失败 book=66 status=405 body={"code":"method_not_allowed","message":"The method is not allowed for the requested URL.","status":405}

2026-05-26 15:53:13.194 | ERROR    | app.services.dify_sync_service:_create_document:118 | DifySync: 创建文档失败 book=67 status=405 body={"code":"method_not_allowed","message":"The method is not allowed for the requested URL.","status":405}

2026-05-26 15:53:13.329 | ERROR    | app.services.dify_sync_service:_create_document:118 | DifySync: 创建文档失败 book=100 status=405 body={"code":"method_not_allowed","message":"The method is not allowed for the requested URL.","status":405}

2026-05-26 15:53:14.389 | ERROR    | app.services.dify_sync_service:_create_document:118 | DifySync: 创建文档失败 book=68 status=405 body={"code":"method_not_allowed","message":"The method is not allowed for the requested URL.","status":405}

2026-05-26 15:53:14.778 | ERROR    | app.services.dify_sync_service:_create_document:118 | DifySync: 创建文档失败 book=101 status=405 body={"code":"method_not_allowed","message":"The method is not allowed for the requested URL.","status":405}

2026-05-26 15:53:14.955 | ERROR    | app.services.dify_sync_service:_create_document:118 | DifySync: 创建文档失败 book=69 status=405 body={"code":"method_not_allowed","message":"The method is not allowed for the requested URL.","status":405}

2026-05-26 15:53:15.907 | ERROR    | app.services.dify_sync_service:_create_document:118 | DifySync: 创建文档失败 book=70 status=405 body={"code":"method_not_allowed","message":"The method is not allowed for the requested URL.","status":405}

2026-05-26 15:53:16.033 | ERROR    | app.services.dify_sync_service:_create_document:118 | DifySync: 创建文档失败 book=102 status=405 body={"code":"method_not_allowed","message":"The method is not allowed for the requested URL.","status":405}

2026-05-26 15:53:16.813 | ERROR    | app.services.dify_sync_service:_create_document:118 | DifySync: 创建文档失败 book=103 status=405 body={"code":"method_not_allowed","message":"The method is not allowed for the requested URL.","status":405}

2026-05-26 15:53:17.895 | ERROR    | app.services.dify_sync_service:_create_document:118 | DifySync: 创建文档失败 book=104 status=405 body={"code":"method_not_allowed","message":"The method is not allowed for the requested URL.","status":405}

2026-05-26 15:53:18.633 | ERROR    | app.services.dify_sync_service:_create_document:118 | DifySync: 创建文档失败 book=71 status=405 body={"code":"method_not_allowed","message":"The method is not allowed for the requested URL.","status":405}

2026-05-26 15:53:19.216 | ERROR    | app.services.dify_sync_service:_create_document:118 | DifySync: 创建文档失败 book=72 status=405 body={"code":"method_not_allowed","message":"The method is not allowed for the requested URL.","status":405}

2026-05-26 15:53:19.340 | ERROR    | app.services.dify_sync_service:_create_document:118 | DifySync: 创建文档失败 book=73 status=405 body={"code":"method_not_allowed","message":"The method is not allowed for the requested URL.","status":405}

2026-05-26 15:53:19.527 | ERROR    | app.services.dify_sync_service:_create_document:118 | DifySync: 创建文档失败 book=105 status=405 body={"code":"method_not_allowed","message":"The method is not allowed for the requested URL.","status":405}

2026-05-26 15:53:19.767 | ERROR    | app.services.dify_sync_service:_create_document:118 | DifySync: 创建文档失败 book=74 status=405 body={"code":"method_not_allowed","message":"The method is not allowed for the requested URL.","status":405}

2026-05-26 15:53:19.774 | ERROR    | app.services.dify_sync_service:_create_document:118 | DifySync: 创建文档失败 book=106 status=405 body={"code":"method_not_allowed","message":"The method is not allowed for the requested URL.","status":405}

2026-05-26 15:53:21.209 | ERROR    | app.services.dify_sync_service:_create_document:118 | DifySync: 创建文档失败 book=107 status=405 body={"code":"method_not_allowed","message":"The method is not allowed for the requested URL.","status":405}

2026-05-26 15:53:21.631 | ERROR    | app.services.dify_sync_service:_create_document:118 | DifySync: 创建文档失败 book=75 status=405 body={"code":"method_not_allowed","message":"The method is not allowed for the requested URL.","status":405}

2026-05-26 15:53:22.804 | ERROR    | app.services.dify_sync_service:_create_document:118 | DifySync: 创建文档失败 book=76 status=405 body={"code":"method_not_allowed","message":"The method is not allowed for the requested URL.","status":405}

2026-05-26 15:53:23.674 | ERROR    | app.services.dify_sync_service:_create_document:118 | DifySync: 创建文档失败 book=77 status=405 body={"code":"method_not_allowed","message":"The method is not allowed for the requested URL.","status":405}

2026-05-26 15:53:25.139 | ERROR    | app.services.dify_sync_service:_create_document:118 | DifySync: 创建文档失败 book=78 status=405 body={"code":"method_not_allowed","message":"The method is not allowed for the requested URL.","status":405}

2026-05-26 15:53:26.225 | ERROR    | app.services.dify_sync_service:_create_document:118 | DifySync: 创建文档失败 book=79 status=405 body={"code":"method_not_allowed","message":"The method is not allowed for the requested URL.","status":405}

2026-05-26 15:53:26.999 | ERROR    | app.services.dify_sync_service:_create_document:118 | DifySync: 创建文档失败 book=80 status=405 body={"code":"method_not_allowed","message":"The method is not allowed for the requested URL.","status":405}

2026-05-26 15:53:28.403 | ERROR    | app.services.dify_sync_service:_create_document:118 | DifySync: 创建文档失败 book=81 status=405 body={"code":"method_not_allowed","message":"The method is not allowed for the requested URL.","status":405}

2026-05-26 15:53:29.383 | ERROR    | app.services.dify_sync_service:_create_document:118 | DifySync: 创建文档失败 book=82 status=405 body={"code":"method_not_allowed","message":"The method is not allowed for the requested URL.","status":405}

2026-05-26 15:53:30.200 | ERROR    | app.services.dify_sync_service:_create_document:118 | DifySync: 创建文档失败 book=83 status=405 body={"code":"method_not_allowed","message":"The method is not allowed for the requested URL.","status":405}

2026-05-26 15:53:31.090 | ERROR    | app.services.dify_sync_service:_create_document:118 | DifySync: 创建文档失败 book=84 status=405 body={"code":"method_not_allowed","message":"The method is not allowed for the requested URL.","status":405}

2026-05-26 15:53:32.929 | ERROR    | app.services.dify_sync_service:_create_document:118 | DifySync: 创建文档失败 book=85 status=405 body={"code":"method_not_allowed","message":"The method is not allowed for the requested URL.","status":405}

2026-05-26 15:53:33.805 | ERROR    | app.services.dify_sync_service:_create_document:118 | DifySync: 创建文档失败 book=86 status=405 body={"code":"method_not_allowed","message":"The method is not allowed for the requested URL.","status":405}

2026-05-26 15:53:33.826 | ERROR    | app.services.dify_sync_service:_create_document:118 | DifySync: 创建文档失败 book=87 status=405 body={"code":"method_not_allowed","message":"The method is not allowed for the requested URL.","status":405}

2026-05-26 15:53:34.626 | ERROR    | app.services.dify_sync_service:_create_document:118 | DifySync: 创建文档失败 book=88 status=405 body={"code":"method_not_allowed","message":"The method is not allowed for the requested URL.","status":405}

2026-05-26 15:53:36.781 | ERROR    | app.services.dify_sync_service:_create_document:118 | DifySync: 创建文档失败 book=89 status=405 body={"code":"method_not_allowed","message":"The method is not allowed for the requested URL.","status":405}

2026-05-26 15:53:36.857 | ERROR    | app.services.dify_sync_service:_create_document:118 | DifySync: 创建文档失败 book=90 status=405 body={"code":"method_not_allowed","message":"The method is not allowed for the requested URL.","status":405}

2026-05-26 15:53:38.157 | ERROR    | app.services.dify_sync_service:_create_document:118 | DifySync: 创建文档失败 book=91 status=405 body={"code":"method_not_allowed","message":"The method is not allowed for the requested URL.","status":405}

2026-05-26 15:53:39.451 | ERROR    | app.services.dify_sync_service:_create_document:118 | DifySync: 创建文档失败 book=92 status=405 body={"code":"method_not_allowed","message":"The method is not allowed for the requested URL.","status":405}

2026-05-26 15:53:40.510 | ERROR    | app.services.dify_sync_service:_create_document:118 | DifySync: 创建文档失败 book=93 status=405 body={"code":"method_not_allowed","message":"The method is not allowed for the requested URL.","status":405}

2026-05-26 15:53:41.917 | ERROR    | app.services.dify_sync_service:_create_document:118 | DifySync: 创建文档失败 book=94 status=405 body={"code":"method_not_allowed","message":"The method is not allowed for the requested URL.","status":405}

2026-05-26 15:53:43.926 | ERROR    | app.services.dify_sync_service:_create_document:118 | DifySync: 创建文档失败 book=95 status=405 body={"code":"method_not_allowed","message":"The method is not allowed for the requested URL.","status":405}

2026-05-26 15:53:44.600 | ERROR    | app.services.dify_sync_service:_create_document:118 | DifySync: 创建文档失败 book=96 status=405 body={"code":"method_not_allowed","message":"The method is not allowed for the requested URL.","status":405}

2026-05-26 15:53:45.587 | ERROR    | app.services.dify_sync_service:_create_document:118 | DifySync: 创建文档失败 book=97 status=405 body={"code":"method_not_allowed","message":"The method is not allowed for the requested URL.","status":405}

2026-05-26 15:53:46.494 | ERROR    | app.services.dify_sync_service:_create_document:118 | DifySync: 创建文档失败 book=98 status=405 body={"code":"method_not_allowed","message":"The method is not allowed for the requested URL.","status":405}

2026-05-26 15:53:47.410 | ERROR    | app.services.dify_sync_service:_create_document:118 | DifySync: 创建文档失败 book=99 status=405 body={"code":"method_not_allowed","message":"The method is not allowed for the requested URL.","status":405}

2026-05-26 15:53:49.304 | ERROR    | app.services.dify_sync_service:_create_document:118 | DifySync: 创建文档失败 book=100 status=405 body={"code":"method_not_allowed","message":"The method is not allowed for the requested URL.","status":405}

2026-05-26 15:53:51.353 | ERROR    | app.services.dify_sync_service:_create_document:118 | DifySync: 创建文档失败 book=101 status=405 body={"code":"method_not_allowed","message":"The method is not allowed for the requested URL.","status":405}

2026-05-26 15:53:52.339 | ERROR    | app.services.dify_sync_service:_create_document:118 | DifySync: 创建文档失败 book=102 status=405 body={"code":"method_not_allowed","message":"The method is not allowed for the requested URL.","status":405}

2026-05-26 15:53:53.802 | ERROR    | app.services.dify_sync_service:_create_document:118 | DifySync: 创建文档失败 book=103 status=405 body={"code":"method_not_allowed","message":"The method is not allowed for the requested URL.","status":405}

2026-05-26 15:53:54.124 | ERROR    | app.services.dify_sync_service:_create_document:118 | DifySync: 创建文档失败 book=104 status=405 body={"code":"method_not_allowed","message":"The method is not allowed for the requested URL.","status":405}

2026-05-26 15:53:54.600 | ERROR    | app.services.dify_sync_service:_create_document:118 | DifySync: 创建文档失败 book=105 status=405 body={"code":"method_not_allowed","message":"The method is not allowed for the requested URL.","status":405}

2026-05-26 15:53:55.334 | ERROR    | app.services.dify_sync_service:_create_document:118 | DifySync: 创建文档失败 book=106 status=405 body={"code":"method_not_allowed","message":"The method is not allowed for the requested URL.","status":405}

2026-05-26 15:53:55.981 | ERROR    | app.services.dify_sync_service:_create_document:118 | DifySync: 创建文档失败 book=107 status=405 body={"code":"method_not_allowed","message":"The method is not allowed for the requested URL.","status":405}

2026-05-26 15:56:06.540 | ERROR    | app.services.dify_sync_service:_create_document:118 | DifySync: 创建文档失败 book=1 status=405 body={"code":"method_not_allowed","message":"The method is not allowed for the requested URL.","status":405}

2026-05-26 15:56:06.655 | ERROR    | app.services.dify_sync_service:_create_document:118 | DifySync: 创建文档失败 book=1 status=405 body={"code":"method_not_allowed","message":"The method is not allowed for the requested URL.","status":405}

2026-05-26 15:56:08.397 | ERROR    | app.services.dify_sync_service:_create_document:118 | DifySync: 创建文档失败 book=2 status=405 body={"code":"method_not_allowed","message":"The method is not allowed for the requested URL.","status":405}

2026-05-26 15:56:08.439 | ERROR    | app.services.dify_sync_service:_create_document:118 | DifySync: 创建文档失败 book=2 status=405 body={"code":"method_not_allowed","message":"The method is not allowed for the requested URL.","status":405}

2026-05-26 15:56:08.676 | ERROR    | app.services.dify_sync_service:_create_document:118 | DifySync: 创建文档失败 book=3 status=405 body={"code":"method_not_allowed","message":"The method is not allowed for the requested URL.","status":405}

2026-05-26 15:56:09.001 | ERROR    | app.services.dify_sync_service:_create_document:118 | DifySync: 创建文档失败 book=3 status=405 body={"code":"method_not_allowed","message":"The method is not allowed for the requested URL.","status":405}

2026-05-26 15:56:09.292 | ERROR    | app.services.dify_sync_service:_create_document:118 | DifySync: 创建文档失败 book=4 status=405 body={"code":"method_not_allowed","message":"The method is not allowed for the requested URL.","status":405}

2026-05-26 15:56:09.324 | ERROR    | app.services.dify_sync_service:_create_document:118 | DifySync: 创建文档失败 book=4 status=405 body={"code":"method_not_allowed","message":"The method is not allowed for the requested URL.","status":405}

2026-05-26 15:56:11.125 | ERROR    | app.services.dify_sync_service:_create_document:118 | DifySync: 创建文档失败 book=5 status=405 body={"code":"method_not_allowed","message":"The method is not allowed for the requested URL.","status":405}

2026-05-26 15:56:11.159 | ERROR    | app.services.dify_sync_service:_create_document:118 | DifySync: 创建文档失败 book=5 status=405 body={"code":"method_not_allowed","message":"The method is not allowed for the requested URL.","status":405}

2026-05-26 15:56:13.119 | ERROR    | app.services.dify_sync_service:_create_document:118 | DifySync: 创建文档失败 book=6 status=405 body={"code":"method_not_allowed","message":"The method is not allowed for the requested URL.","status":405}

2026-05-26 15:56:13.122 | ERROR    | app.services.dify_sync_service:_create_document:118 | DifySync: 创建文档失败 book=6 status=405 body={"code":"method_not_allowed","message":"The method is not allowed for the requested URL.","status":405}

2026-05-26 15:56:14.177 | ERROR    | app.services.dify_sync_service:_create_document:118 | DifySync: 创建文档失败 book=7 status=405 body={"code":"method_not_allowed","message":"The method is not allowed for the requested URL.","status":405}

2026-05-26 15:56:14.274 | ERROR    | app.services.dify_sync_service:_create_document:118 | DifySync: 创建文档失败 book=7 status=405 body={"code":"method_not_allowed","message":"The method is not allowed for the requested URL.","status":405}

2026-05-26 15:56:16.126 | ERROR    | app.services.dify_sync_service:_create_document:118 | DifySync: 创建文档失败 book=9 status=405 body={"code":"method_not_allowed","message":"The method is not allowed for the requested URL.","status":405}

2026-05-26 15:56:16.152 | ERROR    | app.services.dify_sync_service:_create_document:118 | DifySync: 创建文档失败 book=11 status=405 body={"code":"method_not_allowed","message":"The method is not allowed for the requested URL.","status":405}

2026-05-26 15:56:16.171 | ERROR    | app.services.dify_sync_service:_create_document:118 | DifySync: 创建文档失败 book=9 status=405 body={"code":"method_not_allowed","message":"The method is not allowed for the requested URL.","status":405}

2026-05-26 15:56:17.320 | ERROR    | app.services.dify_sync_service:_create_document:118 | DifySync: 创建文档失败 book=11 status=405 body={"code":"method_not_allowed","message":"The method is not allowed for the requested URL.","status":405}

2026-05-26 15:56:17.368 | ERROR    | app.services.dify_sync_service:_create_document:118 | DifySync: 创建文档失败 book=12 status=405 body={"code":"method_not_allowed","message":"The method is not allowed for the requested URL.","status":405}

2026-05-26 15:56:17.413 | ERROR    | app.services.dify_sync_service:_create_document:118 | DifySync: 创建文档失败 book=10 status=405 body={"code":"method_not_allowed","message":"The method is not allowed for the requested URL.","status":405}

2026-05-26 15:56:17.522 | ERROR    | app.services.dify_sync_service:_create_document:118 | DifySync: 创建文档失败 book=12 status=405 body={"code":"method_not_allowed","message":"The method is not allowed for the requested URL.","status":405}

2026-05-26 15:56:17.698 | ERROR    | app.services.dify_sync_service:_create_document:118 | DifySync: 创建文档失败 book=10 status=405 body={"code":"method_not_allowed","message":"The method is not allowed for the requested URL.","status":405}

2026-05-26 15:56:17.739 | ERROR    | app.services.dify_sync_service:_create_document:118 | DifySync: 创建文档失败 book=13 status=405 body={"code":"method_not_allowed","message":"The method is not allowed for the requested URL.","status":405}

2026-05-26 15:56:18.755 | ERROR    | app.services.dify_sync_service:_create_document:118 | DifySync: 创建文档失败 book=13 status=405 body={"code":"method_not_allowed","message":"The method is not allowed for the requested URL.","status":405}

2026-05-26 15:56:18.792 | ERROR    | app.services.dify_sync_service:_create_document:118 | DifySync: 创建文档失败 book=14 status=405 body={"code":"method_not_allowed","message":"The method is not allowed for the requested URL.","status":405}

2026-05-26 15:56:18.929 | ERROR    | app.services.dify_sync_service:_create_document:118 | DifySync: 创建文档失败 book=14 status=405 body={"code":"method_not_allowed","message":"The method is not allowed for the requested URL.","status":405}

2026-05-26 15:56:19.302 | ERROR    | app.services.dify_sync_service:_create_document:118 | DifySync: 创建文档失败 book=15 status=405 body={"code":"method_not_allowed","message":"The method is not allowed for the requested URL.","status":405}

2026-05-26 15:56:19.633 | ERROR    | app.services.dify_sync_service:_create_document:118 | DifySync: 创建文档失败 book=15 status=405 body={"code":"method_not_allowed","message":"The method is not allowed for the requested URL.","status":405}

2026-05-26 15:56:22.029 | ERROR    | app.services.dify_sync_service:_create_document:118 | DifySync: 创建文档失败 book=16 status=405 body={"code":"method_not_allowed","message":"The method is not allowed for the requested URL.","status":405}

2026-05-26 15:56:22.230 | ERROR    | app.services.dify_sync_service:_create_document:118 | DifySync: 创建文档失败 book=16 status=405 body={"code":"method_not_allowed","message":"The method is not allowed for the requested URL.","status":405}

2026-05-26 15:56:22.997 | ERROR    | app.services.dify_sync_service:_create_document:118 | DifySync: 创建文档失败 book=17 status=405 body={"code":"method_not_allowed","message":"The method is not allowed for the requested URL.","status":405}

2026-05-26 15:56:23.125 | ERROR    | app.services.dify_sync_service:_create_document:118 | DifySync: 创建文档失败 book=17 status=405 body={"code":"method_not_allowed","message":"The method is not allowed for the requested URL.","status":405}

2026-05-26 15:56:23.835 | ERROR    | app.services.dify_sync_service:_create_document:118 | DifySync: 创建文档失败 book=18 status=405 body={"code":"method_not_allowed","message":"The method is not allowed for the requested URL.","status":405}

2026-05-26 15:56:24.797 | ERROR    | app.services.dify_sync_service:_create_document:118 | DifySync: 创建文档失败 book=19 status=405 body={"code":"method_not_allowed","message":"The method is not allowed for the requested URL.","status":405}

2026-05-26 15:56:24.819 | ERROR    | app.services.dify_sync_service:_create_document:118 | DifySync: 创建文档失败 book=18 status=405 body={"code":"method_not_allowed","message":"The method is not allowed for the requested URL.","status":405}

2026-05-26 15:56:24.856 | ERROR    | app.services.dify_sync_service:_create_document:118 | DifySync: 创建文档失败 book=19 status=405 body={"code":"method_not_allowed","message":"The method is not allowed for the requested URL.","status":405}

2026-05-26 15:56:25.428 | ERROR    | app.services.dify_sync_service:_create_document:118 | DifySync: 创建文档失败 book=20 status=405 body={"code":"method_not_allowed","message":"The method is not allowed for the requested URL.","status":405}

2026-05-26 15:56:26.168 | ERROR    | app.services.dify_sync_service:_create_document:118 | DifySync: 创建文档失败 book=21 status=405 body={"code":"method_not_allowed","message":"The method is not allowed for the requested URL.","status":405}

2026-05-26 15:56:26.285 | ERROR    | app.services.dify_sync_service:_create_document:118 | DifySync: 创建文档失败 book=20 status=405 body={"code":"method_not_allowed","message":"The method is not allowed for the requested URL.","status":405}

2026-05-26 15:56:27.094 | ERROR    | app.services.dify_sync_service:_create_document:118 | DifySync: 创建文档失败 book=21 status=405 body={"code":"method_not_allowed","message":"The method is not allowed for the requested URL.","status":405}

2026-05-26 15:56:27.305 | ERROR    | app.services.dify_sync_service:_create_document:118 | DifySync: 创建文档失败 book=22 status=405 body={"code":"method_not_allowed","message":"The method is not allowed for the requested URL.","status":405}

2026-05-26 15:56:27.421 | ERROR    | app.services.dify_sync_service:_create_document:118 | DifySync: 创建文档失败 book=22 status=405 body={"code":"method_not_allowed","message":"The method is not allowed for the requested URL.","status":405}

2026-05-26 15:56:27.671 | ERROR    | app.services.dify_sync_service:_create_document:118 | DifySync: 创建文档失败 book=23 status=405 body={"code":"method_not_allowed","message":"The method is not allowed for the requested URL.","status":405}

2026-05-26 15:56:27.838 | ERROR    | app.services.dify_sync_service:_create_document:118 | DifySync: 创建文档失败 book=23 status=405 body={"code":"method_not_allowed","message":"The method is not allowed for the requested URL.","status":405}

2026-05-26 15:56:29.122 | ERROR    | app.services.dify_sync_service:_create_document:118 | DifySync: 创建文档失败 book=24 status=405 body={"code":"method_not_allowed","message":"The method is not allowed for the requested URL.","status":405}

2026-05-26 15:56:30.013 | ERROR    | app.services.dify_sync_service:_create_document:118 | DifySync: 创建文档失败 book=24 status=405 body={"code":"method_not_allowed","message":"The method is not allowed for the requested URL.","status":405}

2026-05-26 15:56:31.012 | ERROR    | app.services.dify_sync_service:_create_document:118 | DifySync: 创建文档失败 book=25 status=405 body={"code":"method_not_allowed","message":"The method is not allowed for the requested URL.","status":405}

2026-05-26 15:56:31.223 | ERROR    | app.services.dify_sync_service:_create_document:118 | DifySync: 创建文档失败 book=25 status=405 body={"code":"method_not_allowed","message":"The method is not allowed for the requested URL.","status":405}

2026-05-26 15:56:31.928 | ERROR    | app.services.dify_sync_service:_create_document:118 | DifySync: 创建文档失败 book=26 status=405 body={"code":"method_not_allowed","message":"The method is not allowed for the requested URL.","status":405}

2026-05-26 15:56:31.990 | ERROR    | app.services.dify_sync_service:_create_document:118 | DifySync: 创建文档失败 book=26 status=405 body={"code":"method_not_allowed","message":"The method is not allowed for the requested URL.","status":405}

2026-05-26 15:56:35.450 | ERROR    | app.services.dify_sync_service:_create_document:118 | DifySync: 创建文档失败 book=27 status=405 body={"code":"method_not_allowed","message":"The method is not allowed for the requested URL.","status":405}

2026-05-26 15:56:35.545 | ERROR    | app.services.dify_sync_service:_create_document:118 | DifySync: 创建文档失败 book=27 status=405 body={"code":"method_not_allowed","message":"The method is not allowed for the requested URL.","status":405}

2026-05-26 15:56:36.788 | ERROR    | app.services.dify_sync_service:_create_document:118 | DifySync: 创建文档失败 book=28 status=405 body={"code":"method_not_allowed","message":"The method is not allowed for the requested URL.","status":405}

2026-05-26 15:56:36.825 | ERROR    | app.services.dify_sync_service:_create_document:118 | DifySync: 创建文档失败 book=29 status=405 body={"code":"method_not_allowed","message":"The method is not allowed for the requested URL.","status":405}

2026-05-26 15:56:37.750 | ERROR    | app.services.dify_sync_service:_create_document:118 | DifySync: 创建文档失败 book=29 status=405 body={"code":"method_not_allowed","message":"The method is not allowed for the requested URL.","status":405}

2026-05-26 15:56:37.819 | ERROR    | app.services.dify_sync_service:_create_document:118 | DifySync: 创建文档失败 book=28 status=405 body={"code":"method_not_allowed","message":"The method is not allowed for the requested URL.","status":405}

2026-05-26 15:56:38.233 | ERROR    | app.services.dify_sync_service:_create_document:118 | DifySync: 创建文档失败 book=1 status=405 body={"code":"method_not_allowed","message":"The method is not allowed for the requested URL.","status":405}

2026-05-26 15:56:38.524 | ERROR    | app.services.dify_sync_service:_create_document:118 | DifySync: 创建文档失败 book=30 status=405 body={"code":"method_not_allowed","message":"The method is not allowed for the requested URL.","status":405}

2026-05-26 15:56:39.313 | ERROR    | app.services.dify_sync_service:_create_document:118 | DifySync: 创建文档失败 book=1 status=405 body={"code":"method_not_allowed","message":"The method is not allowed for the requested URL.","status":405}

2026-05-26 15:56:39.510 | ERROR    | app.services.dify_sync_service:_create_document:118 | DifySync: 创建文档失败 book=30 status=405 body={"code":"method_not_allowed","message":"The method is not allowed for the requested URL.","status":405}

2026-05-26 15:56:39.702 | ERROR    | app.services.dify_sync_service:_create_document:118 | DifySync: 创建文档失败 book=3 status=405 body={"code":"method_not_allowed","message":"The method is not allowed for the requested URL.","status":405}

2026-05-26 15:56:39.825 | ERROR    | app.services.dify_sync_service:_create_document:118 | DifySync: 创建文档失败 book=31 status=405 body={"code":"method_not_allowed","message":"The method is not allowed for the requested URL.","status":405}

2026-05-26 15:56:39.835 | ERROR    | app.services.dify_sync_service:_create_document:118 | DifySync: 创建文档失败 book=31 status=405 body={"code":"method_not_allowed","message":"The method is not allowed for the requested URL.","status":405}

2026-05-26 15:56:40.198 | ERROR    | app.services.dify_sync_service:_create_document:118 | DifySync: 创建文档失败 book=3 status=405 body={"code":"method_not_allowed","message":"The method is not allowed for the requested URL.","status":405}

2026-05-26 15:56:40.207 | ERROR    | app.services.dify_sync_service:_create_document:118 | DifySync: 创建文档失败 book=32 status=405 body={"code":"method_not_allowed","message":"The method is not allowed for the requested URL.","status":405}

2026-05-26 15:56:40.413 | ERROR    | app.services.dify_sync_service:_create_document:118 | DifySync: 创建文档失败 book=2 status=405 body={"code":"method_not_allowed","message":"The method is not allowed for the requested URL.","status":405}

2026-05-26 15:56:40.491 | ERROR    | app.services.dify_sync_service:_create_document:118 | DifySync: 创建文档失败 book=2 status=405 body={"code":"method_not_allowed","message":"The method is not allowed for the requested URL.","status":405}

2026-05-26 15:56:41.144 | ERROR    | app.services.dify_sync_service:_create_document:118 | DifySync: 创建文档失败 book=4 status=405 body={"code":"method_not_allowed","message":"The method is not allowed for the requested URL.","status":405}

2026-05-26 15:56:41.242 | ERROR    | app.services.dify_sync_service:_create_document:118 | DifySync: 创建文档失败 book=4 status=405 body={"code":"method_not_allowed","message":"The method is not allowed for the requested URL.","status":405}

2026-05-26 15:56:41.507 | ERROR    | app.services.dify_sync_service:_create_document:118 | DifySync: 创建文档失败 book=32 status=405 body={"code":"method_not_allowed","message":"The method is not allowed for the requested URL.","status":405}

2026-05-26 15:56:41.545 | ERROR    | app.services.dify_sync_service:_create_document:118 | DifySync: 创建文档失败 book=33 status=405 body={"code":"method_not_allowed","message":"The method is not allowed for the requested URL.","status":405}

2026-05-26 15:56:41.567 | ERROR    | app.services.dify_sync_service:_create_document:118 | DifySync: 创建文档失败 book=33 status=405 body={"code":"method_not_allowed","message":"The method is not allowed for the requested URL.","status":405}

2026-05-26 15:56:43.123 | ERROR    | app.services.dify_sync_service:_create_document:118 | DifySync: 创建文档失败 book=5 status=405 body={"code":"method_not_allowed","message":"The method is not allowed for the requested URL.","status":405}

2026-05-26 15:56:43.657 | ERROR    | app.services.dify_sync_service:_create_document:118 | DifySync: 创建文档失败 book=6 status=405 body={"code":"method_not_allowed","message":"The method is not allowed for the requested URL.","status":405}

2026-05-26 15:56:43.659 | ERROR    | app.services.dify_sync_service:_create_document:118 | DifySync: 创建文档失败 book=5 status=405 body={"code":"method_not_allowed","message":"The method is not allowed for the requested URL.","status":405}

2026-05-26 15:56:44.000 | ERROR    | app.services.dify_sync_service:_create_document:118 | DifySync: 创建文档失败 book=6 status=405 body={"code":"method_not_allowed","message":"The method is not allowed for the requested URL.","status":405}

2026-05-26 15:56:44.032 | ERROR    | app.services.dify_sync_service:_create_document:118 | DifySync: 创建文档失败 book=35 status=405 body={"code":"method_not_allowed","message":"The method is not allowed for the requested URL.","status":405}

2026-05-26 15:56:44.044 | ERROR    | app.services.dify_sync_service:_create_document:118 | DifySync: 创建文档失败 book=35 status=405 body={"code":"method_not_allowed","message":"The method is not allowed for the requested URL.","status":405}

2026-05-26 15:56:44.130 | ERROR    | app.services.dify_sync_service:_create_document:118 | DifySync: 创建文档失败 book=7 status=405 body={"code":"method_not_allowed","message":"The method is not allowed for the requested URL.","status":405}

2026-05-26 15:56:44.196 | ERROR    | app.services.dify_sync_service:_create_document:118 | DifySync: 创建文档失败 book=34 status=405 body={"code":"method_not_allowed","message":"The method is not allowed for the requested URL.","status":405}

2026-05-26 15:56:44.207 | ERROR    | app.services.dify_sync_service:_create_document:118 | DifySync: 创建文档失败 book=34 status=405 body={"code":"method_not_allowed","message":"The method is not allowed for the requested URL.","status":405}

2026-05-26 15:56:44.423 | ERROR    | app.services.dify_sync_service:_create_document:118 | DifySync: 创建文档失败 book=9 status=405 body={"code":"method_not_allowed","message":"The method is not allowed for the requested URL.","status":405}

2026-05-26 15:56:44.440 | ERROR    | app.services.dify_sync_service:_create_document:118 | DifySync: 创建文档失败 book=9 status=405 body={"code":"method_not_allowed","message":"The method is not allowed for the requested URL.","status":405}

2026-05-26 15:56:45.104 | ERROR    | app.services.dify_sync_service:_create_document:118 | DifySync: 创建文档失败 book=10 status=405 body={"code":"method_not_allowed","message":"The method is not allowed for the requested URL.","status":405}

2026-05-26 15:56:45.142 | ERROR    | app.services.dify_sync_service:_create_document:118 | DifySync: 创建文档失败 book=10 status=405 body={"code":"method_not_allowed","message":"The method is not allowed for the requested URL.","status":405}

2026-05-26 15:56:45.541 | ERROR    | app.services.dify_sync_service:_create_document:118 | DifySync: 创建文档失败 book=7 status=405 body={"code":"method_not_allowed","message":"The method is not allowed for the requested URL.","status":405}

2026-05-26 15:56:45.840 | ERROR    | app.services.dify_sync_service:_create_document:118 | DifySync: 创建文档失败 book=36 status=405 body={"code":"method_not_allowed","message":"The method is not allowed for the requested URL.","status":405}

2026-05-26 15:56:46.135 | ERROR    | app.services.dify_sync_service:_create_document:118 | DifySync: 创建文档失败 book=11 status=405 body={"code":"method_not_allowed","message":"The method is not allowed for the requested URL.","status":405}

2026-05-26 15:56:46.279 | ERROR    | app.services.dify_sync_service:_create_document:118 | DifySync: 创建文档失败 book=11 status=405 body={"code":"method_not_allowed","message":"The method is not allowed for the requested URL.","status":405}

2026-05-26 15:56:46.284 | ERROR    | app.services.dify_sync_service:_create_document:118 | DifySync: 创建文档失败 book=36 status=405 body={"code":"method_not_allowed","message":"The method is not allowed for the requested URL.","status":405}

2026-05-26 15:56:46.577 | ERROR    | app.services.dify_sync_service:_create_document:118 | DifySync: 创建文档失败 book=37 status=405 body={"code":"method_not_allowed","message":"The method is not allowed for the requested URL.","status":405}

2026-05-26 15:56:46.590 | ERROR    | app.services.dify_sync_service:_create_document:118 | DifySync: 创建文档失败 book=37 status=405 body={"code":"method_not_allowed","message":"The method is not allowed for the requested URL.","status":405}

2026-05-26 15:56:47.303 | ERROR    | app.services.dify_sync_service:_create_document:118 | DifySync: 创建文档失败 book=12 status=405 body={"code":"method_not_allowed","message":"The method is not allowed for the requested URL.","status":405}

2026-05-26 15:56:47.309 | ERROR    | app.services.dify_sync_service:_create_document:118 | DifySync: 创建文档失败 book=12 status=405 body={"code":"method_not_allowed","message":"The method is not allowed for the requested URL.","status":405}

2026-05-26 15:56:47.686 | ERROR    | app.services.dify_sync_service:_create_document:118 | DifySync: 创建文档失败 book=38 status=405 body={"code":"method_not_allowed","message":"The method is not allowed for the requested URL.","status":405}

2026-05-26 15:56:47.701 | ERROR    | app.services.dify_sync_service:_create_document:118 | DifySync: 创建文档失败 book=38 status=405 body={"code":"method_not_allowed","message":"The method is not allowed for the requested URL.","status":405}

2026-05-26 15:56:48.026 | ERROR    | app.services.dify_sync_service:_create_document:118 | DifySync: 创建文档失败 book=13 status=405 body={"code":"method_not_allowed","message":"The method is not allowed for the requested URL.","status":405}

2026-05-26 15:56:48.235 | ERROR    | app.services.dify_sync_service:_create_document:118 | DifySync: 创建文档失败 book=13 status=405 body={"code":"method_not_allowed","message":"The method is not allowed for the requested URL.","status":405}

2026-05-26 15:56:48.470 | ERROR    | app.services.dify_sync_service:_create_document:118 | DifySync: 创建文档失败 book=39 status=405 body={"code":"method_not_allowed","message":"The method is not allowed for the requested URL.","status":405}

2026-05-26 15:56:48.504 | ERROR    | app.services.dify_sync_service:_create_document:118 | DifySync: 创建文档失败 book=14 status=405 body={"code":"method_not_allowed","message":"The method is not allowed for the requested URL.","status":405}

2026-05-26 15:56:48.635 | ERROR    | app.services.dify_sync_service:_create_document:118 | DifySync: 创建文档失败 book=39 status=405 body={"code":"method_not_allowed","message":"The method is not allowed for the requested URL.","status":405}

2026-05-26 15:56:49.118 | ERROR    | app.services.dify_sync_service:_create_document:118 | DifySync: 创建文档失败 book=14 status=405 body={"code":"method_not_allowed","message":"The method is not allowed for the requested URL.","status":405}

2026-05-26 15:56:50.111 | ERROR    | app.services.dify_sync_service:_create_document:118 | DifySync: 创建文档失败 book=15 status=405 body={"code":"method_not_allowed","message":"The method is not allowed for the requested URL.","status":405}

2026-05-26 15:56:50.144 | ERROR    | app.services.dify_sync_service:_create_document:118 | DifySync: 创建文档失败 book=41 status=405 body={"code":"method_not_allowed","message":"The method is not allowed for the requested URL.","status":405}

2026-05-26 15:56:50.236 | ERROR    | app.services.dify_sync_service:_create_document:118 | DifySync: 创建文档失败 book=41 status=405 body={"code":"method_not_allowed","message":"The method is not allowed for the requested URL.","status":405}

2026-05-26 15:56:50.445 | ERROR    | app.services.dify_sync_service:_create_document:118 | DifySync: 创建文档失败 book=40 status=405 body={"code":"method_not_allowed","message":"The method is not allowed for the requested URL.","status":405}

2026-05-26 15:56:50.697 | ERROR    | app.services.dify_sync_service:_create_document:118 | DifySync: 创建文档失败 book=15 status=405 body={"code":"method_not_allowed","message":"The method is not allowed for the requested URL.","status":405}

2026-05-26 15:56:50.816 | ERROR    | app.services.dify_sync_service:_create_document:118 | DifySync: 创建文档失败 book=40 status=405 body={"code":"method_not_allowed","message":"The method is not allowed for the requested URL.","status":405}

2026-05-26 15:56:51.945 | ERROR    | app.services.dify_sync_service:_create_document:118 | DifySync: 创建文档失败 book=42 status=405 body={"code":"method_not_allowed","message":"The method is not allowed for the requested URL.","status":405}

2026-05-26 15:56:52.736 | ERROR    | app.services.dify_sync_service:_create_document:118 | DifySync: 创建文档失败 book=44 status=405 body={"code":"method_not_allowed","message":"The method is not allowed for the requested URL.","status":405}

2026-05-26 15:56:52.746 | ERROR    | app.services.dify_sync_service:_create_document:118 | DifySync: 创建文档失败 book=42 status=405 body={"code":"method_not_allowed","message":"The method is not allowed for the requested URL.","status":405}

2026-05-26 15:56:52.889 | ERROR    | app.services.dify_sync_service:_create_document:118 | DifySync: 创建文档失败 book=17 status=405 body={"code":"method_not_allowed","message":"The method is not allowed for the requested URL.","status":405}

2026-05-26 15:56:52.891 | ERROR    | app.services.dify_sync_service:_create_document:118 | DifySync: 创建文档失败 book=44 status=405 body={"code":"method_not_allowed","message":"The method is not allowed for the requested URL.","status":405}

2026-05-26 15:56:53.003 | ERROR    | app.services.dify_sync_service:_create_document:118 | DifySync: 创建文档失败 book=17 status=405 body={"code":"method_not_allowed","message":"The method is not allowed for the requested URL.","status":405}

2026-05-26 15:56:53.953 | ERROR    | app.services.dify_sync_service:_create_document:118 | DifySync: 创建文档失败 book=16 status=405 body={"code":"method_not_allowed","message":"The method is not allowed for the requested URL.","status":405}

2026-05-26 15:56:54.182 | ERROR    | app.services.dify_sync_service:_create_document:118 | DifySync: 创建文档失败 book=45 status=405 body={"code":"method_not_allowed","message":"The method is not allowed for the requested URL.","status":405}

2026-05-26 15:56:54.198 | ERROR    | app.services.dify_sync_service:_create_document:118 | DifySync: 创建文档失败 book=16 status=405 body={"code":"method_not_allowed","message":"The method is not allowed for the requested URL.","status":405}

2026-05-26 15:56:54.200 | ERROR    | app.services.dify_sync_service:_create_document:118 | DifySync: 创建文档失败 book=45 status=405 body={"code":"method_not_allowed","message":"The method is not allowed for the requested URL.","status":405}

2026-05-26 15:56:54.568 | ERROR    | app.services.dify_sync_service:_create_document:118 | DifySync: 创建文档失败 book=18 status=405 body={"code":"method_not_allowed","message":"The method is not allowed for the requested URL.","status":405}

2026-05-26 15:56:54.902 | ERROR    | app.services.dify_sync_service:_create_document:118 | DifySync: 创建文档失败 book=46 status=405 body={"code":"method_not_allowed","message":"The method is not allowed for the requested URL.","status":405}

2026-05-26 15:56:54.951 | ERROR    | app.services.dify_sync_service:_create_document:118 | DifySync: 创建文档失败 book=43 status=405 body={"code":"method_not_allowed","message":"The method is not allowed for the requested URL.","status":405}

2026-05-26 15:56:55.064 | ERROR    | app.services.dify_sync_service:_create_document:118 | DifySync: 创建文档失败 book=19 status=405 body={"code":"method_not_allowed","message":"The method is not allowed for the requested URL.","status":405}

2026-05-26 15:56:55.218 | ERROR    | app.services.dify_sync_service:_create_document:118 | DifySync: 创建文档失败 book=19 status=405 body={"code":"method_not_allowed","message":"The method is not allowed for the requested URL.","status":405}

2026-05-26 15:56:55.462 | ERROR    | app.services.dify_sync_service:_create_document:118 | DifySync: 创建文档失败 book=18 status=405 body={"code":"method_not_allowed","message":"The method is not allowed for the requested URL.","status":405}

2026-05-26 15:56:55.602 | ERROR    | app.services.dify_sync_service:_create_document:118 | DifySync: 创建文档失败 book=47 status=405 body={"code":"method_not_allowed","message":"The method is not allowed for the requested URL.","status":405}

2026-05-26 15:56:55.607 | ERROR    | app.services.dify_sync_service:_create_document:118 | DifySync: 创建文档失败 book=43 status=405 body={"code":"method_not_allowed","message":"The method is not allowed for the requested URL.","status":405}

2026-05-26 15:56:55.653 | ERROR    | app.services.dify_sync_service:_create_document:118 | DifySync: 创建文档失败 book=46 status=405 body={"code":"method_not_allowed","message":"The method is not allowed for the requested URL.","status":405}

2026-05-26 15:56:55.734 | ERROR    | app.services.dify_sync_service:_create_document:118 | DifySync: 创建文档失败 book=20 status=405 body={"code":"method_not_allowed","message":"The method is not allowed for the requested URL.","status":405}

2026-05-26 15:56:55.740 | ERROR    | app.services.dify_sync_service:_create_document:118 | DifySync: 创建文档失败 book=20 status=405 body={"code":"method_not_allowed","message":"The method is not allowed for the requested URL.","status":405}

2026-05-26 15:56:55.868 | ERROR    | app.services.dify_sync_service:_create_document:118 | DifySync: 创建文档失败 book=47 status=405 body={"code":"method_not_allowed","message":"The method is not allowed for the requested URL.","status":405}

2026-05-26 15:56:57.718 | ERROR    | app.services.dify_sync_service:_create_document:118 | DifySync: 创建文档失败 book=21 status=405 body={"code":"method_not_allowed","message":"The method is not allowed for the requested URL.","status":405}

2026-05-26 15:56:57.762 | ERROR    | app.services.dify_sync_service:_create_document:118 | DifySync: 创建文档失败 book=21 status=405 body={"code":"method_not_allowed","message":"The method is not allowed for the requested URL.","status":405}

2026-05-26 15:56:58.769 | ERROR    | app.services.dify_sync_service:_create_document:118 | DifySync: 创建文档失败 book=49 status=405 body={"code":"method_not_allowed","message":"The method is not allowed for the requested URL.","status":405}

2026-05-26 15:56:58.892 | ERROR    | app.services.dify_sync_service:_create_document:118 | DifySync: 创建文档失败 book=49 status=405 body={"code":"method_not_allowed","message":"The method is not allowed for the requested URL.","status":405}

2026-05-26 15:57:00.125 | ERROR    | app.services.dify_sync_service:_create_document:118 | DifySync: 创建文档失败 book=50 status=405 body={"code":"method_not_allowed","message":"The method is not allowed for the requested URL.","status":405}

2026-05-26 15:57:00.128 | ERROR    | app.services.dify_sync_service:_create_document:118 | DifySync: 创建文档失败 book=50 status=405 body={"code":"method_not_allowed","message":"The method is not allowed for the requested URL.","status":405}

2026-05-26 15:57:00.735 | ERROR    | app.services.dify_sync_service:_create_document:118 | DifySync: 创建文档失败 book=48 status=405 body={"code":"method_not_allowed","message":"The method is not allowed for the requested URL.","status":405}

2026-05-26 15:57:00.854 | ERROR    | app.services.dify_sync_service:_create_document:118 | DifySync: 创建文档失败 book=51 status=405 body={"code":"method_not_allowed","message":"The method is not allowed for the requested URL.","status":405}

2026-05-26 15:57:00.861 | ERROR    | app.services.dify_sync_service:_create_document:118 | DifySync: 创建文档失败 book=22 status=405 body={"code":"method_not_allowed","message":"The method is not allowed for the requested URL.","status":405}

2026-05-26 15:57:01.048 | ERROR    | app.services.dify_sync_service:_create_document:118 | DifySync: 创建文档失败 book=51 status=405 body={"code":"method_not_allowed","message":"The method is not allowed for the requested URL.","status":405}

2026-05-26 15:57:01.060 | ERROR    | app.services.dify_sync_service:_create_document:118 | DifySync: 创建文档失败 book=23 status=405 body={"code":"method_not_allowed","message":"The method is not allowed for the requested URL.","status":405}

2026-05-26 15:57:01.247 | ERROR    | app.services.dify_sync_service:_create_document:118 | DifySync: 创建文档失败 book=23 status=405 body={"code":"method_not_allowed","message":"The method is not allowed for the requested URL.","status":405}

2026-05-26 15:57:01.249 | ERROR    | app.services.dify_sync_service:_create_document:118 | DifySync: 创建文档失败 book=53 status=405 body={"code":"method_not_allowed","message":"The method is not allowed for the requested URL.","status":405}

2026-05-26 15:57:01.251 | ERROR    | app.services.dify_sync_service:_create_document:118 | DifySync: 创建文档失败 book=53 status=405 body={"code":"method_not_allowed","message":"The method is not allowed for the requested URL.","status":405}

2026-05-26 15:57:01.757 | ERROR    | app.services.dify_sync_service:_create_document:118 | DifySync: 创建文档失败 book=48 status=405 body={"code":"method_not_allowed","message":"The method is not allowed for the requested URL.","status":405}

2026-05-26 15:57:01.884 | ERROR    | app.services.dify_sync_service:_create_document:118 | DifySync: 创建文档失败 book=22 status=405 body={"code":"method_not_allowed","message":"The method is not allowed for the requested URL.","status":405}

2026-05-26 15:57:01.967 | ERROR    | app.services.dify_sync_service:_create_document:118 | DifySync: 创建文档失败 book=54 status=405 body={"code":"method_not_allowed","message":"The method is not allowed for the requested URL.","status":405}

2026-05-26 15:57:02.084 | ERROR    | app.services.dify_sync_service:_create_document:118 | DifySync: 创建文档失败 book=54 status=405 body={"code":"method_not_allowed","message":"The method is not allowed for the requested URL.","status":405}

2026-05-26 15:57:02.441 | ERROR    | app.services.dify_sync_service:_create_document:118 | DifySync: 创建文档失败 book=24 status=405 body={"code":"method_not_allowed","message":"The method is not allowed for the requested URL.","status":405}

2026-05-26 15:57:02.620 | ERROR    | app.services.dify_sync_service:_create_document:118 | DifySync: 创建文档失败 book=24 status=405 body={"code":"method_not_allowed","message":"The method is not allowed for the requested URL.","status":405}

2026-05-26 15:57:03.024 | ERROR    | app.services.dify_sync_service:_create_document:118 | DifySync: 创建文档失败 book=25 status=405 body={"code":"method_not_allowed","message":"The method is not allowed for the requested URL.","status":405}

2026-05-26 15:57:03.395 | ERROR    | app.services.dify_sync_service:_create_document:118 | DifySync: 创建文档失败 book=25 status=405 body={"code":"method_not_allowed","message":"The method is not allowed for the requested URL.","status":405}

2026-05-26 15:57:03.666 | ERROR    | app.services.dify_sync_service:_create_document:118 | DifySync: 创建文档失败 book=55 status=405 body={"code":"method_not_allowed","message":"The method is not allowed for the requested URL.","status":405}

2026-05-26 15:57:03.757 | ERROR    | app.services.dify_sync_service:_create_document:118 | DifySync: 创建文档失败 book=55 status=405 body={"code":"method_not_allowed","message":"The method is not allowed for the requested URL.","status":405}

2026-05-26 15:57:03.777 | ERROR    | app.services.dify_sync_service:_create_document:118 | DifySync: 创建文档失败 book=56 status=405 body={"code":"method_not_allowed","message":"The method is not allowed for the requested URL.","status":405}

2026-05-26 15:57:03.882 | ERROR    | app.services.dify_sync_service:_create_document:118 | DifySync: 创建文档失败 book=56 status=405 body={"code":"method_not_allowed","message":"The method is not allowed for the requested URL.","status":405}

2026-05-26 15:57:05.250 | ERROR    | app.services.dify_sync_service:_create_document:118 | DifySync: 创建文档失败 book=57 status=405 body={"code":"method_not_allowed","message":"The method is not allowed for the requested URL.","status":405}

2026-05-26 15:57:05.416 | ERROR    | app.services.dify_sync_service:_create_document:118 | DifySync: 创建文档失败 book=57 status=405 body={"code":"method_not_allowed","message":"The method is not allowed for the requested URL.","status":405}

2026-05-26 15:57:05.418 | ERROR    | app.services.dify_sync_service:_create_document:118 | DifySync: 创建文档失败 book=26 status=405 body={"code":"method_not_allowed","message":"The method is not allowed for the requested URL.","status":405}

2026-05-26 15:57:05.420 | ERROR    | app.services.dify_sync_service:_create_document:118 | DifySync: 创建文档失败 book=26 status=405 body={"code":"method_not_allowed","message":"The method is not allowed for the requested URL.","status":405}

2026-05-26 15:57:06.165 | ERROR    | app.services.dify_sync_service:_create_document:118 | DifySync: 创建文档失败 book=61 status=405 body={"code":"method_not_allowed","message":"The method is not allowed for the requested URL.","status":405}

2026-05-26 15:57:06.190 | ERROR    | app.services.dify_sync_service:_create_document:118 | DifySync: 创建文档失败 book=61 status=405 body={"code":"method_not_allowed","message":"The method is not allowed for the requested URL.","status":405}

2026-05-26 15:57:06.384 | ERROR    | app.services.dify_sync_service:_create_document:118 | DifySync: 创建文档失败 book=27 status=405 body={"code":"method_not_allowed","message":"The method is not allowed for the requested URL.","status":405}

2026-05-26 15:57:06.494 | ERROR    | app.services.dify_sync_service:_create_document:118 | DifySync: 创建文档失败 book=27 status=405 body={"code":"method_not_allowed","message":"The method is not allowed for the requested URL.","status":405}

2026-05-26 15:57:06.970 | ERROR    | app.services.dify_sync_service:_create_document:118 | DifySync: 创建文档失败 book=28 status=405 body={"code":"method_not_allowed","message":"The method is not allowed for the requested URL.","status":405}

2026-05-26 15:57:06.977 | ERROR    | app.services.dify_sync_service:_create_document:118 | DifySync: 创建文档失败 book=62 status=405 body={"code":"method_not_allowed","message":"The method is not allowed for the requested URL.","status":405}

2026-05-26 15:57:07.176 | ERROR    | app.services.dify_sync_service:_create_document:118 | DifySync: 创建文档失败 book=62 status=405 body={"code":"method_not_allowed","message":"The method is not allowed for the requested URL.","status":405}

2026-05-26 15:57:07.548 | ERROR    | app.services.dify_sync_service:_create_document:118 | DifySync: 创建文档失败 book=29 status=405 body={"code":"method_not_allowed","message":"The method is not allowed for the requested URL.","status":405}

2026-05-26 15:57:07.890 | ERROR    | app.services.dify_sync_service:_create_document:118 | DifySync: 创建文档失败 book=29 status=405 body={"code":"method_not_allowed","message":"The method is not allowed for the requested URL.","status":405}

2026-05-26 15:57:08.029 | ERROR    | app.services.dify_sync_service:_create_document:118 | DifySync: 创建文档失败 book=28 status=405 body={"code":"method_not_allowed","message":"The method is not allowed for the requested URL.","status":405}

2026-05-26 15:57:09.114 | ERROR    | app.services.dify_sync_service:_create_document:118 | DifySync: 创建文档失败 book=63 status=405 body={"code":"method_not_allowed","message":"The method is not allowed for the requested URL.","status":405}

2026-05-26 15:57:09.277 | ERROR    | app.services.dify_sync_service:_create_document:118 | DifySync: 创建文档失败 book=64 status=405 body={"code":"method_not_allowed","message":"The method is not allowed for the requested URL.","status":405}

2026-05-26 15:57:09.286 | ERROR    | app.services.dify_sync_service:_create_document:118 | DifySync: 创建文档失败 book=63 status=405 body={"code":"method_not_allowed","message":"The method is not allowed for the requested URL.","status":405}

2026-05-26 15:57:09.372 | ERROR    | app.services.dify_sync_service:_create_document:118 | DifySync: 创建文档失败 book=64 status=405 body={"code":"method_not_allowed","message":"The method is not allowed for the requested URL.","status":405}

2026-05-26 15:57:09.440 | ERROR    | app.services.dify_sync_service:_create_document:118 | DifySync: 创建文档失败 book=1 status=405 body={"code":"method_not_allowed","message":"The method is not allowed for the requested URL.","status":405}

2026-05-26 15:57:09.599 | ERROR    | app.services.dify_sync_service:_create_document:118 | DifySync: 创建文档失败 book=30 status=405 body={"code":"method_not_allowed","message":"The method is not allowed for the requested URL.","status":405}

2026-05-26 15:57:09.681 | ERROR    | app.services.dify_sync_service:_create_document:118 | DifySync: 创建文档失败 book=30 status=405 body={"code":"method_not_allowed","message":"The method is not allowed for the requested URL.","status":405}

2026-05-26 15:57:09.790 | ERROR    | app.services.dify_sync_service:_create_document:118 | DifySync: 创建文档失败 book=65 status=405 body={"code":"method_not_allowed","message":"The method is not allowed for the requested URL.","status":405}

2026-05-26 15:57:09.837 | ERROR    | app.services.dify_sync_service:_create_document:118 | DifySync: 创建文档失败 book=65 status=405 body={"code":"method_not_allowed","message":"The method is not allowed for the requested URL.","status":405}

2026-05-26 15:57:09.890 | ERROR    | app.services.dify_sync_service:_create_document:118 | DifySync: 创建文档失败 book=1 status=405 body={"code":"method_not_allowed","message":"The method is not allowed for the requested URL.","status":405}

2026-05-26 15:57:10.116 | ERROR    | app.services.dify_sync_service:_create_document:118 | DifySync: 创建文档失败 book=31 status=405 body={"code":"method_not_allowed","message":"The method is not allowed for the requested URL.","status":405}

2026-05-26 15:57:10.118 | ERROR    | app.services.dify_sync_service:_create_document:118 | DifySync: 创建文档失败 book=31 status=405 body={"code":"method_not_allowed","message":"The method is not allowed for the requested URL.","status":405}

2026-05-26 15:57:10.871 | ERROR    | app.services.dify_sync_service:_create_document:118 | DifySync: 创建文档失败 book=66 status=405 body={"code":"method_not_allowed","message":"The method is not allowed for the requested URL.","status":405}

2026-05-26 15:57:10.880 | ERROR    | app.services.dify_sync_service:_create_document:118 | DifySync: 创建文档失败 book=32 status=405 body={"code":"method_not_allowed","message":"The method is not allowed for the requested URL.","status":405}

2026-05-26 15:57:10.887 | ERROR    | app.services.dify_sync_service:_create_document:118 | DifySync: 创建文档失败 book=66 status=405 body={"code":"method_not_allowed","message":"The method is not allowed for the requested URL.","status":405}

2026-05-26 15:57:10.900 | ERROR    | app.services.dify_sync_service:_create_document:118 | DifySync: 创建文档失败 book=32 status=405 body={"code":"method_not_allowed","message":"The method is not allowed for the requested URL.","status":405}

2026-05-26 15:57:11.183 | ERROR    | app.services.dify_sync_service:_create_document:118 | DifySync: 创建文档失败 book=2 status=405 body={"code":"method_not_allowed","message":"The method is not allowed for the requested URL.","status":405}

2026-05-26 15:57:11.271 | ERROR    | app.services.dify_sync_service:_create_document:118 | DifySync: 创建文档失败 book=3 status=405 body={"code":"method_not_allowed","message":"The method is not allowed for the requested URL.","status":405}

2026-05-26 15:57:11.370 | ERROR    | app.services.dify_sync_service:_create_document:118 | DifySync: 创建文档失败 book=2 status=405 body={"code":"method_not_allowed","message":"The method is not allowed for the requested URL.","status":405}

2026-05-26 15:57:11.940 | ERROR    | app.services.dify_sync_service:_create_document:118 | DifySync: 创建文档失败 book=67 status=405 body={"code":"method_not_allowed","message":"The method is not allowed for the requested URL.","status":405}

2026-05-26 15:57:12.264 | ERROR    | app.services.dify_sync_service:_create_document:118 | DifySync: 创建文档失败 book=3 status=405 body={"code":"method_not_allowed","message":"The method is not allowed for the requested URL.","status":405}

2026-05-26 15:57:12.555 | ERROR    | app.services.dify_sync_service:_create_document:118 | DifySync: 创建文档失败 book=67 status=405 body={"code":"method_not_allowed","message":"The method is not allowed for the requested URL.","status":405}

2026-05-26 15:57:12.946 | ERROR    | app.services.dify_sync_service:_create_document:118 | DifySync: 创建文档失败 book=68 status=405 body={"code":"method_not_allowed","message":"The method is not allowed for the requested URL.","status":405}

2026-05-26 15:57:13.209 | ERROR    | app.services.dify_sync_service:_create_document:118 | DifySync: 创建文档失败 book=68 status=405 body={"code":"method_not_allowed","message":"The method is not allowed for the requested URL.","status":405}

2026-05-26 15:57:13.604 | ERROR    | app.services.dify_sync_service:_create_document:118 | DifySync: 创建文档失败 book=4 status=405 body={"code":"method_not_allowed","message":"The method is not allowed for the requested URL.","status":405}

2026-05-26 15:57:13.612 | ERROR    | app.services.dify_sync_service:_create_document:118 | DifySync: 创建文档失败 book=4 status=405 body={"code":"method_not_allowed","message":"The method is not allowed for the requested URL.","status":405}

2026-05-26 15:57:13.759 | ERROR    | app.services.dify_sync_service:_create_document:118 | DifySync: 创建文档失败 book=33 status=405 body={"code":"method_not_allowed","message":"The method is not allowed for the requested URL.","status":405}

2026-05-26 15:57:13.924 | ERROR    | app.services.dify_sync_service:_create_document:118 | DifySync: 创建文档失败 book=5 status=405 body={"code":"method_not_allowed","message":"The method is not allowed for the requested URL.","status":405}

2026-05-26 15:57:13.938 | ERROR    | app.services.dify_sync_service:_create_document:118 | DifySync: 创建文档失败 book=33 status=405 body={"code":"method_not_allowed","message":"The method is not allowed for the requested URL.","status":405}

2026-05-26 15:57:13.962 | ERROR    | app.services.dify_sync_service:_create_document:118 | DifySync: 创建文档失败 book=5 status=405 body={"code":"method_not_allowed","message":"The method is not allowed for the requested URL.","status":405}

2026-05-26 15:57:14.373 | ERROR    | app.services.dify_sync_service:_create_document:118 | DifySync: 创建文档失败 book=34 status=405 body={"code":"method_not_allowed","message":"The method is not allowed for the requested URL.","status":405}

2026-05-26 15:57:14.425 | ERROR    | app.services.dify_sync_service:_create_document:118 | DifySync: 创建文档失败 book=34 status=405 body={"code":"method_not_allowed","message":"The method is not allowed for the requested URL.","status":405}

2026-05-26 15:57:15.650 | ERROR    | app.services.dify_sync_service:_create_document:118 | DifySync: 创建文档失败 book=6 status=405 body={"code":"method_not_allowed","message":"The method is not allowed for the requested URL.","status":405}

2026-05-26 15:57:15.833 | ERROR    | app.services.dify_sync_service:_create_document:118 | DifySync: 创建文档失败 book=69 status=405 body={"code":"method_not_allowed","message":"The method is not allowed for the requested URL.","status":405}

2026-05-26 15:57:15.835 | ERROR    | app.services.dify_sync_service:_create_document:118 | DifySync: 创建文档失败 book=6 status=405 body={"code":"method_not_allowed","message":"The method is not allowed for the requested URL.","status":405}

2026-05-26 15:57:16.463 | ERROR    | app.services.dify_sync_service:_create_document:118 | DifySync: 创建文档失败 book=69 status=405 body={"code":"method_not_allowed","message":"The method is not allowed for the requested URL.","status":405}

2026-05-26 15:57:16.619 | ERROR    | app.services.dify_sync_service:_create_document:118 | DifySync: 创建文档失败 book=7 status=405 body={"code":"method_not_allowed","message":"The method is not allowed for the requested URL.","status":405}

2026-05-26 15:57:16.626 | ERROR    | app.services.dify_sync_service:_create_document:118 | DifySync: 创建文档失败 book=36 status=405 body={"code":"method_not_allowed","message":"The method is not allowed for the requested URL.","status":405}

2026-05-26 15:57:16.642 | ERROR    | app.services.dify_sync_service:_create_document:118 | DifySync: 创建文档失败 book=35 status=405 body={"code":"method_not_allowed","message":"The method is not allowed for the requested URL.","status":405}

2026-05-26 15:57:16.770 | ERROR    | app.services.dify_sync_service:_create_document:118 | DifySync: 创建文档失败 book=70 status=405 body={"code":"method_not_allowed","message":"The method is not allowed for the requested URL.","status":405}

2026-05-26 15:57:16.776 | ERROR    | app.services.dify_sync_service:_create_document:118 | DifySync: 创建文档失败 book=37 status=405 body={"code":"method_not_allowed","message":"The method is not allowed for the requested URL.","status":405}

2026-05-26 15:57:16.937 | ERROR    | app.services.dify_sync_service:_create_document:118 | DifySync: 创建文档失败 book=71 status=405 body={"code":"method_not_allowed","message":"The method is not allowed for the requested URL.","status":405}

2026-05-26 15:57:16.954 | ERROR    | app.services.dify_sync_service:_create_document:118 | DifySync: 创建文档失败 book=36 status=405 body={"code":"method_not_allowed","message":"The method is not allowed for the requested URL.","status":405}

2026-05-26 15:57:17.024 | ERROR    | app.services.dify_sync_service:_create_document:118 | DifySync: 创建文档失败 book=70 status=405 body={"code":"method_not_allowed","message":"The method is not allowed for the requested URL.","status":405}

2026-05-26 15:57:17.182 | ERROR    | app.services.dify_sync_service:_create_document:118 | DifySync: 创建文档失败 book=37 status=405 body={"code":"method_not_allowed","message":"The method is not allowed for the requested URL.","status":405}

2026-05-26 15:57:17.300 | ERROR    | app.services.dify_sync_service:_create_document:118 | DifySync: 创建文档失败 book=9 status=405 body={"code":"method_not_allowed","message":"The method is not allowed for the requested URL.","status":405}

2026-05-26 15:57:17.302 | ERROR    | app.services.dify_sync_service:_create_document:118 | DifySync: 创建文档失败 book=9 status=405 body={"code":"method_not_allowed","message":"The method is not allowed for the requested URL.","status":405}

2026-05-26 15:57:17.438 | ERROR    | app.services.dify_sync_service:_create_document:118 | DifySync: 创建文档失败 book=7 status=405 body={"code":"method_not_allowed","message":"The method is not allowed for the requested URL.","status":405}

2026-05-26 15:57:17.580 | ERROR    | app.services.dify_sync_service:_create_document:118 | DifySync: 创建文档失败 book=38 status=405 body={"code":"method_not_allowed","message":"The method is not allowed for the requested URL.","status":405}

2026-05-26 15:57:17.583 | ERROR    | app.services.dify_sync_service:_create_document:118 | DifySync: 创建文档失败 book=38 status=405 body={"code":"method_not_allowed","message":"The method is not allowed for the requested URL.","status":405}

2026-05-26 15:57:17.933 | ERROR    | app.services.dify_sync_service:_create_document:118 | DifySync: 创建文档失败 book=71 status=405 body={"code":"method_not_allowed","message":"The method is not allowed for the requested URL.","status":405}

2026-05-26 15:57:17.934 | ERROR    | app.services.dify_sync_service:_create_document:118 | DifySync: 创建文档失败 book=35 status=405 body={"code":"method_not_allowed","message":"The method is not allowed for the requested URL.","status":405}

2026-05-26 15:57:18.237 | ERROR    | app.services.dify_sync_service:_create_document:118 | DifySync: 创建文档失败 book=39 status=405 body={"code":"method_not_allowed","message":"The method is not allowed for the requested URL.","status":405}

2026-05-26 15:57:18.373 | ERROR    | app.services.dify_sync_service:_create_document:118 | DifySync: 创建文档失败 book=10 status=405 body={"code":"method_not_allowed","message":"The method is not allowed for the requested URL.","status":405}

2026-05-26 15:57:18.374 | ERROR    | app.services.dify_sync_service:_create_document:118 | DifySync: 创建文档失败 book=39 status=405 body={"code":"method_not_allowed","message":"The method is not allowed for the requested URL.","status":405}

2026-05-26 15:57:18.376 | ERROR    | app.services.dify_sync_service:_create_document:118 | DifySync: 创建文档失败 book=10 status=405 body={"code":"method_not_allowed","message":"The method is not allowed for the requested URL.","status":405}

2026-05-26 15:57:18.471 | ERROR    | app.services.dify_sync_service:_create_document:118 | DifySync: 创建文档失败 book=40 status=405 body={"code":"method_not_allowed","message":"The method is not allowed for the requested URL.","status":405}

2026-05-26 15:57:18.483 | ERROR    | app.services.dify_sync_service:_create_document:118 | DifySync: 创建文档失败 book=72 status=405 body={"code":"method_not_allowed","message":"The method is not allowed for the requested URL.","status":405}

2026-05-26 15:57:18.532 | ERROR    | app.services.dify_sync_service:_create_document:118 | DifySync: 创建文档失败 book=73 status=405 body={"code":"method_not_allowed","message":"The method is not allowed for the requested URL.","status":405}

2026-05-26 15:57:18.563 | ERROR    | app.services.dify_sync_service:_create_document:118 | DifySync: 创建文档失败 book=72 status=405 body={"code":"method_not_allowed","message":"The method is not allowed for the requested URL.","status":405}

2026-05-26 15:57:18.571 | ERROR    | app.services.dify_sync_service:_create_document:118 | DifySync: 创建文档失败 book=73 status=405 body={"code":"method_not_allowed","message":"The method is not allowed for the requested URL.","status":405}

2026-05-26 15:57:18.761 | ERROR    | app.services.dify_sync_service:_create_document:118 | DifySync: 创建文档失败 book=74 status=405 body={"code":"method_not_allowed","message":"The method is not allowed for the requested URL.","status":405}

2026-05-26 15:57:18.784 | ERROR    | app.services.dify_sync_service:_create_document:118 | DifySync: 创建文档失败 book=74 status=405 body={"code":"method_not_allowed","message":"The method is not allowed for the requested URL.","status":405}

2026-05-26 15:57:19.098 | ERROR    | app.services.dify_sync_service:_create_document:118 | DifySync: 创建文档失败 book=41 status=405 body={"code":"method_not_allowed","message":"The method is not allowed for the requested URL.","status":405}

2026-05-26 15:57:19.382 | ERROR    | app.services.dify_sync_service:_create_document:118 | DifySync: 创建文档失败 book=41 status=405 body={"code":"method_not_allowed","message":"The method is not allowed for the requested URL.","status":405}

2026-05-26 15:57:19.405 | ERROR    | app.services.dify_sync_service:_create_document:118 | DifySync: 创建文档失败 book=11 status=405 body={"code":"method_not_allowed","message":"The method is not allowed for the requested URL.","status":405}

2026-05-26 15:57:19.410 | ERROR    | app.services.dify_sync_service:_create_document:118 | DifySync: 创建文档失败 book=11 status=405 body={"code":"method_not_allowed","message":"The method is not allowed for the requested URL.","status":405}

2026-05-26 15:57:19.563 | ERROR    | app.services.dify_sync_service:_create_document:118 | DifySync: 创建文档失败 book=75 status=405 body={"code":"method_not_allowed","message":"The method is not allowed for the requested URL.","status":405}

2026-05-26 15:57:19.590 | ERROR    | app.services.dify_sync_service:_create_document:118 | DifySync: 创建文档失败 book=75 status=405 body={"code":"method_not_allowed","message":"The method is not allowed for the requested URL.","status":405}

2026-05-26 15:57:19.716 | ERROR    | app.services.dify_sync_service:_create_document:118 | DifySync: 创建文档失败 book=42 status=405 body={"code":"method_not_allowed","message":"The method is not allowed for the requested URL.","status":405}

2026-05-26 15:57:19.753 | ERROR    | app.services.dify_sync_service:_create_document:118 | DifySync: 创建文档失败 book=42 status=405 body={"code":"method_not_allowed","message":"The method is not allowed for the requested URL.","status":405}

2026-05-26 15:57:20.061 | ERROR    | app.services.dify_sync_service:_create_document:118 | DifySync: 创建文档失败 book=40 status=405 body={"code":"method_not_allowed","message":"The method is not allowed for the requested URL.","status":405}

2026-05-26 15:57:20.629 | ERROR    | app.services.dify_sync_service:_create_document:118 | DifySync: 创建文档失败 book=43 status=405 body={"code":"method_not_allowed","message":"The method is not allowed for the requested URL.","status":405}

2026-05-26 15:57:20.637 | ERROR    | app.services.dify_sync_service:_create_document:118 | DifySync: 创建文档失败 book=43 status=405 body={"code":"method_not_allowed","message":"The method is not allowed for the requested URL.","status":405}

2026-05-26 15:57:20.832 | ERROR    | app.services.dify_sync_service:_create_document:118 | DifySync: 创建文档失败 book=12 status=405 body={"code":"method_not_allowed","message":"The method is not allowed for the requested URL.","status":405}

2026-05-26 15:57:20.835 | ERROR    | app.services.dify_sync_service:_create_document:118 | DifySync: 创建文档失败 book=12 status=405 body={"code":"method_not_allowed","message":"The method is not allowed for the requested URL.","status":405}

2026-05-26 15:57:21.807 | ERROR    | app.services.dify_sync_service:_create_document:118 | DifySync: 创建文档失败 book=13 status=405 body={"code":"method_not_allowed","message":"The method is not allowed for the requested URL.","status":405}

2026-05-26 15:57:21.887 | ERROR    | app.services.dify_sync_service:_create_document:118 | DifySync: 创建文档失败 book=44 status=405 body={"code":"method_not_allowed","message":"The method is not allowed for the requested URL.","status":405}

2026-05-26 15:57:21.891 | ERROR    | app.services.dify_sync_service:_create_document:118 | DifySync: 创建文档失败 book=44 status=405 body={"code":"method_not_allowed","message":"The method is not allowed for the requested URL.","status":405}

2026-05-26 15:57:22.320 | ERROR    | app.services.dify_sync_service:_create_document:118 | DifySync: 创建文档失败 book=13 status=405 body={"code":"method_not_allowed","message":"The method is not allowed for the requested URL.","status":405}

2026-05-26 15:57:22.385 | ERROR    | app.services.dify_sync_service:_create_document:118 | DifySync: 创建文档失败 book=77 status=405 body={"code":"method_not_allowed","message":"The method is not allowed for the requested URL.","status":405}

2026-05-26 15:57:22.401 | ERROR    | app.services.dify_sync_service:_create_document:118 | DifySync: 创建文档失败 book=77 status=405 body={"code":"method_not_allowed","message":"The method is not allowed for the requested URL.","status":405}

2026-05-26 15:57:22.618 | ERROR    | app.services.dify_sync_service:_create_document:118 | DifySync: 创建文档失败 book=76 status=405 body={"code":"method_not_allowed","message":"The method is not allowed for the requested URL.","status":405}

2026-05-26 15:57:22.620 | ERROR    | app.services.dify_sync_service:_create_document:118 | DifySync: 创建文档失败 book=76 status=405 body={"code":"method_not_allowed","message":"The method is not allowed for the requested URL.","status":405}

2026-05-26 15:57:22.629 | ERROR    | app.services.dify_sync_service:_create_document:118 | DifySync: 创建文档失败 book=14 status=405 body={"code":"method_not_allowed","message":"The method is not allowed for the requested URL.","status":405}

2026-05-26 15:57:22.706 | ERROR    | app.services.dify_sync_service:_create_document:118 | DifySync: 创建文档失败 book=45 status=405 body={"code":"method_not_allowed","message":"The method is not allowed for the requested URL.","status":405}

2026-05-26 15:57:22.907 | ERROR    | app.services.dify_sync_service:_create_document:118 | DifySync: 创建文档失败 book=14 status=405 body={"code":"method_not_allowed","message":"The method is not allowed for the requested URL.","status":405}

2026-05-26 15:57:22.933 | ERROR    | app.services.dify_sync_service:_create_document:118 | DifySync: 创建文档失败 book=45 status=405 body={"code":"method_not_allowed","message":"The method is not allowed for the requested URL.","status":405}

2026-05-26 15:57:23.334 | ERROR    | app.services.dify_sync_service:_create_document:118 | DifySync: 创建文档失败 book=78 status=405 body={"code":"method_not_allowed","message":"The method is not allowed for the requested URL.","status":405}

2026-05-26 15:57:23.340 | ERROR    | app.services.dify_sync_service:_create_document:118 | DifySync: 创建文档失败 book=15 status=405 body={"code":"method_not_allowed","message":"The method is not allowed for the requested URL.","status":405}

2026-05-26 15:57:23.430 | ERROR    | app.services.dify_sync_service:_create_document:118 | DifySync: 创建文档失败 book=78 status=405 body={"code":"method_not_allowed","message":"The method is not allowed for the requested URL.","status":405}

2026-05-26 15:57:23.480 | ERROR    | app.services.dify_sync_service:_create_document:118 | DifySync: 创建文档失败 book=46 status=405 body={"code":"method_not_allowed","message":"The method is not allowed for the requested URL.","status":405}

2026-05-26 15:57:23.488 | ERROR    | app.services.dify_sync_service:_create_document:118 | DifySync: 创建文档失败 book=46 status=405 body={"code":"method_not_allowed","message":"The method is not allowed for the requested URL.","status":405}

2026-05-26 15:57:23.591 | ERROR    | app.services.dify_sync_service:_create_document:118 | DifySync: 创建文档失败 book=15 status=405 body={"code":"method_not_allowed","message":"The method is not allowed for the requested URL.","status":405}

2026-05-26 15:57:23.974 | ERROR    | app.services.dify_sync_service:_create_document:118 | DifySync: 创建文档失败 book=16 status=405 body={"code":"method_not_allowed","message":"The method is not allowed for the requested URL.","status":405}

2026-05-26 15:57:24.989 | ERROR    | app.services.dify_sync_service:_create_document:118 | DifySync: 创建文档失败 book=47 status=405 body={"code":"method_not_allowed","message":"The method is not allowed for the requested URL.","status":405}

2026-05-26 15:57:24.991 | ERROR    | app.services.dify_sync_service:_create_document:118 | DifySync: 创建文档失败 book=47 status=405 body={"code":"method_not_allowed","message":"The method is not allowed for the requested URL.","status":405}

2026-05-26 15:57:24.992 | ERROR    | app.services.dify_sync_service:_create_document:118 | DifySync: 创建文档失败 book=16 status=405 body={"code":"method_not_allowed","message":"The method is not allowed for the requested URL.","status":405}

2026-05-26 15:57:25.319 | ERROR    | app.services.dify_sync_service:_create_document:118 | DifySync: 创建文档失败 book=79 status=405 body={"code":"method_not_allowed","message":"The method is not allowed for the requested URL.","status":405}

2026-05-26 15:57:25.465 | ERROR    | app.services.dify_sync_service:_create_document:118 | DifySync: 创建文档失败 book=79 status=405 body={"code":"method_not_allowed","message":"The method is not allowed for the requested URL.","status":405}

2026-05-26 15:57:25.786 | ERROR    | app.services.dify_sync_service:_create_document:118 | DifySync: 创建文档失败 book=80 status=405 body={"code":"method_not_allowed","message":"The method is not allowed for the requested URL.","status":405}

2026-05-26 15:57:26.029 | ERROR    | app.services.dify_sync_service:_create_document:118 | DifySync: 创建文档失败 book=80 status=405 body={"code":"method_not_allowed","message":"The method is not allowed for the requested URL.","status":405}

2026-05-26 15:57:26.405 | ERROR    | app.services.dify_sync_service:_create_document:118 | DifySync: 创建文档失败 book=81 status=405 body={"code":"method_not_allowed","message":"The method is not allowed for the requested URL.","status":405}

2026-05-26 15:57:26.524 | ERROR    | app.services.dify_sync_service:_create_document:118 | DifySync: 创建文档失败 book=18 status=405 body={"code":"method_not_allowed","message":"The method is not allowed for the requested URL.","status":405}

2026-05-26 15:57:26.634 | ERROR    | app.services.dify_sync_service:_create_document:118 | DifySync: 创建文档失败 book=81 status=405 body={"code":"method_not_allowed","message":"The method is not allowed for the requested URL.","status":405}

2026-05-26 15:57:26.874 | ERROR    | app.services.dify_sync_service:_create_document:118 | DifySync: 创建文档失败 book=48 status=405 body={"code":"method_not_allowed","message":"The method is not allowed for the requested URL.","status":405}

2026-05-26 15:57:26.882 | ERROR    | app.services.dify_sync_service:_create_document:118 | DifySync: 创建文档失败 book=48 status=405 body={"code":"method_not_allowed","message":"The method is not allowed for the requested URL.","status":405}

2026-05-26 15:57:27.126 | ERROR    | app.services.dify_sync_service:_create_document:118 | DifySync: 创建文档失败 book=18 status=405 body={"code":"method_not_allowed","message":"The method is not allowed for the requested URL.","status":405}

2026-05-26 15:57:27.288 | ERROR    | app.services.dify_sync_service:_create_document:118 | DifySync: 创建文档失败 book=19 status=405 body={"code":"method_not_allowed","message":"The method is not allowed for the requested URL.","status":405}

2026-05-26 15:57:27.438 | ERROR    | app.services.dify_sync_service:_create_document:118 | DifySync: 创建文档失败 book=50 status=405 body={"code":"method_not_allowed","message":"The method is not allowed for the requested URL.","status":405}

2026-05-26 15:57:27.665 | ERROR    | app.services.dify_sync_service:_create_document:118 | DifySync: 创建文档失败 book=82 status=405 body={"code":"method_not_allowed","message":"The method is not allowed for the requested URL.","status":405}

2026-05-26 15:57:27.929 | ERROR    | app.services.dify_sync_service:_create_document:118 | DifySync: 创建文档失败 book=49 status=405 body={"code":"method_not_allowed","message":"The method is not allowed for the requested URL.","status":405}

2026-05-26 15:57:27.956 | ERROR    | app.services.dify_sync_service:_create_document:118 | DifySync: 创建文档失败 book=82 status=405 body={"code":"method_not_allowed","message":"The method is not allowed for the requested URL.","status":405}

2026-05-26 15:57:27.963 | ERROR    | app.services.dify_sync_service:_create_document:118 | DifySync: 创建文档失败 book=49 status=405 body={"code":"method_not_allowed","message":"The method is not allowed for the requested URL.","status":405}

2026-05-26 15:57:28.147 | ERROR    | app.services.dify_sync_service:_create_document:118 | DifySync: 创建文档失败 book=19 status=405 body={"code":"method_not_allowed","message":"The method is not allowed for the requested URL.","status":405}

2026-05-26 15:57:28.483 | ERROR    | app.services.dify_sync_service:_create_document:118 | DifySync: 创建文档失败 book=51 status=405 body={"code":"method_not_allowed","message":"The method is not allowed for the requested URL.","status":405}

2026-05-26 15:57:28.491 | ERROR    | app.services.dify_sync_service:_create_document:118 | DifySync: 创建文档失败 book=20 status=405 body={"code":"method_not_allowed","message":"The method is not allowed for the requested URL.","status":405}

2026-05-26 15:57:28.493 | ERROR    | app.services.dify_sync_service:_create_document:118 | DifySync: 创建文档失败 book=51 status=405 body={"code":"method_not_allowed","message":"The method is not allowed for the requested URL.","status":405}

2026-05-26 15:57:28.586 | ERROR    | app.services.dify_sync_service:_create_document:118 | DifySync: 创建文档失败 book=20 status=405 body={"code":"method_not_allowed","message":"The method is not allowed for the requested URL.","status":405}

2026-05-26 15:57:28.588 | ERROR    | app.services.dify_sync_service:_create_document:118 | DifySync: 创建文档失败 book=50 status=405 body={"code":"method_not_allowed","message":"The method is not allowed for the requested URL.","status":405}

2026-05-26 15:57:29.175 | ERROR    | app.services.dify_sync_service:_create_document:118 | DifySync: 创建文档失败 book=83 status=405 body={"code":"method_not_allowed","message":"The method is not allowed for the requested URL.","status":405}

2026-05-26 15:57:29.190 | ERROR    | app.services.dify_sync_service:_create_document:118 | DifySync: 创建文档失败 book=83 status=405 body={"code":"method_not_allowed","message":"The method is not allowed for the requested URL.","status":405}

2026-05-26 15:57:29.348 | ERROR    | app.services.dify_sync_service:_create_document:118 | DifySync: 创建文档失败 book=53 status=405 body={"code":"method_not_allowed","message":"The method is not allowed for the requested URL.","status":405}

2026-05-26 15:57:30.080 | ERROR    | app.services.dify_sync_service:_create_document:118 | DifySync: 创建文档失败 book=21 status=405 body={"code":"method_not_allowed","message":"The method is not allowed for the requested URL.","status":405}

2026-05-26 15:57:30.312 | ERROR    | app.services.dify_sync_service:_create_document:118 | DifySync: 创建文档失败 book=53 status=405 body={"code":"method_not_allowed","message":"The method is not allowed for the requested URL.","status":405}

2026-05-26 15:57:30.320 | ERROR    | app.services.dify_sync_service:_create_document:118 | DifySync: 创建文档失败 book=54 status=405 body={"code":"method_not_allowed","message":"The method is not allowed for the requested URL.","status":405}

2026-05-26 15:57:30.495 | ERROR    | app.services.dify_sync_service:_create_document:118 | DifySync: 创建文档失败 book=54 status=405 body={"code":"method_not_allowed","message":"The method is not allowed for the requested URL.","status":405}

2026-05-26 15:57:30.642 | ERROR    | app.services.dify_sync_service:_create_document:118 | DifySync: 创建文档失败 book=21 status=405 body={"code":"method_not_allowed","message":"The method is not allowed for the requested URL.","status":405}

2026-05-26 15:57:31.151 | ERROR    | app.services.dify_sync_service:_create_document:118 | DifySync: 创建文档失败 book=84 status=405 body={"code":"method_not_allowed","message":"The method is not allowed for the requested URL.","status":405}

2026-05-26 15:57:31.153 | ERROR    | app.services.dify_sync_service:_create_document:118 | DifySync: 创建文档失败 book=23 status=405 body={"code":"method_not_allowed","message":"The method is not allowed for the requested URL.","status":405}

2026-05-26 15:57:31.155 | ERROR    | app.services.dify_sync_service:_create_document:118 | DifySync: 创建文档失败 book=23 status=405 body={"code":"method_not_allowed","message":"The method is not allowed for the requested URL.","status":405}

2026-05-26 15:57:31.179 | ERROR    | app.services.dify_sync_service:_create_document:118 | DifySync: 创建文档失败 book=55 status=405 body={"code":"method_not_allowed","message":"The method is not allowed for the requested URL.","status":405}

2026-05-26 15:57:31.586 | ERROR    | app.services.dify_sync_service:_create_document:118 | DifySync: 创建文档失败 book=22 status=405 body={"code":"method_not_allowed","message":"The method is not allowed for the requested URL.","status":405}

2026-05-26 15:57:31.587 | ERROR    | app.services.dify_sync_service:_create_document:118 | DifySync: 创建文档失败 book=55 status=405 body={"code":"method_not_allowed","message":"The method is not allowed for the requested URL.","status":405}

2026-05-26 15:57:31.589 | ERROR    | app.services.dify_sync_service:_create_document:118 | DifySync: 创建文档失败 book=22 status=405 body={"code":"method_not_allowed","message":"The method is not allowed for the requested URL.","status":405}

2026-05-26 15:57:31.971 | ERROR    | app.services.dify_sync_service:_create_document:118 | DifySync: 创建文档失败 book=17 status=405 body={"code":"method_not_allowed","message":"The method is not allowed for the requested URL.","status":405}

2026-05-26 15:57:31.975 | ERROR    | app.services.dify_sync_service:_create_document:118 | DifySync: 创建文档失败 book=24 status=405 body={"code":"method_not_allowed","message":"The method is not allowed for the requested URL.","status":405}

2026-05-26 15:57:32.003 | ERROR    | app.services.dify_sync_service:_create_document:118 | DifySync: 创建文档失败 book=84 status=405 body={"code":"method_not_allowed","message":"The method is not allowed for the requested URL.","status":405}

2026-05-26 15:57:32.347 | ERROR    | app.services.dify_sync_service:_create_document:118 | DifySync: 创建文档失败 book=85 status=405 body={"code":"method_not_allowed","message":"The method is not allowed for the requested URL.","status":405}

2026-05-26 15:57:32.439 | ERROR    | app.services.dify_sync_service:_create_document:118 | DifySync: 创建文档失败 book=56 status=405 body={"code":"method_not_allowed","message":"The method is not allowed for the requested URL.","status":405}

2026-05-26 15:57:32.528 | ERROR    | app.services.dify_sync_service:_create_document:118 | DifySync: 创建文档失败 book=56 status=405 body={"code":"method_not_allowed","message":"The method is not allowed for the requested URL.","status":405}

2026-05-26 15:57:32.918 | ERROR    | app.services.dify_sync_service:_create_document:118 | DifySync: 创建文档失败 book=57 status=405 body={"code":"method_not_allowed","message":"The method is not allowed for the requested URL.","status":405}

2026-05-26 15:57:32.923 | ERROR    | app.services.dify_sync_service:_create_document:118 | DifySync: 创建文档失败 book=57 status=405 body={"code":"method_not_allowed","message":"The method is not allowed for the requested URL.","status":405}

2026-05-26 15:57:32.942 | ERROR    | app.services.dify_sync_service:_create_document:118 | DifySync: 创建文档失败 book=24 status=405 body={"code":"method_not_allowed","message":"The method is not allowed for the requested URL.","status":405}

2026-05-26 15:57:32.999 | ERROR    | app.services.dify_sync_service:_create_document:118 | DifySync: 创建文档失败 book=17 status=405 body={"code":"method_not_allowed","message":"The method is not allowed for the requested URL.","status":405}

2026-05-26 15:57:33.179 | ERROR    | app.services.dify_sync_service:_create_document:118 | DifySync: 创建文档失败 book=25 status=405 body={"code":"method_not_allowed","message":"The method is not allowed for the requested URL.","status":405}

2026-05-26 15:57:33.226 | ERROR    | app.services.dify_sync_service:_create_document:118 | DifySync: 创建文档失败 book=25 status=405 body={"code":"method_not_allowed","message":"The method is not allowed for the requested URL.","status":405}

2026-05-26 15:57:33.251 | ERROR    | app.services.dify_sync_service:_create_document:118 | DifySync: 创建文档失败 book=85 status=405 body={"code":"method_not_allowed","message":"The method is not allowed for the requested URL.","status":405}

2026-05-26 15:57:33.550 | ERROR    | app.services.dify_sync_service:_create_document:118 | DifySync: 创建文档失败 book=26 status=405 body={"code":"method_not_allowed","message":"The method is not allowed for the requested URL.","status":405}

2026-05-26 15:57:33.664 | ERROR    | app.services.dify_sync_service:_create_document:118 | DifySync: 创建文档失败 book=26 status=405 body={"code":"method_not_allowed","message":"The method is not allowed for the requested URL.","status":405}

2026-05-26 15:57:33.750 | ERROR    | app.services.dify_sync_service:_create_document:118 | DifySync: 创建文档失败 book=86 status=405 body={"code":"method_not_allowed","message":"The method is not allowed for the requested URL.","status":405}

2026-05-26 15:57:33.792 | ERROR    | app.services.dify_sync_service:_create_document:118 | DifySync: 创建文档失败 book=61 status=405 body={"code":"method_not_allowed","message":"The method is not allowed for the requested URL.","status":405}

2026-05-26 15:57:33.839 | ERROR    | app.services.dify_sync_service:_create_document:118 | DifySync: 创建文档失败 book=61 status=405 body={"code":"method_not_allowed","message":"The method is not allowed for the requested URL.","status":405}

2026-05-26 15:57:34.524 | ERROR    | app.services.dify_sync_service:_create_document:118 | DifySync: 创建文档失败 book=87 status=405 body={"code":"method_not_allowed","message":"The method is not allowed for the requested URL.","status":405}

2026-05-26 15:57:35.117 | ERROR    | app.services.dify_sync_service:_create_document:118 | DifySync: 创建文档失败 book=86 status=405 body={"code":"method_not_allowed","message":"The method is not allowed for the requested URL.","status":405}

2026-05-26 15:57:35.319 | ERROR    | app.services.dify_sync_service:_create_document:118 | DifySync: 创建文档失败 book=62 status=405 body={"code":"method_not_allowed","message":"The method is not allowed for the requested URL.","status":405}

2026-05-26 15:57:35.635 | ERROR    | app.services.dify_sync_service:_create_document:118 | DifySync: 创建文档失败 book=87 status=405 body={"code":"method_not_allowed","message":"The method is not allowed for the requested URL.","status":405}

2026-05-26 15:57:35.637 | ERROR    | app.services.dify_sync_service:_create_document:118 | DifySync: 创建文档失败 book=63 status=405 body={"code":"method_not_allowed","message":"The method is not allowed for the requested URL.","status":405}

2026-05-26 15:57:35.919 | ERROR    | app.services.dify_sync_service:_create_document:118 | DifySync: 创建文档失败 book=27 status=405 body={"code":"method_not_allowed","message":"The method is not allowed for the requested URL.","status":405}

2026-05-26 15:57:35.922 | ERROR    | app.services.dify_sync_service:_create_document:118 | DifySync: 创建文档失败 book=88 status=405 body={"code":"method_not_allowed","message":"The method is not allowed for the requested URL.","status":405}

2026-05-26 15:57:35.925 | ERROR    | app.services.dify_sync_service:_create_document:118 | DifySync: 创建文档失败 book=88 status=405 body={"code":"method_not_allowed","message":"The method is not allowed for the requested URL.","status":405}

2026-05-26 15:57:36.037 | ERROR    | app.services.dify_sync_service:_create_document:118 | DifySync: 创建文档失败 book=62 status=405 body={"code":"method_not_allowed","message":"The method is not allowed for the requested URL.","status":405}

2026-05-26 15:57:36.276 | ERROR    | app.services.dify_sync_service:_create_document:118 | DifySync: 创建文档失败 book=89 status=405 body={"code":"method_not_allowed","message":"The method is not allowed for the requested URL.","status":405}

2026-05-26 15:57:36.476 | ERROR    | app.services.dify_sync_service:_create_document:118 | DifySync: 创建文档失败 book=89 status=405 body={"code":"method_not_allowed","message":"The method is not allowed for the requested URL.","status":405}

2026-05-26 15:57:36.488 | ERROR    | app.services.dify_sync_service:_create_document:118 | DifySync: 创建文档失败 book=64 status=405 body={"code":"method_not_allowed","message":"The method is not allowed for the requested URL.","status":405}

2026-05-26 15:57:36.618 | ERROR    | app.services.dify_sync_service:_create_document:118 | DifySync: 创建文档失败 book=27 status=405 body={"code":"method_not_allowed","message":"The method is not allowed for the requested URL.","status":405}

2026-05-26 15:57:36.803 | ERROR    | app.services.dify_sync_service:_create_document:118 | DifySync: 创建文档失败 book=28 status=405 body={"code":"method_not_allowed","message":"The method is not allowed for the requested URL.","status":405}

2026-05-26 15:57:36.811 | ERROR    | app.services.dify_sync_service:_create_document:118 | DifySync: 创建文档失败 book=28 status=405 body={"code":"method_not_allowed","message":"The method is not allowed for the requested URL.","status":405}

2026-05-26 15:57:37.067 | ERROR    | app.services.dify_sync_service:_create_document:118 | DifySync: 创建文档失败 book=63 status=405 body={"code":"method_not_allowed","message":"The method is not allowed for the requested URL.","status":405}

2026-05-26 15:57:37.326 | ERROR    | app.services.dify_sync_service:_create_document:118 | DifySync: 创建文档失败 book=65 status=405 body={"code":"method_not_allowed","message":"The method is not allowed for the requested URL.","status":405}

2026-05-26 15:57:37.456 | ERROR    | app.services.dify_sync_service:_create_document:118 | DifySync: 创建文档失败 book=65 status=405 body={"code":"method_not_allowed","message":"The method is not allowed for the requested URL.","status":405}

2026-05-26 15:57:37.476 | ERROR    | app.services.dify_sync_service:_create_document:118 | DifySync: 创建文档失败 book=29 status=405 body={"code":"method_not_allowed","message":"The method is not allowed for the requested URL.","status":405}

2026-05-26 15:57:37.689 | ERROR    | app.services.dify_sync_service:_create_document:118 | DifySync: 创建文档失败 book=29 status=405 body={"code":"method_not_allowed","message":"The method is not allowed for the requested URL.","status":405}

2026-05-26 15:57:38.239 | ERROR    | app.services.dify_sync_service:_create_document:118 | DifySync: 创建文档失败 book=90 status=405 body={"code":"method_not_allowed","message":"The method is not allowed for the requested URL.","status":405}

2026-05-26 15:57:38.561 | ERROR    | app.services.dify_sync_service:_create_document:118 | DifySync: 创建文档失败 book=66 status=405 body={"code":"method_not_allowed","message":"The method is not allowed for the requested URL.","status":405}

2026-05-26 15:57:39.163 | ERROR    | app.services.dify_sync_service:_create_document:118 | DifySync: 创建文档失败 book=90 status=405 body={"code":"method_not_allowed","message":"The method is not allowed for the requested URL.","status":405}

2026-05-26 15:57:39.165 | ERROR    | app.services.dify_sync_service:_create_document:118 | DifySync: 创建文档失败 book=64 status=405 body={"code":"method_not_allowed","message":"The method is not allowed for the requested URL.","status":405}

2026-05-26 15:57:39.168 | ERROR    | app.services.dify_sync_service:_create_document:118 | DifySync: 创建文档失败 book=91 status=405 body={"code":"method_not_allowed","message":"The method is not allowed for the requested URL.","status":405}

2026-05-26 15:57:39.170 | ERROR    | app.services.dify_sync_service:_create_document:118 | DifySync: 创建文档失败 book=66 status=405 body={"code":"method_not_allowed","message":"The method is not allowed for the requested URL.","status":405}

2026-05-26 15:57:39.194 | ERROR    | app.services.dify_sync_service:_create_document:118 | DifySync: 创建文档失败 book=91 status=405 body={"code":"method_not_allowed","message":"The method is not allowed for the requested URL.","status":405}

2026-05-26 15:57:39.216 | ERROR    | app.services.dify_sync_service:_create_document:118 | DifySync: 创建文档失败 book=67 status=405 body={"code":"method_not_allowed","message":"The method is not allowed for the requested URL.","status":405}

2026-05-26 15:57:39.477 | ERROR    | app.services.dify_sync_service:_create_document:118 | DifySync: 创建文档失败 book=30 status=405 body={"code":"method_not_allowed","message":"The method is not allowed for the requested URL.","status":405}

2026-05-26 15:57:39.672 | ERROR    | app.services.dify_sync_service:_create_document:118 | DifySync: 创建文档失败 book=30 status=405 body={"code":"method_not_allowed","message":"The method is not allowed for the requested URL.","status":405}

2026-05-26 15:57:39.675 | ERROR    | app.services.dify_sync_service:_create_document:118 | DifySync: 创建文档失败 book=67 status=405 body={"code":"method_not_allowed","message":"The method is not allowed for the requested URL.","status":405}

2026-05-26 15:57:40.020 | ERROR    | app.services.dify_sync_service:_create_document:118 | DifySync: 创建文档失败 book=68 status=405 body={"code":"method_not_allowed","message":"The method is not allowed for the requested URL.","status":405}

2026-05-26 15:57:40.029 | ERROR    | app.services.dify_sync_service:_create_document:118 | DifySync: 创建文档失败 book=92 status=405 body={"code":"method_not_allowed","message":"The method is not allowed for the requested URL.","status":405}

2026-05-26 15:57:40.040 | ERROR    | app.services.dify_sync_service:_create_document:118 | DifySync: 创建文档失败 book=68 status=405 body={"code":"method_not_allowed","message":"The method is not allowed for the requested URL.","status":405}

2026-05-26 15:57:40.263 | ERROR    | app.services.dify_sync_service:_create_document:118 | DifySync: 创建文档失败 book=92 status=405 body={"code":"method_not_allowed","message":"The method is not allowed for the requested URL.","status":405}

2026-05-26 15:57:40.514 | ERROR    | app.services.dify_sync_service:_create_document:118 | DifySync: 创建文档失败 book=31 status=405 body={"code":"method_not_allowed","message":"The method is not allowed for the requested URL.","status":405}

2026-05-26 15:57:40.545 | ERROR    | app.services.dify_sync_service:_create_document:118 | DifySync: 创建文档失败 book=31 status=405 body={"code":"method_not_allowed","message":"The method is not allowed for the requested URL.","status":405}

2026-05-26 15:57:40.634 | ERROR    | app.services.dify_sync_service:_create_document:118 | DifySync: 创建文档失败 book=93 status=405 body={"code":"method_not_allowed","message":"The method is not allowed for the requested URL.","status":405}

2026-05-26 15:57:41.393 | ERROR    | app.services.dify_sync_service:_create_document:118 | DifySync: 创建文档失败 book=69 status=405 body={"code":"method_not_allowed","message":"The method is not allowed for the requested URL.","status":405}

2026-05-26 15:57:41.396 | ERROR    | app.services.dify_sync_service:_create_document:118 | DifySync: 创建文档失败 book=93 status=405 body={"code":"method_not_allowed","message":"The method is not allowed for the requested URL.","status":405}

2026-05-26 15:57:41.573 | ERROR    | app.services.dify_sync_service:_create_document:118 | DifySync: 创建文档失败 book=69 status=405 body={"code":"method_not_allowed","message":"The method is not allowed for the requested URL.","status":405}

2026-05-26 15:57:42.372 | ERROR    | app.services.dify_sync_service:_create_document:118 | DifySync: 创建文档失败 book=70 status=405 body={"code":"method_not_allowed","message":"The method is not allowed for the requested URL.","status":405}

2026-05-26 15:57:42.380 | ERROR    | app.services.dify_sync_service:_create_document:118 | DifySync: 创建文档失败 book=32 status=405 body={"code":"method_not_allowed","message":"The method is not allowed for the requested URL.","status":405}

2026-05-26 15:57:42.530 | ERROR    | app.services.dify_sync_service:_create_document:118 | DifySync: 创建文档失败 book=33 status=405 body={"code":"method_not_allowed","message":"The method is not allowed for the requested URL.","status":405}

2026-05-26 15:57:42.532 | ERROR    | app.services.dify_sync_service:_create_document:118 | DifySync: 创建文档失败 book=32 status=405 body={"code":"method_not_allowed","message":"The method is not allowed for the requested URL.","status":405}

2026-05-26 15:57:42.869 | ERROR    | app.services.dify_sync_service:_create_document:118 | DifySync: 创建文档失败 book=94 status=405 body={"code":"method_not_allowed","message":"The method is not allowed for the requested URL.","status":405}

2026-05-26 15:57:42.878 | ERROR    | app.services.dify_sync_service:_create_document:118 | DifySync: 创建文档失败 book=94 status=405 body={"code":"method_not_allowed","message":"The method is not allowed for the requested URL.","status":405}

2026-05-26 15:57:43.072 | ERROR    | app.services.dify_sync_service:_create_document:118 | DifySync: 创建文档失败 book=33 status=405 body={"code":"method_not_allowed","message":"The method is not allowed for the requested URL.","status":405}

2026-05-26 15:57:43.076 | ERROR    | app.services.dify_sync_service:_create_document:118 | DifySync: 创建文档失败 book=70 status=405 body={"code":"method_not_allowed","message":"The method is not allowed for the requested URL.","status":405}

2026-05-26 15:57:43.079 | ERROR    | app.services.dify_sync_service:_create_document:118 | DifySync: 创建文档失败 book=95 status=405 body={"code":"method_not_allowed","message":"The method is not allowed for the requested URL.","status":405}

2026-05-26 15:57:43.570 | ERROR    | app.services.dify_sync_service:_create_document:118 | DifySync: 创建文档失败 book=34 status=405 body={"code":"method_not_allowed","message":"The method is not allowed for the requested URL.","status":405}

2026-05-26 15:57:43.573 | ERROR    | app.services.dify_sync_service:_create_document:118 | DifySync: 创建文档失败 book=34 status=405 body={"code":"method_not_allowed","message":"The method is not allowed for the requested URL.","status":405}

2026-05-26 15:57:43.575 | ERROR    | app.services.dify_sync_service:_create_document:118 | DifySync: 创建文档失败 book=95 status=405 body={"code":"method_not_allowed","message":"The method is not allowed for the requested URL.","status":405}

2026-05-26 15:57:43.614 | ERROR    | app.services.dify_sync_service:_create_document:118 | DifySync: 创建文档失败 book=96 status=405 body={"code":"method_not_allowed","message":"The method is not allowed for the requested URL.","status":405}

2026-05-26 15:57:43.895 | ERROR    | app.services.dify_sync_service:_create_document:118 | DifySync: 创建文档失败 book=71 status=405 body={"code":"method_not_allowed","message":"The method is not allowed for the requested URL.","status":405}

2026-05-26 15:57:43.923 | ERROR    | app.services.dify_sync_service:_create_document:118 | DifySync: 创建文档失败 book=96 status=405 body={"code":"method_not_allowed","message":"The method is not allowed for the requested URL.","status":405}

2026-05-26 15:57:43.936 | ERROR    | app.services.dify_sync_service:_create_document:118 | DifySync: 创建文档失败 book=71 status=405 body={"code":"method_not_allowed","message":"The method is not allowed for the requested URL.","status":405}

2026-05-26 15:57:44.452 | ERROR    | app.services.dify_sync_service:_create_document:118 | DifySync: 创建文档失败 book=97 status=405 body={"code":"method_not_allowed","message":"The method is not allowed for the requested URL.","status":405}

2026-05-26 15:57:44.464 | ERROR    | app.services.dify_sync_service:_create_document:118 | DifySync: 创建文档失败 book=97 status=405 body={"code":"method_not_allowed","message":"The method is not allowed for the requested URL.","status":405}

2026-05-26 15:57:44.559 | ERROR    | app.services.dify_sync_service:_create_document:118 | DifySync: 创建文档失败 book=35 status=405 body={"code":"method_not_allowed","message":"The method is not allowed for the requested URL.","status":405}

2026-05-26 15:57:45.291 | ERROR    | app.services.dify_sync_service:_create_document:118 | DifySync: 创建文档失败 book=72 status=405 body={"code":"method_not_allowed","message":"The method is not allowed for the requested URL.","status":405}

2026-05-26 15:57:45.300 | ERROR    | app.services.dify_sync_service:_create_document:118 | DifySync: 创建文档失败 book=98 status=405 body={"code":"method_not_allowed","message":"The method is not allowed for the requested URL.","status":405}

2026-05-26 15:57:45.307 | ERROR    | app.services.dify_sync_service:_create_document:118 | DifySync: 创建文档失败 book=36 status=405 body={"code":"method_not_allowed","message":"The method is not allowed for the requested URL.","status":405}

2026-05-26 15:57:45.309 | ERROR    | app.services.dify_sync_service:_create_document:118 | DifySync: 创建文档失败 book=98 status=405 body={"code":"method_not_allowed","message":"The method is not allowed for the requested URL.","status":405}

2026-05-26 15:57:45.319 | ERROR    | app.services.dify_sync_service:_create_document:118 | DifySync: 创建文档失败 book=36 status=405 body={"code":"method_not_allowed","message":"The method is not allowed for the requested URL.","status":405}

2026-05-26 15:57:45.623 | ERROR    | app.services.dify_sync_service:_create_document:118 | DifySync: 创建文档失败 book=35 status=405 body={"code":"method_not_allowed","message":"The method is not allowed for the requested URL.","status":405}

2026-05-26 15:57:45.882 | ERROR    | app.services.dify_sync_service:_create_document:118 | DifySync: 创建文档失败 book=72 status=405 body={"code":"method_not_allowed","message":"The method is not allowed for the requested URL.","status":405}

2026-05-26 15:57:45.944 | ERROR    | app.services.dify_sync_service:_create_document:118 | DifySync: 创建文档失败 book=73 status=405 body={"code":"method_not_allowed","message":"The method is not allowed for the requested URL.","status":405}

2026-05-26 15:57:46.023 | ERROR    | app.services.dify_sync_service:_create_document:118 | DifySync: 创建文档失败 book=73 status=405 body={"code":"method_not_allowed","message":"The method is not allowed for the requested URL.","status":405}

2026-05-26 15:57:46.209 | ERROR    | app.services.dify_sync_service:_create_document:118 | DifySync: 创建文档失败 book=37 status=405 body={"code":"method_not_allowed","message":"The method is not allowed for the requested URL.","status":405}

2026-05-26 15:57:46.212 | ERROR    | app.services.dify_sync_service:_create_document:118 | DifySync: 创建文档失败 book=37 status=405 body={"code":"method_not_allowed","message":"The method is not allowed for the requested URL.","status":405}

2026-05-26 15:57:46.214 | ERROR    | app.services.dify_sync_service:_create_document:118 | DifySync: 创建文档失败 book=99 status=405 body={"code":"method_not_allowed","message":"The method is not allowed for the requested URL.","status":405}

2026-05-26 15:57:46.573 | ERROR    | app.services.dify_sync_service:_create_document:118 | DifySync: 创建文档失败 book=99 status=405 body={"code":"method_not_allowed","message":"The method is not allowed for the requested URL.","status":405}

2026-05-26 15:57:47.154 | ERROR    | app.services.dify_sync_service:_create_document:118 | DifySync: 创建文档失败 book=38 status=405 body={"code":"method_not_allowed","message":"The method is not allowed for the requested URL.","status":405}

2026-05-26 15:57:47.156 | ERROR    | app.services.dify_sync_service:_create_document:118 | DifySync: 创建文档失败 book=38 status=405 body={"code":"method_not_allowed","message":"The method is not allowed for the requested URL.","status":405}

2026-05-26 15:57:47.945 | ERROR    | app.services.dify_sync_service:_create_document:118 | DifySync: 创建文档失败 book=39 status=405 body={"code":"method_not_allowed","message":"The method is not allowed for the requested URL.","status":405}

2026-05-26 15:57:48.123 | ERROR    | app.services.dify_sync_service:_create_document:118 | DifySync: 创建文档失败 book=100 status=405 body={"code":"method_not_allowed","message":"The method is not allowed for the requested URL.","status":405}

2026-05-26 15:57:48.548 | ERROR    | app.services.dify_sync_service:_create_document:118 | DifySync: 创建文档失败 book=40 status=405 body={"code":"method_not_allowed","message":"The method is not allowed for the requested URL.","status":405}

2026-05-26 15:57:48.667 | ERROR    | app.services.dify_sync_service:_create_document:118 | DifySync: 创建文档失败 book=101 status=405 body={"code":"method_not_allowed","message":"The method is not allowed for the requested URL.","status":405}

2026-05-26 15:57:48.677 | ERROR    | app.services.dify_sync_service:_create_document:118 | DifySync: 创建文档失败 book=101 status=405 body={"code":"method_not_allowed","message":"The method is not allowed for the requested URL.","status":405}

2026-05-26 15:57:48.693 | ERROR    | app.services.dify_sync_service:_create_document:118 | DifySync: 创建文档失败 book=40 status=405 body={"code":"method_not_allowed","message":"The method is not allowed for the requested URL.","status":405}

2026-05-26 15:57:48.857 | ERROR    | app.services.dify_sync_service:_create_document:118 | DifySync: 创建文档失败 book=74 status=405 body={"code":"method_not_allowed","message":"The method is not allowed for the requested URL.","status":405}

2026-05-26 15:57:48.888 | ERROR    | app.services.dify_sync_service:_create_document:118 | DifySync: 创建文档失败 book=39 status=405 body={"code":"method_not_allowed","message":"The method is not allowed for the requested URL.","status":405}

2026-05-26 15:57:49.450 | ERROR    | app.services.dify_sync_service:_create_document:118 | DifySync: 创建文档失败 book=102 status=405 body={"code":"method_not_allowed","message":"The method is not allowed for the requested URL.","status":405}

2026-05-26 15:57:49.544 | ERROR    | app.services.dify_sync_service:_create_document:118 | DifySync: 创建文档失败 book=102 status=405 body={"code":"method_not_allowed","message":"The method is not allowed for the requested URL.","status":405}

2026-05-26 15:57:49.627 | ERROR    | app.services.dify_sync_service:_create_document:118 | DifySync: 创建文档失败 book=100 status=405 body={"code":"method_not_allowed","message":"The method is not allowed for the requested URL.","status":405}

2026-05-26 15:57:49.775 | ERROR    | app.services.dify_sync_service:_create_document:118 | DifySync: 创建文档失败 book=41 status=405 body={"code":"method_not_allowed","message":"The method is not allowed for the requested URL.","status":405}

2026-05-26 15:57:49.849 | ERROR    | app.services.dify_sync_service:_create_document:118 | DifySync: 创建文档失败 book=75 status=405 body={"code":"method_not_allowed","message":"The method is not allowed for the requested URL.","status":405}

2026-05-26 15:57:49.856 | ERROR    | app.services.dify_sync_service:_create_document:118 | DifySync: 创建文档失败 book=41 status=405 body={"code":"method_not_allowed","message":"The method is not allowed for the requested URL.","status":405}

2026-05-26 15:57:50.518 | ERROR    | app.services.dify_sync_service:_create_document:118 | DifySync: 创建文档失败 book=75 status=405 body={"code":"method_not_allowed","message":"The method is not allowed for the requested URL.","status":405}

2026-05-26 15:57:50.573 | ERROR    | app.services.dify_sync_service:_create_document:118 | DifySync: 创建文档失败 book=74 status=405 body={"code":"method_not_allowed","message":"The method is not allowed for the requested URL.","status":405}

2026-05-26 15:57:50.874 | ERROR    | app.services.dify_sync_service:_create_document:118 | DifySync: 创建文档失败 book=76 status=405 body={"code":"method_not_allowed","message":"The method is not allowed for the requested URL.","status":405}

2026-05-26 15:57:50.878 | ERROR    | app.services.dify_sync_service:_create_document:118 | DifySync: 创建文档失败 book=42 status=405 body={"code":"method_not_allowed","message":"The method is not allowed for the requested URL.","status":405}

2026-05-26 15:57:50.883 | ERROR    | app.services.dify_sync_service:_create_document:118 | DifySync: 创建文档失败 book=42 status=405 body={"code":"method_not_allowed","message":"The method is not allowed for the requested URL.","status":405}

2026-05-26 15:57:50.930 | ERROR    | app.services.dify_sync_service:_create_document:118 | DifySync: 创建文档失败 book=76 status=405 body={"code":"method_not_allowed","message":"The method is not allowed for the requested URL.","status":405}

2026-05-26 15:57:51.742 | ERROR    | app.services.dify_sync_service:_create_document:118 | DifySync: 创建文档失败 book=103 status=405 body={"code":"method_not_allowed","message":"The method is not allowed for the requested URL.","status":405}

2026-05-26 15:57:52.148 | ERROR    | app.services.dify_sync_service:_create_document:118 | DifySync: 创建文档失败 book=103 status=405 body={"code":"method_not_allowed","message":"The method is not allowed for the requested URL.","status":405}

2026-05-26 15:57:52.560 | ERROR    | app.services.dify_sync_service:_create_document:118 | DifySync: 创建文档失败 book=44 status=405 body={"code":"method_not_allowed","message":"The method is not allowed for the requested URL.","status":405}

2026-05-26 15:57:52.715 | ERROR    | app.services.dify_sync_service:_create_document:118 | DifySync: 创建文档失败 book=77 status=405 body={"code":"method_not_allowed","message":"The method is not allowed for the requested URL.","status":405}

2026-05-26 15:57:52.738 | ERROR    | app.services.dify_sync_service:_create_document:118 | DifySync: 创建文档失败 book=44 status=405 body={"code":"method_not_allowed","message":"The method is not allowed for the requested URL.","status":405}

2026-05-26 15:57:52.858 | ERROR    | app.services.dify_sync_service:_create_document:118 | DifySync: 创建文档失败 book=77 status=405 body={"code":"method_not_allowed","message":"The method is not allowed for the requested URL.","status":405}

2026-05-26 15:57:52.905 | ERROR    | app.services.dify_sync_service:_create_document:118 | DifySync: 创建文档失败 book=78 status=405 body={"code":"method_not_allowed","message":"The method is not allowed for the requested URL.","status":405}

2026-05-26 15:57:53.034 | ERROR    | app.services.dify_sync_service:_create_document:118 | DifySync: 创建文档失败 book=78 status=405 body={"code":"method_not_allowed","message":"The method is not allowed for the requested URL.","status":405}

2026-05-26 15:57:53.043 | ERROR    | app.services.dify_sync_service:_create_document:118 | DifySync: 创建文档失败 book=105 status=405 body={"code":"method_not_allowed","message":"The method is not allowed for the requested URL.","status":405}

2026-05-26 15:57:53.160 | ERROR    | app.services.dify_sync_service:_create_document:118 | DifySync: 创建文档失败 book=105 status=405 body={"code":"method_not_allowed","message":"The method is not allowed for the requested URL.","status":405}

2026-05-26 15:57:53.182 | ERROR    | app.services.dify_sync_service:_create_document:118 | DifySync: 创建文档失败 book=104 status=405 body={"code":"method_not_allowed","message":"The method is not allowed for the requested URL.","status":405}

2026-05-26 15:57:53.395 | ERROR    | app.services.dify_sync_service:_create_document:118 | DifySync: 创建文档失败 book=104 status=405 body={"code":"method_not_allowed","message":"The method is not allowed for the requested URL.","status":405}

2026-05-26 15:57:53.742 | ERROR    | app.services.dify_sync_service:_create_document:118 | DifySync: 创建文档失败 book=43 status=405 body={"code":"method_not_allowed","message":"The method is not allowed for the requested URL.","status":405}

2026-05-26 15:57:53.748 | ERROR    | app.services.dify_sync_service:_create_document:118 | DifySync: 创建文档失败 book=43 status=405 body={"code":"method_not_allowed","message":"The method is not allowed for the requested URL.","status":405}

2026-05-26 15:57:53.767 | ERROR    | app.services.dify_sync_service:_create_document:118 | DifySync: 创建文档失败 book=45 status=405 body={"code":"method_not_allowed","message":"The method is not allowed for the requested URL.","status":405}

2026-05-26 15:57:54.179 | ERROR    | app.services.dify_sync_service:_create_document:118 | DifySync: 创建文档失败 book=106 status=405 body={"code":"method_not_allowed","message":"The method is not allowed for the requested URL.","status":405}

2026-05-26 15:57:54.310 | ERROR    | app.services.dify_sync_service:_create_document:118 | DifySync: 创建文档失败 book=45 status=405 body={"code":"method_not_allowed","message":"The method is not allowed for the requested URL.","status":405}

2026-05-26 15:57:54.458 | ERROR    | app.services.dify_sync_service:_create_document:118 | DifySync: 创建文档失败 book=46 status=405 body={"code":"method_not_allowed","message":"The method is not allowed for the requested URL.","status":405}

2026-05-26 15:57:54.647 | ERROR    | app.services.dify_sync_service:_create_document:118 | DifySync: 创建文档失败 book=79 status=405 body={"code":"method_not_allowed","message":"The method is not allowed for the requested URL.","status":405}

2026-05-26 15:57:54.685 | ERROR    | app.services.dify_sync_service:_create_document:118 | DifySync: 创建文档失败 book=79 status=405 body={"code":"method_not_allowed","message":"The method is not allowed for the requested URL.","status":405}

2026-05-26 15:57:55.345 | ERROR    | app.services.dify_sync_service:_create_document:118 | DifySync: 创建文档失败 book=46 status=405 body={"code":"method_not_allowed","message":"The method is not allowed for the requested URL.","status":405}

2026-05-26 15:57:55.365 | ERROR    | app.services.dify_sync_service:_create_document:118 | DifySync: 创建文档失败 book=80 status=405 body={"code":"method_not_allowed","message":"The method is not allowed for the requested URL.","status":405}

2026-05-26 15:57:55.464 | ERROR    | app.services.dify_sync_service:_create_document:118 | DifySync: 创建文档失败 book=106 status=405 body={"code":"method_not_allowed","message":"The method is not allowed for the requested URL.","status":405}

2026-05-26 15:57:55.667 | ERROR    | app.services.dify_sync_service:_create_document:118 | DifySync: 创建文档失败 book=80 status=405 body={"code":"method_not_allowed","message":"The method is not allowed for the requested URL.","status":405}

2026-05-26 15:57:56.014 | ERROR    | app.services.dify_sync_service:_create_document:118 | DifySync: 创建文档失败 book=47 status=405 body={"code":"method_not_allowed","message":"The method is not allowed for the requested URL.","status":405}

2026-05-26 15:57:56.032 | ERROR    | app.services.dify_sync_service:_create_document:118 | DifySync: 创建文档失败 book=47 status=405 body={"code":"method_not_allowed","message":"The method is not allowed for the requested URL.","status":405}

2026-05-26 15:57:56.105 | ERROR    | app.services.dify_sync_service:_create_document:118 | DifySync: 创建文档失败 book=81 status=405 body={"code":"method_not_allowed","message":"The method is not allowed for the requested URL.","status":405}

2026-05-26 15:57:56.480 | ERROR    | app.services.dify_sync_service:_create_document:118 | DifySync: 创建文档失败 book=107 status=405 body={"code":"method_not_allowed","message":"The method is not allowed for the requested URL.","status":405}

2026-05-26 15:57:56.571 | ERROR    | app.services.dify_sync_service:_create_document:118 | DifySync: 创建文档失败 book=81 status=405 body={"code":"method_not_allowed","message":"The method is not allowed for the requested URL.","status":405}

2026-05-26 15:57:56.806 | ERROR    | app.services.dify_sync_service:_create_document:118 | DifySync: 创建文档失败 book=48 status=405 body={"code":"method_not_allowed","message":"The method is not allowed for the requested URL.","status":405}

2026-05-26 15:57:57.162 | ERROR    | app.services.dify_sync_service:_create_document:118 | DifySync: 创建文档失败 book=82 status=405 body={"code":"method_not_allowed","message":"The method is not allowed for the requested URL.","status":405}

2026-05-26 15:57:57.401 | ERROR    | app.services.dify_sync_service:_create_document:118 | DifySync: 创建文档失败 book=82 status=405 body={"code":"method_not_allowed","message":"The method is not allowed for the requested URL.","status":405}

2026-05-26 15:57:57.520 | ERROR    | app.services.dify_sync_service:_create_document:118 | DifySync: 创建文档失败 book=48 status=405 body={"code":"method_not_allowed","message":"The method is not allowed for the requested URL.","status":405}

2026-05-26 15:57:57.787 | ERROR    | app.services.dify_sync_service:_create_document:118 | DifySync: 创建文档失败 book=49 status=405 body={"code":"method_not_allowed","message":"The method is not allowed for the requested URL.","status":405}

2026-05-26 15:57:57.789 | ERROR    | app.services.dify_sync_service:_create_document:118 | DifySync: 创建文档失败 book=107 status=405 body={"code":"method_not_allowed","message":"The method is not allowed for the requested URL.","status":405}

2026-05-26 15:57:58.408 | ERROR    | app.services.dify_sync_service:_create_document:118 | DifySync: 创建文档失败 book=49 status=405 body={"code":"method_not_allowed","message":"The method is not allowed for the requested URL.","status":405}

2026-05-26 15:57:58.716 | ERROR    | app.services.dify_sync_service:_create_document:118 | DifySync: 创建文档失败 book=83 status=405 body={"code":"method_not_allowed","message":"The method is not allowed for the requested URL.","status":405}

2026-05-26 15:57:58.719 | ERROR    | app.services.dify_sync_service:_create_document:118 | DifySync: 创建文档失败 book=83 status=405 body={"code":"method_not_allowed","message":"The method is not allowed for the requested URL.","status":405}

2026-05-26 15:57:59.084 | ERROR    | app.services.dify_sync_service:_create_document:118 | DifySync: 创建文档失败 book=50 status=405 body={"code":"method_not_allowed","message":"The method is not allowed for the requested URL.","status":405}

2026-05-26 15:57:59.098 | ERROR    | app.services.dify_sync_service:_create_document:118 | DifySync: 创建文档失败 book=84 status=405 body={"code":"method_not_allowed","message":"The method is not allowed for the requested URL.","status":405}

2026-05-26 15:57:59.486 | ERROR    | app.services.dify_sync_service:_create_document:118 | DifySync: 创建文档失败 book=85 status=405 body={"code":"method_not_allowed","message":"The method is not allowed for the requested URL.","status":405}

2026-05-26 15:57:59.749 | ERROR    | app.services.dify_sync_service:_create_document:118 | DifySync: 创建文档失败 book=85 status=405 body={"code":"method_not_allowed","message":"The method is not allowed for the requested URL.","status":405}

2026-05-26 15:57:59.892 | ERROR    | app.services.dify_sync_service:_create_document:118 | DifySync: 创建文档失败 book=51 status=405 body={"code":"method_not_allowed","message":"The method is not allowed for the requested URL.","status":405}

2026-05-26 15:57:59.900 | ERROR    | app.services.dify_sync_service:_create_document:118 | DifySync: 创建文档失败 book=50 status=405 body={"code":"method_not_allowed","message":"The method is not allowed for the requested URL.","status":405}

2026-05-26 15:58:00.238 | ERROR    | app.services.dify_sync_service:_create_document:118 | DifySync: 创建文档失败 book=86 status=405 body={"code":"method_not_allowed","message":"The method is not allowed for the requested URL.","status":405}

2026-05-26 15:58:00.411 | ERROR    | app.services.dify_sync_service:_create_document:118 | DifySync: 创建文档失败 book=84 status=405 body={"code":"method_not_allowed","message":"The method is not allowed for the requested URL.","status":405}

2026-05-26 15:58:00.536 | ERROR    | app.services.dify_sync_service:_create_document:118 | DifySync: 创建文档失败 book=86 status=405 body={"code":"method_not_allowed","message":"The method is not allowed for the requested URL.","status":405}

2026-05-26 15:58:00.815 | ERROR    | app.services.dify_sync_service:_create_document:118 | DifySync: 创建文档失败 book=53 status=405 body={"code":"method_not_allowed","message":"The method is not allowed for the requested URL.","status":405}

2026-05-26 15:58:00.829 | ERROR    | app.services.dify_sync_service:_create_document:118 | DifySync: 创建文档失败 book=51 status=405 body={"code":"method_not_allowed","message":"The method is not allowed for the requested URL.","status":405}

2026-05-26 15:58:00.904 | ERROR    | app.services.dify_sync_service:_create_document:118 | DifySync: 创建文档失败 book=53 status=405 body={"code":"method_not_allowed","message":"The method is not allowed for the requested URL.","status":405}

2026-05-26 15:58:01.627 | ERROR    | app.services.dify_sync_service:_create_document:118 | DifySync: 创建文档失败 book=87 status=405 body={"code":"method_not_allowed","message":"The method is not allowed for the requested URL.","status":405}

2026-05-26 15:58:02.014 | ERROR    | app.services.dify_sync_service:_create_document:118 | DifySync: 创建文档失败 book=54 status=405 body={"code":"method_not_allowed","message":"The method is not allowed for the requested URL.","status":405}

2026-05-26 15:58:02.616 | ERROR    | app.services.dify_sync_service:_create_document:118 | DifySync: 创建文档失败 book=87 status=405 body={"code":"method_not_allowed","message":"The method is not allowed for the requested URL.","status":405}

2026-05-26 15:58:02.774 | ERROR    | app.services.dify_sync_service:_create_document:118 | DifySync: 创建文档失败 book=55 status=405 body={"code":"method_not_allowed","message":"The method is not allowed for the requested URL.","status":405}

2026-05-26 15:58:03.129 | ERROR    | app.services.dify_sync_service:_create_document:118 | DifySync: 创建文档失败 book=54 status=405 body={"code":"method_not_allowed","message":"The method is not allowed for the requested URL.","status":405}

2026-05-26 15:58:03.132 | ERROR    | app.services.dify_sync_service:_create_document:118 | DifySync: 创建文档失败 book=88 status=405 body={"code":"method_not_allowed","message":"The method is not allowed for the requested URL.","status":405}

2026-05-26 15:58:03.135 | ERROR    | app.services.dify_sync_service:_create_document:118 | DifySync: 创建文档失败 book=88 status=405 body={"code":"method_not_allowed","message":"The method is not allowed for the requested URL.","status":405}

2026-05-26 15:58:03.212 | ERROR    | app.services.dify_sync_service:_create_document:118 | DifySync: 创建文档失败 book=89 status=405 body={"code":"method_not_allowed","message":"The method is not allowed for the requested URL.","status":405}

2026-05-26 15:58:03.230 | ERROR    | app.services.dify_sync_service:_create_document:118 | DifySync: 创建文档失败 book=89 status=405 body={"code":"method_not_allowed","message":"The method is not allowed for the requested URL.","status":405}

2026-05-26 15:58:03.416 | ERROR    | app.services.dify_sync_service:_create_document:118 | DifySync: 创建文档失败 book=55 status=405 body={"code":"method_not_allowed","message":"The method is not allowed for the requested URL.","status":405}

2026-05-26 15:58:04.766 | ERROR    | app.services.dify_sync_service:_create_document:118 | DifySync: 创建文档失败 book=91 status=405 body={"code":"method_not_allowed","message":"The method is not allowed for the requested URL.","status":405}

2026-05-26 15:58:04.773 | ERROR    | app.services.dify_sync_service:_create_document:118 | DifySync: 创建文档失败 book=91 status=405 body={"code":"method_not_allowed","message":"The method is not allowed for the requested URL.","status":405}

2026-05-26 15:58:05.113 | ERROR    | app.services.dify_sync_service:_create_document:118 | DifySync: 创建文档失败 book=90 status=405 body={"code":"method_not_allowed","message":"The method is not allowed for the requested URL.","status":405}

2026-05-26 15:58:05.142 | ERROR    | app.services.dify_sync_service:_create_document:118 | DifySync: 创建文档失败 book=90 status=405 body={"code":"method_not_allowed","message":"The method is not allowed for the requested URL.","status":405}

2026-05-26 15:58:05.150 | ERROR    | app.services.dify_sync_service:_create_document:118 | DifySync: 创建文档失败 book=56 status=405 body={"code":"method_not_allowed","message":"The method is not allowed for the requested URL.","status":405}

2026-05-26 15:58:05.188 | ERROR    | app.services.dify_sync_service:_create_document:118 | DifySync: 创建文档失败 book=56 status=405 body={"code":"method_not_allowed","message":"The method is not allowed for the requested URL.","status":405}

2026-05-26 15:58:05.744 | ERROR    | app.services.dify_sync_service:_create_document:118 | DifySync: 创建文档失败 book=57 status=405 body={"code":"method_not_allowed","message":"The method is not allowed for the requested URL.","status":405}

2026-05-26 15:58:05.747 | ERROR    | app.services.dify_sync_service:_create_document:118 | DifySync: 创建文档失败 book=57 status=405 body={"code":"method_not_allowed","message":"The method is not allowed for the requested URL.","status":405}

2026-05-26 15:58:06.591 | ERROR    | app.services.dify_sync_service:_create_document:118 | DifySync: 创建文档失败 book=92 status=405 body={"code":"method_not_allowed","message":"The method is not allowed for the requested URL.","status":405}

2026-05-26 15:58:07.031 | ERROR    | app.services.dify_sync_service:_create_document:118 | DifySync: 创建文档失败 book=61 status=405 body={"code":"method_not_allowed","message":"The method is not allowed for the requested URL.","status":405}

2026-05-26 15:58:07.576 | ERROR    | app.services.dify_sync_service:_create_document:118 | DifySync: 创建文档失败 book=61 status=405 body={"code":"method_not_allowed","message":"The method is not allowed for the requested URL.","status":405}

2026-05-26 15:58:07.601 | ERROR    | app.services.dify_sync_service:_create_document:118 | DifySync: 创建文档失败 book=92 status=405 body={"code":"method_not_allowed","message":"The method is not allowed for the requested URL.","status":405}

2026-05-26 15:58:08.102 | ERROR    | app.services.dify_sync_service:_create_document:118 | DifySync: 创建文档失败 book=93 status=405 body={"code":"method_not_allowed","message":"The method is not allowed for the requested URL.","status":405}

2026-05-26 15:58:08.123 | ERROR    | app.services.dify_sync_service:_create_document:118 | DifySync: 创建文档失败 book=93 status=405 body={"code":"method_not_allowed","message":"The method is not allowed for the requested URL.","status":405}

2026-05-26 15:58:08.410 | ERROR    | app.services.dify_sync_service:_create_document:118 | DifySync: 创建文档失败 book=62 status=405 body={"code":"method_not_allowed","message":"The method is not allowed for the requested URL.","status":405}

2026-05-26 15:58:09.170 | ERROR    | app.services.dify_sync_service:_create_document:118 | DifySync: 创建文档失败 book=63 status=405 body={"code":"method_not_allowed","message":"The method is not allowed for the requested URL.","status":405}

2026-05-26 15:58:09.585 | ERROR    | app.services.dify_sync_service:_create_document:118 | DifySync: 创建文档失败 book=63 status=405 body={"code":"method_not_allowed","message":"The method is not allowed for the requested URL.","status":405}

2026-05-26 15:58:09.646 | ERROR    | app.services.dify_sync_service:_create_document:118 | DifySync: 创建文档失败 book=94 status=405 body={"code":"method_not_allowed","message":"The method is not allowed for the requested URL.","status":405}

2026-05-26 15:58:09.945 | ERROR    | app.services.dify_sync_service:_create_document:118 | DifySync: 创建文档失败 book=94 status=405 body={"code":"method_not_allowed","message":"The method is not allowed for the requested URL.","status":405}

2026-05-26 15:58:10.124 | ERROR    | app.services.dify_sync_service:_create_document:118 | DifySync: 创建文档失败 book=62 status=405 body={"code":"method_not_allowed","message":"The method is not allowed for the requested URL.","status":405}

2026-05-26 15:58:10.549 | ERROR    | app.services.dify_sync_service:_create_document:118 | DifySync: 创建文档失败 book=95 status=405 body={"code":"method_not_allowed","message":"The method is not allowed for the requested URL.","status":405}

2026-05-26 15:58:10.629 | ERROR    | app.services.dify_sync_service:_create_document:118 | DifySync: 创建文档失败 book=95 status=405 body={"code":"method_not_allowed","message":"The method is not allowed for the requested URL.","status":405}

2026-05-26 15:58:10.696 | ERROR    | app.services.dify_sync_service:_create_document:118 | DifySync: 创建文档失败 book=64 status=405 body={"code":"method_not_allowed","message":"The method is not allowed for the requested URL.","status":405}

2026-05-26 15:58:11.050 | ERROR    | app.services.dify_sync_service:_create_document:118 | DifySync: 创建文档失败 book=64 status=405 body={"code":"method_not_allowed","message":"The method is not allowed for the requested URL.","status":405}

2026-05-26 15:58:12.644 | ERROR    | app.services.dify_sync_service:_create_document:118 | DifySync: 创建文档失败 book=97 status=405 body={"code":"method_not_allowed","message":"The method is not allowed for the requested URL.","status":405}

2026-05-26 15:58:12.694 | ERROR    | app.services.dify_sync_service:_create_document:118 | DifySync: 创建文档失败 book=96 status=405 body={"code":"method_not_allowed","message":"The method is not allowed for the requested URL.","status":405}

2026-05-26 15:58:12.732 | ERROR    | app.services.dify_sync_service:_create_document:118 | DifySync: 创建文档失败 book=96 status=405 body={"code":"method_not_allowed","message":"The method is not allowed for the requested URL.","status":405}

2026-05-26 15:58:13.064 | ERROR    | app.services.dify_sync_service:_create_document:118 | DifySync: 创建文档失败 book=98 status=405 body={"code":"method_not_allowed","message":"The method is not allowed for the requested URL.","status":405}

2026-05-26 15:58:13.094 | ERROR    | app.services.dify_sync_service:_create_document:118 | DifySync: 创建文档失败 book=98 status=405 body={"code":"method_not_allowed","message":"The method is not allowed for the requested URL.","status":405}

2026-05-26 15:58:13.340 | ERROR    | app.services.dify_sync_service:_create_document:118 | DifySync: 创建文档失败 book=65 status=405 body={"code":"method_not_allowed","message":"The method is not allowed for the requested URL.","status":405}

2026-05-26 15:58:13.547 | ERROR    | app.services.dify_sync_service:_create_document:118 | DifySync: 创建文档失败 book=99 status=405 body={"code":"method_not_allowed","message":"The method is not allowed for the requested URL.","status":405}

2026-05-26 15:58:13.674 | ERROR    | app.services.dify_sync_service:_create_document:118 | DifySync: 创建文档失败 book=97 status=405 body={"code":"method_not_allowed","message":"The method is not allowed for the requested URL.","status":405}

2026-05-26 15:58:13.885 | ERROR    | app.services.dify_sync_service:_create_document:118 | DifySync: 创建文档失败 book=99 status=405 body={"code":"method_not_allowed","message":"The method is not allowed for the requested URL.","status":405}

2026-05-26 15:58:13.939 | ERROR    | app.services.dify_sync_service:_create_document:118 | DifySync: 创建文档失败 book=66 status=405 body={"code":"method_not_allowed","message":"The method is not allowed for the requested URL.","status":405}

2026-05-26 15:58:13.970 | ERROR    | app.services.dify_sync_service:_create_document:118 | DifySync: 创建文档失败 book=66 status=405 body={"code":"method_not_allowed","message":"The method is not allowed for the requested URL.","status":405}

2026-05-26 15:58:14.303 | ERROR    | app.services.dify_sync_service:_create_document:118 | DifySync: 创建文档失败 book=67 status=405 body={"code":"method_not_allowed","message":"The method is not allowed for the requested URL.","status":405}

2026-05-26 15:58:14.341 | ERROR    | app.services.dify_sync_service:_create_document:118 | DifySync: 创建文档失败 book=100 status=405 body={"code":"method_not_allowed","message":"The method is not allowed for the requested URL.","status":405}

2026-05-26 15:58:14.380 | ERROR    | app.services.dify_sync_service:_create_document:118 | DifySync: 创建文档失败 book=100 status=405 body={"code":"method_not_allowed","message":"The method is not allowed for the requested URL.","status":405}

2026-05-26 15:58:14.560 | ERROR    | app.services.dify_sync_service:_create_document:118 | DifySync: 创建文档失败 book=67 status=405 body={"code":"method_not_allowed","message":"The method is not allowed for the requested URL.","status":405}

2026-05-26 15:58:16.463 | ERROR    | app.services.dify_sync_service:_create_document:118 | DifySync: 创建文档失败 book=68 status=405 body={"code":"method_not_allowed","message":"The method is not allowed for the requested URL.","status":405}

2026-05-26 15:58:16.467 | ERROR    | app.services.dify_sync_service:_create_document:118 | DifySync: 创建文档失败 book=69 status=405 body={"code":"method_not_allowed","message":"The method is not allowed for the requested URL.","status":405}

2026-05-26 15:58:16.472 | ERROR    | app.services.dify_sync_service:_create_document:118 | DifySync: 创建文档失败 book=68 status=405 body={"code":"method_not_allowed","message":"The method is not allowed for the requested URL.","status":405}

2026-05-26 15:58:16.476 | ERROR    | app.services.dify_sync_service:_create_document:118 | DifySync: 创建文档失败 book=101 status=405 body={"code":"method_not_allowed","message":"The method is not allowed for the requested URL.","status":405}

2026-05-26 15:58:16.481 | ERROR    | app.services.dify_sync_service:_create_document:118 | DifySync: 创建文档失败 book=69 status=405 body={"code":"method_not_allowed","message":"The method is not allowed for the requested URL.","status":405}

2026-05-26 15:58:16.698 | ERROR    | app.services.dify_sync_service:_create_document:118 | DifySync: 创建文档失败 book=101 status=405 body={"code":"method_not_allowed","message":"The method is not allowed for the requested URL.","status":405}

2026-05-26 15:58:17.027 | ERROR    | app.services.dify_sync_service:_create_document:118 | DifySync: 创建文档失败 book=65 status=405 body={"code":"method_not_allowed","message":"The method is not allowed for the requested URL.","status":405}

2026-05-26 15:58:17.334 | ERROR    | app.services.dify_sync_service:_create_document:118 | DifySync: 创建文档失败 book=70 status=405 body={"code":"method_not_allowed","message":"The method is not allowed for the requested URL.","status":405}

2026-05-26 15:58:17.357 | ERROR    | app.services.dify_sync_service:_create_document:118 | DifySync: 创建文档失败 book=70 status=405 body={"code":"method_not_allowed","message":"The method is not allowed for the requested URL.","status":405}

2026-05-26 15:58:17.514 | ERROR    | app.services.dify_sync_service:_create_document:118 | DifySync: 创建文档失败 book=102 status=405 body={"code":"method_not_allowed","message":"The method is not allowed for the requested URL.","status":405}

2026-05-26 15:58:17.872 | ERROR    | app.services.dify_sync_service:_create_document:118 | DifySync: 创建文档失败 book=103 status=405 body={"code":"method_not_allowed","message":"The method is not allowed for the requested URL.","status":405}

2026-05-26 15:58:18.038 | ERROR    | app.services.dify_sync_service:_create_document:118 | DifySync: 创建文档失败 book=103 status=405 body={"code":"method_not_allowed","message":"The method is not allowed for the requested URL.","status":405}

2026-05-26 15:58:18.154 | ERROR    | app.services.dify_sync_service:_create_document:118 | DifySync: 创建文档失败 book=102 status=405 body={"code":"method_not_allowed","message":"The method is not allowed for the requested URL.","status":405}

2026-05-26 15:58:18.764 | ERROR    | app.services.dify_sync_service:_create_document:118 | DifySync: 创建文档失败 book=104 status=405 body={"code":"method_not_allowed","message":"The method is not allowed for the requested URL.","status":405}

2026-05-26 15:58:18.783 | ERROR    | app.services.dify_sync_service:_create_document:118 | DifySync: 创建文档失败 book=104 status=405 body={"code":"method_not_allowed","message":"The method is not allowed for the requested URL.","status":405}

2026-05-26 15:58:19.479 | ERROR    | app.services.dify_sync_service:_create_document:118 | DifySync: 创建文档失败 book=71 status=405 body={"code":"method_not_allowed","message":"The method is not allowed for the requested URL.","status":405}

2026-05-26 15:58:20.039 | ERROR    | app.services.dify_sync_service:_create_document:118 | DifySync: 创建文档失败 book=71 status=405 body={"code":"method_not_allowed","message":"The method is not allowed for the requested URL.","status":405}

2026-05-26 15:58:20.066 | ERROR    | app.services.dify_sync_service:_create_document:118 | DifySync: 创建文档失败 book=72 status=405 body={"code":"method_not_allowed","message":"The method is not allowed for the requested URL.","status":405}

2026-05-26 15:58:20.596 | ERROR    | app.services.dify_sync_service:_create_document:118 | DifySync: 创建文档失败 book=73 status=405 body={"code":"method_not_allowed","message":"The method is not allowed for the requested URL.","status":405}

2026-05-26 15:58:20.606 | ERROR    | app.services.dify_sync_service:_create_document:118 | DifySync: 创建文档失败 book=105 status=405 body={"code":"method_not_allowed","message":"The method is not allowed for the requested URL.","status":405}

2026-05-26 15:58:20.641 | ERROR    | app.services.dify_sync_service:_create_document:118 | DifySync: 创建文档失败 book=105 status=405 body={"code":"method_not_allowed","message":"The method is not allowed for the requested URL.","status":405}

2026-05-26 15:58:20.833 | ERROR    | app.services.dify_sync_service:_create_document:118 | DifySync: 创建文档失败 book=106 status=405 body={"code":"method_not_allowed","message":"The method is not allowed for the requested URL.","status":405}

2026-05-26 15:58:20.871 | ERROR    | app.services.dify_sync_service:_create_document:118 | DifySync: 创建文档失败 book=106 status=405 body={"code":"method_not_allowed","message":"The method is not allowed for the requested URL.","status":405}

2026-05-26 15:58:20.882 | ERROR    | app.services.dify_sync_service:_create_document:118 | DifySync: 创建文档失败 book=74 status=405 body={"code":"method_not_allowed","message":"The method is not allowed for the requested URL.","status":405}

2026-05-26 15:58:20.922 | ERROR    | app.services.dify_sync_service:_create_document:118 | DifySync: 创建文档失败 book=73 status=405 body={"code":"method_not_allowed","message":"The method is not allowed for the requested URL.","status":405}

2026-05-26 15:58:21.159 | ERROR    | app.services.dify_sync_service:_create_document:118 | DifySync: 创建文档失败 book=72 status=405 body={"code":"method_not_allowed","message":"The method is not allowed for the requested URL.","status":405}

2026-05-26 15:58:21.433 | ERROR    | app.services.dify_sync_service:_create_document:118 | DifySync: 创建文档失败 book=74 status=405 body={"code":"method_not_allowed","message":"The method is not allowed for the requested URL.","status":405}

2026-05-26 15:58:22.120 | ERROR    | app.services.dify_sync_service:_create_document:118 | DifySync: 创建文档失败 book=107 status=405 body={"code":"method_not_allowed","message":"The method is not allowed for the requested URL.","status":405}

2026-05-26 15:58:22.174 | ERROR    | app.services.dify_sync_service:_create_document:118 | DifySync: 创建文档失败 book=107 status=405 body={"code":"method_not_allowed","message":"The method is not allowed for the requested URL.","status":405}

2026-05-26 15:58:23.632 | ERROR    | app.services.dify_sync_service:_create_document:118 | DifySync: 创建文档失败 book=75 status=405 body={"code":"method_not_allowed","message":"The method is not allowed for the requested URL.","status":405}

2026-05-26 15:58:23.654 | ERROR    | app.services.dify_sync_service:_create_document:118 | DifySync: 创建文档失败 book=76 status=405 body={"code":"method_not_allowed","message":"The method is not allowed for the requested URL.","status":405}

2026-05-26 15:58:24.213 | ERROR    | app.services.dify_sync_service:_create_document:118 | DifySync: 创建文档失败 book=75 status=405 body={"code":"method_not_allowed","message":"The method is not allowed for the requested URL.","status":405}

2026-05-26 15:58:24.654 | ERROR    | app.services.dify_sync_service:_create_document:118 | DifySync: 创建文档失败 book=77 status=405 body={"code":"method_not_allowed","message":"The method is not allowed for the requested URL.","status":405}

2026-05-26 15:58:24.815 | ERROR    | app.services.dify_sync_service:_create_document:118 | DifySync: 创建文档失败 book=76 status=405 body={"code":"method_not_allowed","message":"The method is not allowed for the requested URL.","status":405}

2026-05-26 15:58:26.050 | ERROR    | app.services.dify_sync_service:_create_document:118 | DifySync: 创建文档失败 book=78 status=405 body={"code":"method_not_allowed","message":"The method is not allowed for the requested URL.","status":405}

2026-05-26 15:58:26.728 | ERROR    | app.services.dify_sync_service:_create_document:118 | DifySync: 创建文档失败 book=78 status=405 body={"code":"method_not_allowed","message":"The method is not allowed for the requested URL.","status":405}

2026-05-26 15:58:27.320 | ERROR    | app.services.dify_sync_service:_create_document:118 | DifySync: 创建文档失败 book=79 status=405 body={"code":"method_not_allowed","message":"The method is not allowed for the requested URL.","status":405}

2026-05-26 15:58:27.323 | ERROR    | app.services.dify_sync_service:_create_document:118 | DifySync: 创建文档失败 book=79 status=405 body={"code":"method_not_allowed","message":"The method is not allowed for the requested URL.","status":405}

2026-05-26 15:58:27.675 | ERROR    | app.services.dify_sync_service:_create_document:118 | DifySync: 创建文档失败 book=77 status=405 body={"code":"method_not_allowed","message":"The method is not allowed for the requested URL.","status":405}

2026-05-26 15:58:28.372 | ERROR    | app.services.dify_sync_service:_create_document:118 | DifySync: 创建文档失败 book=80 status=405 body={"code":"method_not_allowed","message":"The method is not allowed for the requested URL.","status":405}

2026-05-26 15:58:29.011 | ERROR    | app.services.dify_sync_service:_create_document:118 | DifySync: 创建文档失败 book=80 status=405 body={"code":"method_not_allowed","message":"The method is not allowed for the requested URL.","status":405}

2026-05-26 15:58:29.327 | ERROR    | app.services.dify_sync_service:_create_document:118 | DifySync: 创建文档失败 book=81 status=405 body={"code":"method_not_allowed","message":"The method is not allowed for the requested URL.","status":405}

2026-05-26 15:58:29.520 | ERROR    | app.services.dify_sync_service:_create_document:118 | DifySync: 创建文档失败 book=81 status=405 body={"code":"method_not_allowed","message":"The method is not allowed for the requested URL.","status":405}

2026-05-26 15:58:30.395 | ERROR    | app.services.dify_sync_service:_create_document:118 | DifySync: 创建文档失败 book=82 status=405 body={"code":"method_not_allowed","message":"The method is not allowed for the requested URL.","status":405}

2026-05-26 15:58:30.397 | ERROR    | app.services.dify_sync_service:_create_document:118 | DifySync: 创建文档失败 book=82 status=405 body={"code":"method_not_allowed","message":"The method is not allowed for the requested URL.","status":405}

2026-05-26 15:58:31.221 | ERROR    | app.services.dify_sync_service:_create_document:118 | DifySync: 创建文档失败 book=83 status=405 body={"code":"method_not_allowed","message":"The method is not allowed for the requested URL.","status":405}

2026-05-26 15:58:31.224 | ERROR    | app.services.dify_sync_service:_create_document:118 | DifySync: 创建文档失败 book=83 status=405 body={"code":"method_not_allowed","message":"The method is not allowed for the requested URL.","status":405}

2026-05-26 15:58:31.995 | ERROR    | app.services.dify_sync_service:_create_document:118 | DifySync: 创建文档失败 book=84 status=405 body={"code":"method_not_allowed","message":"The method is not allowed for the requested URL.","status":405}

2026-05-26 15:58:32.366 | ERROR    | app.services.dify_sync_service:_create_document:118 | DifySync: 创建文档失败 book=84 status=405 body={"code":"method_not_allowed","message":"The method is not allowed for the requested URL.","status":405}

2026-05-26 15:58:34.136 | ERROR    | app.services.dify_sync_service:_create_document:118 | DifySync: 创建文档失败 book=85 status=405 body={"code":"method_not_allowed","message":"The method is not allowed for the requested URL.","status":405}

2026-05-26 15:58:34.138 | ERROR    | app.services.dify_sync_service:_create_document:118 | DifySync: 创建文档失败 book=85 status=405 body={"code":"method_not_allowed","message":"The method is not allowed for the requested URL.","status":405}

2026-05-26 15:58:34.828 | ERROR    | app.services.dify_sync_service:_create_document:118 | DifySync: 创建文档失败 book=87 status=405 body={"code":"method_not_allowed","message":"The method is not allowed for the requested URL.","status":405}

2026-05-26 15:58:35.094 | ERROR    | app.services.dify_sync_service:_create_document:118 | DifySync: 创建文档失败 book=86 status=405 body={"code":"method_not_allowed","message":"The method is not allowed for the requested URL.","status":405}

2026-05-26 15:58:35.588 | ERROR    | app.services.dify_sync_service:_create_document:118 | DifySync: 创建文档失败 book=88 status=405 body={"code":"method_not_allowed","message":"The method is not allowed for the requested URL.","status":405}

2026-05-26 15:58:35.677 | ERROR    | app.services.dify_sync_service:_create_document:118 | DifySync: 创建文档失败 book=87 status=405 body={"code":"method_not_allowed","message":"The method is not allowed for the requested URL.","status":405}

2026-05-26 15:58:36.235 | ERROR    | app.services.dify_sync_service:_create_document:118 | DifySync: 创建文档失败 book=86 status=405 body={"code":"method_not_allowed","message":"The method is not allowed for the requested URL.","status":405}

2026-05-26 15:58:36.677 | ERROR    | app.services.dify_sync_service:_create_document:118 | DifySync: 创建文档失败 book=88 status=405 body={"code":"method_not_allowed","message":"The method is not allowed for the requested URL.","status":405}

2026-05-26 15:58:37.820 | ERROR    | app.services.dify_sync_service:_create_document:118 | DifySync: 创建文档失败 book=90 status=405 body={"code":"method_not_allowed","message":"The method is not allowed for the requested URL.","status":405}

2026-05-26 15:58:37.900 | ERROR    | app.services.dify_sync_service:_create_document:118 | DifySync: 创建文档失败 book=89 status=405 body={"code":"method_not_allowed","message":"The method is not allowed for the requested URL.","status":405}

2026-05-26 15:58:37.911 | ERROR    | app.services.dify_sync_service:_create_document:118 | DifySync: 创建文档失败 book=90 status=405 body={"code":"method_not_allowed","message":"The method is not allowed for the requested URL.","status":405}

2026-05-26 15:58:38.900 | ERROR    | app.services.dify_sync_service:_create_document:118 | DifySync: 创建文档失败 book=89 status=405 body={"code":"method_not_allowed","message":"The method is not allowed for the requested URL.","status":405}

2026-05-26 15:58:39.009 | ERROR    | app.services.dify_sync_service:_create_document:118 | DifySync: 创建文档失败 book=91 status=405 body={"code":"method_not_allowed","message":"The method is not allowed for the requested URL.","status":405}

2026-05-26 15:58:39.066 | ERROR    | app.services.dify_sync_service:_create_document:118 | DifySync: 创建文档失败 book=91 status=405 body={"code":"method_not_allowed","message":"The method is not allowed for the requested URL.","status":405}

2026-05-26 15:58:40.261 | ERROR    | app.services.dify_sync_service:_create_document:118 | DifySync: 创建文档失败 book=92 status=405 body={"code":"method_not_allowed","message":"The method is not allowed for the requested URL.","status":405}

2026-05-26 15:58:40.430 | ERROR    | app.services.dify_sync_service:_create_document:118 | DifySync: 创建文档失败 book=92 status=405 body={"code":"method_not_allowed","message":"The method is not allowed for the requested URL.","status":405}

2026-05-26 15:58:41.342 | ERROR    | app.services.dify_sync_service:_create_document:118 | DifySync: 创建文档失败 book=93 status=405 body={"code":"method_not_allowed","message":"The method is not allowed for the requested URL.","status":405}

2026-05-26 15:58:41.432 | ERROR    | app.services.dify_sync_service:_create_document:118 | DifySync: 创建文档失败 book=93 status=405 body={"code":"method_not_allowed","message":"The method is not allowed for the requested URL.","status":405}

2026-05-26 15:58:42.812 | ERROR    | app.services.dify_sync_service:_create_document:118 | DifySync: 创建文档失败 book=94 status=405 body={"code":"method_not_allowed","message":"The method is not allowed for the requested URL.","status":405}

2026-05-26 15:58:44.076 | ERROR    | app.services.dify_sync_service:_create_document:118 | DifySync: 创建文档失败 book=94 status=405 body={"code":"method_not_allowed","message":"The method is not allowed for the requested URL.","status":405}

2026-05-26 15:58:44.789 | ERROR    | app.services.dify_sync_service:_create_document:118 | DifySync: 创建文档失败 book=95 status=405 body={"code":"method_not_allowed","message":"The method is not allowed for the requested URL.","status":405}

2026-05-26 15:58:44.827 | ERROR    | app.services.dify_sync_service:_create_document:118 | DifySync: 创建文档失败 book=95 status=405 body={"code":"method_not_allowed","message":"The method is not allowed for the requested URL.","status":405}

2026-05-26 15:58:45.529 | ERROR    | app.services.dify_sync_service:_create_document:118 | DifySync: 创建文档失败 book=96 status=405 body={"code":"method_not_allowed","message":"The method is not allowed for the requested URL.","status":405}

2026-05-26 15:58:45.777 | ERROR    | app.services.dify_sync_service:_create_document:118 | DifySync: 创建文档失败 book=96 status=405 body={"code":"method_not_allowed","message":"The method is not allowed for the requested URL.","status":405}

2026-05-26 15:58:46.490 | ERROR    | app.services.dify_sync_service:_create_document:118 | DifySync: 创建文档失败 book=97 status=405 body={"code":"method_not_allowed","message":"The method is not allowed for the requested URL.","status":405}

2026-05-26 15:58:47.879 | ERROR    | app.services.dify_sync_service:_create_document:118 | DifySync: 创建文档失败 book=97 status=405 body={"code":"method_not_allowed","message":"The method is not allowed for the requested URL.","status":405}

2026-05-26 15:58:47.960 | ERROR    | app.services.dify_sync_service:_create_document:118 | DifySync: 创建文档失败 book=98 status=405 body={"code":"method_not_allowed","message":"The method is not allowed for the requested URL.","status":405}

2026-05-26 15:58:48.238 | ERROR    | app.services.dify_sync_service:_create_document:118 | DifySync: 创建文档失败 book=98 status=405 body={"code":"method_not_allowed","message":"The method is not allowed for the requested URL.","status":405}

2026-05-26 15:58:48.576 | ERROR    | app.services.dify_sync_service:_create_document:118 | DifySync: 创建文档失败 book=4 status=405 body={"code":"method_not_allowed","message":"The method is not allowed for the requested URL.","status":405}

2026-05-26 15:58:48.608 | ERROR    | app.services.dify_sync_service:_handle_failure:268 | DifySync: 同步最终失败 book=4 op=update
2026-05-26 15:58:48.641 | ERROR    | app.services.dify_sync_service:_create_document:118 | DifySync: 创建文档失败 book=4 status=405 body={"code":"method_not_allowed","message":"The method is not allowed for the requested URL.","status":405}

2026-05-26 15:58:48.652 | ERROR    | app.services.dify_sync_service:_handle_failure:268 | DifySync: 同步最终失败 book=4 op=update
2026-05-26 15:58:48.670 | ERROR    | app.services.dify_sync_service:_create_document:118 | DifySync: 创建文档失败 book=4 status=405 body={"code":"method_not_allowed","message":"The method is not allowed for the requested URL.","status":405}

2026-05-26 15:58:48.689 | ERROR    | app.services.dify_sync_service:_handle_failure:268 | DifySync: 同步最终失败 book=4 op=update
2026-05-26 15:58:48.743 | ERROR    | app.services.dify_sync_service:_create_document:118 | DifySync: 创建文档失败 book=4 status=405 body={"code":"method_not_allowed","message":"The method is not allowed for the requested URL.","status":405}

2026-05-26 15:58:48.756 | ERROR    | app.services.dify_sync_service:_handle_failure:268 | DifySync: 同步最终失败 book=4 op=update
2026-05-26 15:58:48.872 | ERROR    | app.services.dify_sync_service:_create_document:118 | DifySync: 创建文档失败 book=99 status=405 body={"code":"method_not_allowed","message":"The method is not allowed for the requested URL.","status":405}

2026-05-26 15:58:49.275 | ERROR    | app.services.dify_sync_service:_create_document:118 | DifySync: 创建文档失败 book=99 status=405 body={"code":"method_not_allowed","message":"The method is not allowed for the requested URL.","status":405}

2026-05-26 15:58:50.112 | ERROR    | app.services.dify_sync_service:_create_document:118 | DifySync: 创建文档失败 book=100 status=405 body={"code":"method_not_allowed","message":"The method is not allowed for the requested URL.","status":405}

2026-05-26 15:58:50.178 | ERROR    | app.services.dify_sync_service:_create_document:118 | DifySync: 创建文档失败 book=100 status=405 body={"code":"method_not_allowed","message":"The method is not allowed for the requested URL.","status":405}

2026-05-26 15:58:52.182 | ERROR    | app.services.dify_sync_service:_create_document:118 | DifySync: 创建文档失败 book=101 status=405 body={"code":"method_not_allowed","message":"The method is not allowed for the requested URL.","status":405}

2026-05-26 15:58:53.109 | ERROR    | app.services.dify_sync_service:_create_document:118 | DifySync: 创建文档失败 book=101 status=405 body={"code":"method_not_allowed","message":"The method is not allowed for the requested URL.","status":405}

2026-05-26 15:58:53.314 | ERROR    | app.services.dify_sync_service:_create_document:118 | DifySync: 创建文档失败 book=102 status=405 body={"code":"method_not_allowed","message":"The method is not allowed for the requested URL.","status":405}

2026-05-26 15:58:53.949 | ERROR    | app.services.dify_sync_service:_create_document:118 | DifySync: 创建文档失败 book=102 status=405 body={"code":"method_not_allowed","message":"The method is not allowed for the requested URL.","status":405}

2026-05-26 15:58:54.869 | ERROR    | app.services.dify_sync_service:_create_document:118 | DifySync: 创建文档失败 book=103 status=405 body={"code":"method_not_allowed","message":"The method is not allowed for the requested URL.","status":405}

2026-05-26 15:58:55.198 | ERROR    | app.services.dify_sync_service:_create_document:118 | DifySync: 创建文档失败 book=104 status=405 body={"code":"method_not_allowed","message":"The method is not allowed for the requested URL.","status":405}

2026-05-26 15:58:55.563 | ERROR    | app.services.dify_sync_service:_create_document:118 | DifySync: 创建文档失败 book=104 status=405 body={"code":"method_not_allowed","message":"The method is not allowed for the requested URL.","status":405}

2026-05-26 15:58:55.567 | ERROR    | app.services.dify_sync_service:_create_document:118 | DifySync: 创建文档失败 book=105 status=405 body={"code":"method_not_allowed","message":"The method is not allowed for the requested URL.","status":405}

2026-05-26 15:58:55.576 | ERROR    | app.services.dify_sync_service:_create_document:118 | DifySync: 创建文档失败 book=103 status=405 body={"code":"method_not_allowed","message":"The method is not allowed for the requested URL.","status":405}

2026-05-26 15:58:56.474 | ERROR    | app.services.dify_sync_service:_create_document:118 | DifySync: 创建文档失败 book=106 status=405 body={"code":"method_not_allowed","message":"The method is not allowed for the requested URL.","status":405}

2026-05-26 15:58:56.639 | ERROR    | app.services.dify_sync_service:_create_document:118 | DifySync: 创建文档失败 book=105 status=405 body={"code":"method_not_allowed","message":"The method is not allowed for the requested URL.","status":405}

2026-05-26 15:58:56.838 | ERROR    | app.services.dify_sync_service:_create_document:118 | DifySync: 创建文档失败 book=107 status=405 body={"code":"method_not_allowed","message":"The method is not allowed for the requested URL.","status":405}

2026-05-26 15:58:56.918 | ERROR    | app.services.dify_sync_service:_create_document:118 | DifySync: 创建文档失败 book=107 status=405 body={"code":"method_not_allowed","message":"The method is not allowed for the requested URL.","status":405}

2026-05-26 15:58:57.260 | ERROR    | app.services.dify_sync_service:_create_document:118 | DifySync: 创建文档失败 book=106 status=405 body={"code":"method_not_allowed","message":"The method is not allowed for the requested URL.","status":405}

2026-05-26 16:00:02.242 | ERROR    | app.services.dify_sync_service:_create_document:118 | DifySync: 创建文档失败 book=11 status=405 body={"code":"method_not_allowed","message":"The method is not allowed for the requested URL.","status":405}

2026-05-26 16:00:02.246 | ERROR    | app.services.dify_sync_service:_handle_failure:268 | DifySync: 同步最终失败 book=11 op=update
2026-05-26 16:00:02.335 | ERROR    | app.services.dify_sync_service:_create_document:118 | DifySync: 创建文档失败 book=11 status=405 body={"code":"method_not_allowed","message":"The method is not allowed for the requested URL.","status":405}

2026-05-26 16:00:02.339 | ERROR    | app.services.dify_sync_service:_handle_failure:268 | DifySync: 同步最终失败 book=11 op=update
2026-05-26 16:00:06.523 | ERROR    | app.services.dify_sync_service:_create_document:118 | DifySync: 创建文档失败 book=13 status=405 body={"code":"method_not_allowed","message":"The method is not allowed for the requested URL.","status":405}

2026-05-26 16:00:06.541 | ERROR    | app.services.dify_sync_service:_handle_failure:268 | DifySync: 同步最终失败 book=13 op=update
2026-05-26 16:00:06.753 | ERROR    | app.services.dify_sync_service:_create_document:118 | DifySync: 创建文档失败 book=13 status=405 body={"code":"method_not_allowed","message":"The method is not allowed for the requested URL.","status":405}

2026-05-26 16:00:06.763 | ERROR    | app.services.dify_sync_service:_handle_failure:268 | DifySync: 同步最终失败 book=13 op=update
2026-05-26 16:00:07.163 | ERROR    | app.services.dify_sync_service:_create_document:118 | DifySync: 创建文档失败 book=13 status=405 body={"code":"method_not_allowed","message":"The method is not allowed for the requested URL.","status":405}

2026-05-26 16:00:07.168 | ERROR    | app.services.dify_sync_service:_handle_failure:268 | DifySync: 同步最终失败 book=13 op=update
2026-05-26 16:00:07.880 | ERROR    | app.services.dify_sync_service:_create_document:118 | DifySync: 创建文档失败 book=13 status=405 body={"code":"method_not_allowed","message":"The method is not allowed for the requested URL.","status":405}

2026-05-26 16:00:07.897 | ERROR    | app.services.dify_sync_service:_handle_failure:268 | DifySync: 同步最终失败 book=13 op=update
2026-05-26 16:11:47.161 | ERROR    | app.services.dify_sync_service:_create_document:124 | DifySync: 创建文档失败 book=13 status=403 body={"code":"forbidden","message":"Sorry, you have reached the knowledge base request rate limit of your subscription.","status":403}

2026-05-26 16:11:49.229 | ERROR    | app.services.dify_sync_service:_create_document:124 | DifySync: 创建文档失败 book=14 status=403 body={"code":"forbidden","message":"Sorry, you have reached the knowledge base request rate limit of your subscription.","status":403}

2026-05-26 16:11:50.738 | ERROR    | app.services.dify_sync_service:_create_document:124 | DifySync: 创建文档失败 book=15 status=403 body={"code":"forbidden","message":"Sorry, you have reached the knowledge base request rate limit of your subscription.","status":403}

2026-05-26 16:11:51.556 | ERROR    | app.services.dify_sync_service:_create_document:124 | DifySync: 创建文档失败 book=16 status=403 body={"code":"forbidden","message":"Sorry, you have reached the knowledge base request rate limit of your subscription.","status":403}

2026-05-26 16:11:52.413 | ERROR    | app.services.dify_sync_service:_create_document:124 | DifySync: 创建文档失败 book=17 status=403 body={"code":"forbidden","message":"Sorry, you have reached the knowledge base request rate limit of your subscription.","status":403}

2026-05-26 16:11:53.360 | ERROR    | app.services.dify_sync_service:_create_document:124 | DifySync: 创建文档失败 book=18 status=403 body={"code":"forbidden","message":"Sorry, you have reached the knowledge base request rate limit of your subscription.","status":403}

2026-05-26 16:11:54.226 | ERROR    | app.services.dify_sync_service:_create_document:124 | DifySync: 创建文档失败 book=19 status=403 body={"code":"forbidden","message":"Sorry, you have reached the knowledge base request rate limit of your subscription.","status":403}

2026-05-26 16:11:55.115 | ERROR    | app.services.dify_sync_service:_create_document:124 | DifySync: 创建文档失败 book=20 status=403 body={"code":"forbidden","message":"Sorry, you have reached the knowledge base request rate limit of your subscription.","status":403}

2026-05-26 16:11:57.017 | ERROR    | app.services.dify_sync_service:_create_document:124 | DifySync: 创建文档失败 book=21 status=403 body={"code":"forbidden","message":"Sorry, you have reached the knowledge base request rate limit of your subscription.","status":403}

2026-05-26 16:11:58.208 | ERROR    | app.services.dify_sync_service:_create_document:124 | DifySync: 创建文档失败 book=22 status=403 body={"code":"forbidden","message":"Sorry, you have reached the knowledge base request rate limit of your subscription.","status":403}

2026-05-26 16:11:59.755 | ERROR    | app.services.dify_sync_service:_create_document:124 | DifySync: 创建文档失败 book=23 status=403 body={"code":"forbidden","message":"Sorry, you have reached the knowledge base request rate limit of your subscription.","status":403}

2026-05-26 16:12:02.329 | ERROR    | app.services.dify_sync_service:_create_document:124 | DifySync: 创建文档失败 book=24 status=403 body={"code":"forbidden","message":"Sorry, you have reached the knowledge base request rate limit of your subscription.","status":403}

2026-05-26 16:12:02.950 | ERROR    | app.services.dify_sync_service:_create_document:124 | DifySync: 创建文档失败 book=13 status=403 body={"code":"forbidden","message":"Sorry, you have reached the knowledge base request rate limit of your subscription.","status":403}

2026-05-26 16:12:03.428 | ERROR    | app.services.dify_sync_service:_create_document:124 | DifySync: 创建文档失败 book=25 status=403 body={"code":"forbidden","message":"Sorry, you have reached the knowledge base request rate limit of your subscription.","status":403}

2026-05-26 16:12:03.918 | ERROR    | app.services.dify_sync_service:_create_document:124 | DifySync: 创建文档失败 book=14 status=403 body={"code":"forbidden","message":"Sorry, you have reached the knowledge base request rate limit of your subscription.","status":403}

2026-05-26 16:12:05.086 | ERROR    | app.services.dify_sync_service:_create_document:124 | DifySync: 创建文档失败 book=26 status=403 body={"code":"forbidden","message":"Sorry, you have reached the knowledge base request rate limit of your subscription.","status":403}

2026-05-26 16:12:05.259 | ERROR    | app.services.dify_sync_service:_create_document:124 | DifySync: 创建文档失败 book=15 status=403 body={"code":"forbidden","message":"Sorry, you have reached the knowledge base request rate limit of your subscription.","status":403}

2026-05-26 16:12:06.642 | ERROR    | app.services.dify_sync_service:_create_document:124 | DifySync: 创建文档失败 book=16 status=403 body={"code":"forbidden","message":"Sorry, you have reached the knowledge base request rate limit of your subscription.","status":403}

2026-05-26 16:12:06.978 | ERROR    | app.services.dify_sync_service:_create_document:124 | DifySync: 创建文档失败 book=27 status=403 body={"code":"forbidden","message":"Sorry, you have reached the knowledge base request rate limit of your subscription.","status":403}

2026-05-26 16:12:07.912 | ERROR    | app.services.dify_sync_service:_create_document:124 | DifySync: 创建文档失败 book=17 status=403 body={"code":"forbidden","message":"Sorry, you have reached the knowledge base request rate limit of your subscription.","status":403}

2026-05-26 16:12:08.037 | ERROR    | app.services.dify_sync_service:_create_document:124 | DifySync: 创建文档失败 book=28 status=403 body={"code":"forbidden","message":"Sorry, you have reached the knowledge base request rate limit of your subscription.","status":403}

2026-05-26 16:12:09.023 | ERROR    | app.services.dify_sync_service:_create_document:124 | DifySync: 创建文档失败 book=29 status=403 body={"code":"forbidden","message":"Sorry, you have reached the knowledge base request rate limit of your subscription.","status":403}

2026-05-26 16:12:09.738 | ERROR    | app.services.dify_sync_service:_create_document:124 | DifySync: 创建文档失败 book=18 status=403 body={"code":"forbidden","message":"Sorry, you have reached the knowledge base request rate limit of your subscription.","status":403}

2026-05-26 16:12:10.461 | ERROR    | app.services.dify_sync_service:_create_document:124 | DifySync: 创建文档失败 book=30 status=403 body={"code":"forbidden","message":"Sorry, you have reached the knowledge base request rate limit of your subscription.","status":403}

2026-05-26 16:12:10.917 | ERROR    | app.services.dify_sync_service:_create_document:124 | DifySync: 创建文档失败 book=19 status=403 body={"code":"forbidden","message":"Sorry, you have reached the knowledge base request rate limit of your subscription.","status":403}

2026-05-26 16:12:11.633 | ERROR    | app.services.dify_sync_service:_create_document:124 | DifySync: 创建文档失败 book=31 status=403 body={"code":"forbidden","message":"Sorry, you have reached the knowledge base request rate limit of your subscription.","status":403}

2026-05-26 16:12:12.437 | ERROR    | app.services.dify_sync_service:_create_document:124 | DifySync: 创建文档失败 book=32 status=403 body={"code":"forbidden","message":"Sorry, you have reached the knowledge base request rate limit of your subscription.","status":403}

2026-05-26 16:12:14.345 | ERROR    | app.services.dify_sync_service:_create_document:124 | DifySync: 创建文档失败 book=33 status=403 body={"code":"forbidden","message":"Sorry, you have reached the knowledge base request rate limit of your subscription.","status":403}

2026-05-26 16:12:15.903 | ERROR    | app.services.dify_sync_service:_create_document:124 | DifySync: 创建文档失败 book=34 status=403 body={"code":"forbidden","message":"Sorry, you have reached the knowledge base request rate limit of your subscription.","status":403}

2026-05-26 16:12:16.859 | ERROR    | app.services.dify_sync_service:_create_document:124 | DifySync: 创建文档失败 book=35 status=403 body={"code":"forbidden","message":"Sorry, you have reached the knowledge base request rate limit of your subscription.","status":403}

2026-05-26 16:12:17.862 | ERROR    | app.services.dify_sync_service:_create_document:124 | DifySync: 创建文档失败 book=36 status=403 body={"code":"forbidden","message":"Sorry, you have reached the knowledge base request rate limit of your subscription.","status":403}

2026-05-26 16:12:18.816 | ERROR    | app.services.dify_sync_service:_create_document:124 | DifySync: 创建文档失败 book=37 status=403 body={"code":"forbidden","message":"Sorry, you have reached the knowledge base request rate limit of your subscription.","status":403}

2026-05-26 16:12:19.693 | ERROR    | app.services.dify_sync_service:_create_document:124 | DifySync: 创建文档失败 book=38 status=403 body={"code":"forbidden","message":"Sorry, you have reached the knowledge base request rate limit of your subscription.","status":403}

2026-05-26 16:12:20.550 | ERROR    | app.services.dify_sync_service:_create_document:124 | DifySync: 创建文档失败 book=39 status=403 body={"code":"forbidden","message":"Sorry, you have reached the knowledge base request rate limit of your subscription.","status":403}

2026-05-26 16:12:21.364 | ERROR    | app.services.dify_sync_service:_create_document:124 | DifySync: 创建文档失败 book=40 status=403 body={"code":"forbidden","message":"Sorry, you have reached the knowledge base request rate limit of your subscription.","status":403}

2026-05-26 16:12:22.690 | ERROR    | app.services.dify_sync_service:_create_document:124 | DifySync: 创建文档失败 book=41 status=403 body={"code":"forbidden","message":"Sorry, you have reached the knowledge base request rate limit of your subscription.","status":403}

2026-05-26 16:12:23.205 | ERROR    | app.services.dify_sync_service:_create_document:124 | DifySync: 创建文档失败 book=20 status=403 body={"code":"forbidden","message":"Sorry, you have reached the knowledge base request rate limit of your subscription.","status":403}

2026-05-26 16:12:23.904 | ERROR    | app.services.dify_sync_service:_create_document:124 | DifySync: 创建文档失败 book=42 status=403 body={"code":"forbidden","message":"Sorry, you have reached the knowledge base request rate limit of your subscription.","status":403}

2026-05-26 16:12:24.432 | ERROR    | app.services.dify_sync_service:_create_document:124 | DifySync: 创建文档失败 book=21 status=403 body={"code":"forbidden","message":"Sorry, you have reached the knowledge base request rate limit of your subscription.","status":403}

2026-05-26 16:12:24.777 | ERROR    | app.services.dify_sync_service:_create_document:124 | DifySync: 创建文档失败 book=43 status=403 body={"code":"forbidden","message":"Sorry, you have reached the knowledge base request rate limit of your subscription.","status":403}

2026-05-26 16:12:25.697 | ERROR    | app.services.dify_sync_service:_create_document:124 | DifySync: 创建文档失败 book=22 status=403 body={"code":"forbidden","message":"Sorry, you have reached the knowledge base request rate limit of your subscription.","status":403}

2026-05-26 16:12:26.392 | ERROR    | app.services.dify_sync_service:_create_document:124 | DifySync: 创建文档失败 book=44 status=403 body={"code":"forbidden","message":"Sorry, you have reached the knowledge base request rate limit of your subscription.","status":403}

2026-05-26 16:12:27.279 | ERROR    | app.services.dify_sync_service:_create_document:124 | DifySync: 创建文档失败 book=45 status=403 body={"code":"forbidden","message":"Sorry, you have reached the knowledge base request rate limit of your subscription.","status":403}

2026-05-26 16:12:27.426 | ERROR    | app.services.dify_sync_service:_create_document:124 | DifySync: 创建文档失败 book=23 status=403 body={"code":"forbidden","message":"Sorry, you have reached the knowledge base request rate limit of your subscription.","status":403}

2026-05-26 16:12:28.218 | ERROR    | app.services.dify_sync_service:_create_document:124 | DifySync: 创建文档失败 book=46 status=403 body={"code":"forbidden","message":"Sorry, you have reached the knowledge base request rate limit of your subscription.","status":403}

2026-05-26 16:12:28.620 | ERROR    | app.services.dify_sync_service:_create_document:124 | DifySync: 创建文档失败 book=24 status=403 body={"code":"forbidden","message":"Sorry, you have reached the knowledge base request rate limit of your subscription.","status":403}

2026-05-26 16:12:29.318 | ERROR    | app.services.dify_sync_service:_create_document:124 | DifySync: 创建文档失败 book=47 status=403 body={"code":"forbidden","message":"Sorry, you have reached the knowledge base request rate limit of your subscription.","status":403}

2026-05-26 16:12:30.120 | ERROR    | app.services.dify_sync_service:_create_document:124 | DifySync: 创建文档失败 book=48 status=403 body={"code":"forbidden","message":"Sorry, you have reached the knowledge base request rate limit of your subscription.","status":403}

2026-05-26 16:12:30.377 | ERROR    | app.services.dify_sync_service:_create_document:124 | DifySync: 创建文档失败 book=25 status=403 body={"code":"forbidden","message":"Sorry, you have reached the knowledge base request rate limit of your subscription.","status":403}

2026-05-26 16:12:31.319 | ERROR    | app.services.dify_sync_service:_create_document:124 | DifySync: 创建文档失败 book=26 status=403 body={"code":"forbidden","message":"Sorry, you have reached the knowledge base request rate limit of your subscription.","status":403}

2026-05-26 16:12:31.547 | ERROR    | app.services.dify_sync_service:_create_document:124 | DifySync: 创建文档失败 book=49 status=403 body={"code":"forbidden","message":"Sorry, you have reached the knowledge base request rate limit of your subscription.","status":403}

2026-05-26 16:12:32.392 | ERROR    | app.services.dify_sync_service:_create_document:124 | DifySync: 创建文档失败 book=27 status=403 body={"code":"forbidden","message":"Sorry, you have reached the knowledge base request rate limit of your subscription.","status":403}

2026-05-26 16:12:32.481 | ERROR    | app.services.dify_sync_service:_create_document:124 | DifySync: 创建文档失败 book=50 status=403 body={"code":"forbidden","message":"Sorry, you have reached the knowledge base request rate limit of your subscription.","status":403}

2026-05-26 16:12:33.562 | ERROR    | app.services.dify_sync_service:_create_document:124 | DifySync: 创建文档失败 book=28 status=403 body={"code":"forbidden","message":"Sorry, you have reached the knowledge base request rate limit of your subscription.","status":403}

2026-05-26 16:12:34.227 | ERROR    | app.services.dify_sync_service:_create_document:124 | DifySync: 创建文档失败 book=51 status=403 body={"code":"forbidden","message":"Sorry, you have reached the knowledge base request rate limit of your subscription.","status":403}

2026-05-26 16:12:34.922 | ERROR    | app.services.dify_sync_service:_create_document:124 | DifySync: 创建文档失败 book=29 status=403 body={"code":"forbidden","message":"Sorry, you have reached the knowledge base request rate limit of your subscription.","status":403}

2026-05-26 16:12:35.136 | ERROR    | app.services.dify_sync_service:_create_document:124 | DifySync: 创建文档失败 book=53 status=403 body={"code":"forbidden","message":"Sorry, you have reached the knowledge base request rate limit of your subscription.","status":403}

2026-05-26 16:12:35.488 | ERROR    | app.services.dify_sync_service:_create_document:124 | DifySync: 创建文档失败 book=13 status=403 body={"code":"forbidden","message":"Sorry, you have reached the knowledge base request rate limit of your subscription.","status":403}

2026-05-26 16:12:36.217 | ERROR    | app.services.dify_sync_service:_create_document:124 | DifySync: 创建文档失败 book=54 status=403 body={"code":"forbidden","message":"Sorry, you have reached the knowledge base request rate limit of your subscription.","status":403}

2026-05-26 16:12:36.330 | ERROR    | app.services.dify_sync_service:_create_document:124 | DifySync: 创建文档失败 book=14 status=403 body={"code":"forbidden","message":"Sorry, you have reached the knowledge base request rate limit of your subscription.","status":403}

2026-05-26 16:12:36.498 | ERROR    | app.services.dify_sync_service:_create_document:124 | DifySync: 创建文档失败 book=30 status=403 body={"code":"forbidden","message":"Sorry, you have reached the knowledge base request rate limit of your subscription.","status":403}

2026-05-26 16:12:37.187 | ERROR    | app.services.dify_sync_service:_create_document:124 | DifySync: 创建文档失败 book=15 status=403 body={"code":"forbidden","message":"Sorry, you have reached the knowledge base request rate limit of your subscription.","status":403}

2026-05-26 16:12:37.335 | ERROR    | app.services.dify_sync_service:_create_document:124 | DifySync: 创建文档失败 book=55 status=403 body={"code":"forbidden","message":"Sorry, you have reached the knowledge base request rate limit of your subscription.","status":403}

2026-05-26 16:12:37.480 | ERROR    | app.services.dify_sync_service:_create_document:124 | DifySync: 创建文档失败 book=31 status=403 body={"code":"forbidden","message":"Sorry, you have reached the knowledge base request rate limit of your subscription.","status":403}

2026-05-26 16:12:39.043 | ERROR    | app.services.dify_sync_service:_create_document:124 | DifySync: 创建文档失败 book=56 status=403 body={"code":"forbidden","message":"Sorry, you have reached the knowledge base request rate limit of your subscription.","status":403}

2026-05-26 16:12:39.296 | ERROR    | app.services.dify_sync_service:_create_document:124 | DifySync: 创建文档失败 book=32 status=403 body={"code":"forbidden","message":"Sorry, you have reached the knowledge base request rate limit of your subscription.","status":403}

2026-05-26 16:12:39.819 | ERROR    | app.services.dify_sync_service:_create_document:124 | DifySync: 创建文档失败 book=16 status=403 body={"code":"forbidden","message":"Sorry, you have reached the knowledge base request rate limit of your subscription.","status":403}

2026-05-26 16:12:39.978 | ERROR    | app.services.dify_sync_service:_create_document:124 | DifySync: 创建文档失败 book=57 status=403 body={"code":"forbidden","message":"Sorry, you have reached the knowledge base request rate limit of your subscription.","status":403}

2026-05-26 16:12:40.371 | ERROR    | app.services.dify_sync_service:_create_document:124 | DifySync: 创建文档失败 book=33 status=403 body={"code":"forbidden","message":"Sorry, you have reached the knowledge base request rate limit of your subscription.","status":403}

2026-05-26 16:12:40.710 | ERROR    | app.services.dify_sync_service:_create_document:124 | DifySync: 创建文档失败 book=17 status=403 body={"code":"forbidden","message":"Sorry, you have reached the knowledge base request rate limit of your subscription.","status":403}

2026-05-26 16:12:41.275 | ERROR    | app.services.dify_sync_service:_create_document:124 | DifySync: 创建文档失败 book=34 status=403 body={"code":"forbidden","message":"Sorry, you have reached the knowledge base request rate limit of your subscription.","status":403}

2026-05-26 16:12:41.370 | ERROR    | app.services.dify_sync_service:_create_document:124 | DifySync: 创建文档失败 book=61 status=403 body={"code":"forbidden","message":"Sorry, you have reached the knowledge base request rate limit of your subscription.","status":403}

2026-05-26 16:12:41.571 | ERROR    | app.services.dify_sync_service:_create_document:124 | DifySync: 创建文档失败 book=18 status=403 body={"code":"forbidden","message":"Sorry, you have reached the knowledge base request rate limit of your subscription.","status":403}

2026-05-26 16:12:42.319 | ERROR    | app.services.dify_sync_service:_create_document:124 | DifySync: 创建文档失败 book=35 status=403 body={"code":"forbidden","message":"Sorry, you have reached the knowledge base request rate limit of your subscription.","status":403}

2026-05-26 16:12:42.911 | ERROR    | app.services.dify_sync_service:_create_document:124 | DifySync: 创建文档失败 book=62 status=403 body={"code":"forbidden","message":"Sorry, you have reached the knowledge base request rate limit of your subscription.","status":403}

2026-05-26 16:12:43.427 | ERROR    | app.services.dify_sync_service:_create_document:124 | DifySync: 创建文档失败 book=19 status=403 body={"code":"forbidden","message":"Sorry, you have reached the knowledge base request rate limit of your subscription.","status":403}

2026-05-26 16:12:43.734 | ERROR    | app.services.dify_sync_service:_create_document:124 | DifySync: 创建文档失败 book=36 status=403 body={"code":"forbidden","message":"Sorry, you have reached the knowledge base request rate limit of your subscription.","status":403}

2026-05-26 16:12:43.887 | ERROR    | app.services.dify_sync_service:_create_document:124 | DifySync: 创建文档失败 book=63 status=403 body={"code":"forbidden","message":"Sorry, you have reached the knowledge base request rate limit of your subscription.","status":403}

2026-05-26 16:12:44.785 | ERROR    | app.services.dify_sync_service:_create_document:124 | DifySync: 创建文档失败 book=20 status=403 body={"code":"forbidden","message":"Sorry, you have reached the knowledge base request rate limit of your subscription.","status":403}

2026-05-26 16:12:44.956 | ERROR    | app.services.dify_sync_service:_create_document:124 | DifySync: 创建文档失败 book=37 status=403 body={"code":"forbidden","message":"Sorry, you have reached the knowledge base request rate limit of your subscription.","status":403}

2026-05-26 16:12:45.747 | ERROR    | app.services.dify_sync_service:_create_document:124 | DifySync: 创建文档失败 book=64 status=403 body={"code":"forbidden","message":"Sorry, you have reached the knowledge base request rate limit of your subscription.","status":403}

2026-05-26 16:12:45.968 | ERROR    | app.services.dify_sync_service:_create_document:124 | DifySync: 创建文档失败 book=38 status=403 body={"code":"forbidden","message":"Sorry, you have reached the knowledge base request rate limit of your subscription.","status":403}

2026-05-26 16:12:46.479 | ERROR    | app.services.dify_sync_service:_create_document:124 | DifySync: 创建文档失败 book=21 status=403 body={"code":"forbidden","message":"Sorry, you have reached the knowledge base request rate limit of your subscription.","status":403}

2026-05-26 16:12:46.710 | ERROR    | app.services.dify_sync_service:_create_document:124 | DifySync: 创建文档失败 book=65 status=403 body={"code":"forbidden","message":"Sorry, you have reached the knowledge base request rate limit of your subscription.","status":403}

2026-05-26 16:12:46.909 | ERROR    | app.services.dify_sync_service:_create_document:124 | DifySync: 创建文档失败 book=39 status=403 body={"code":"forbidden","message":"Sorry, you have reached the knowledge base request rate limit of your subscription.","status":403}

2026-05-26 16:12:47.973 | ERROR    | app.services.dify_sync_service:_create_document:124 | DifySync: 创建文档失败 book=22 status=403 body={"code":"forbidden","message":"Sorry, you have reached the knowledge base request rate limit of your subscription.","status":403}

2026-05-26 16:12:48.099 | ERROR    | app.services.dify_sync_service:_create_document:124 | DifySync: 创建文档失败 book=40 status=403 body={"code":"forbidden","message":"Sorry, you have reached the knowledge base request rate limit of your subscription.","status":403}

2026-05-26 16:12:49.017 | ERROR    | app.services.dify_sync_service:_create_document:124 | DifySync: 创建文档失败 book=41 status=403 body={"code":"forbidden","message":"Sorry, you have reached the knowledge base request rate limit of your subscription.","status":403}

2026-05-26 16:12:49.414 | ERROR    | app.services.dify_sync_service:_create_document:124 | DifySync: 创建文档失败 book=66 status=403 body={"code":"forbidden","message":"Sorry, you have reached the knowledge base request rate limit of your subscription.","status":403}

2026-05-26 16:12:49.914 | ERROR    | app.services.dify_sync_service:_create_document:124 | DifySync: 创建文档失败 book=23 status=403 body={"code":"forbidden","message":"Sorry, you have reached the knowledge base request rate limit of your subscription.","status":403}

2026-05-26 16:12:50.015 | ERROR    | app.services.dify_sync_service:_create_document:124 | DifySync: 创建文档失败 book=13 status=403 body={"code":"forbidden","message":"Sorry, you have reached the knowledge base request rate limit of your subscription.","status":403}

2026-05-26 16:12:50.171 | ERROR    | app.services.dify_sync_service:_create_document:124 | DifySync: 创建文档失败 book=42 status=403 body={"code":"forbidden","message":"Sorry, you have reached the knowledge base request rate limit of your subscription.","status":403}

2026-05-26 16:12:50.299 | ERROR    | app.services.dify_sync_service:_create_document:124 | DifySync: 创建文档失败 book=14 status=403 body={"code":"forbidden","message":"Sorry, you have reached the knowledge base request rate limit of your subscription.","status":403}

2026-05-26 16:12:50.878 | ERROR    | app.services.dify_sync_service:_create_document:124 | DifySync: 创建文档失败 book=24 status=403 body={"code":"forbidden","message":"Sorry, you have reached the knowledge base request rate limit of your subscription.","status":403}

2026-05-26 16:12:51.118 | ERROR    | app.services.dify_sync_service:_create_document:124 | DifySync: 创建文档失败 book=67 status=403 body={"code":"forbidden","message":"Sorry, you have reached the knowledge base request rate limit of your subscription.","status":403}

2026-05-26 16:12:51.426 | ERROR    | app.services.dify_sync_service:_create_document:124 | DifySync: 创建文档失败 book=43 status=403 body={"code":"forbidden","message":"Sorry, you have reached the knowledge base request rate limit of your subscription.","status":403}

2026-05-26 16:12:51.762 | ERROR    | app.services.dify_sync_service:_create_document:124 | DifySync: 创建文档失败 book=15 status=403 body={"code":"forbidden","message":"Sorry, you have reached the knowledge base request rate limit of your subscription.","status":403}

2026-05-26 16:12:52.013 | ERROR    | app.services.dify_sync_service:_create_document:124 | DifySync: 创建文档失败 book=25 status=403 body={"code":"forbidden","message":"Sorry, you have reached the knowledge base request rate limit of your subscription.","status":403}

2026-05-26 16:12:52.295 | ERROR    | app.services.dify_sync_service:_create_document:124 | DifySync: 创建文档失败 book=68 status=403 body={"code":"forbidden","message":"Sorry, you have reached the knowledge base request rate limit of your subscription.","status":403}

2026-05-26 16:12:52.508 | ERROR    | app.services.dify_sync_service:_create_document:124 | DifySync: 创建文档失败 book=44 status=403 body={"code":"forbidden","message":"Sorry, you have reached the knowledge base request rate limit of your subscription.","status":403}

2026-05-26 16:12:52.827 | ERROR    | app.services.dify_sync_service:_create_document:124 | DifySync: 创建文档失败 book=16 status=403 body={"code":"forbidden","message":"Sorry, you have reached the knowledge base request rate limit of your subscription.","status":403}

2026-05-26 16:12:53.287 | ERROR    | app.services.dify_sync_service:_create_document:124 | DifySync: 创建文档失败 book=26 status=403 body={"code":"forbidden","message":"Sorry, you have reached the knowledge base request rate limit of your subscription.","status":403}

2026-05-26 16:12:53.562 | ERROR    | app.services.dify_sync_service:_create_document:124 | DifySync: 创建文档失败 book=69 status=403 body={"code":"forbidden","message":"Sorry, you have reached the knowledge base request rate limit of your subscription.","status":403}

2026-05-26 16:12:53.831 | ERROR    | app.services.dify_sync_service:_create_document:124 | DifySync: 创建文档失败 book=17 status=403 body={"code":"forbidden","message":"Sorry, you have reached the knowledge base request rate limit of your subscription.","status":403}

2026-05-26 16:12:54.479 | ERROR    | app.services.dify_sync_service:_create_document:124 | DifySync: 创建文档失败 book=45 status=403 body={"code":"forbidden","message":"Sorry, you have reached the knowledge base request rate limit of your subscription.","status":403}

2026-05-26 16:12:54.594 | ERROR    | app.services.dify_sync_service:_create_document:124 | DifySync: 创建文档失败 book=70 status=403 body={"code":"forbidden","message":"Sorry, you have reached the knowledge base request rate limit of your subscription.","status":403}

2026-05-26 16:12:54.719 | ERROR    | app.services.dify_sync_service:_create_document:124 | DifySync: 创建文档失败 book=27 status=403 body={"code":"forbidden","message":"Sorry, you have reached the knowledge base request rate limit of your subscription.","status":403}

2026-05-26 16:12:55.526 | ERROR    | app.services.dify_sync_service:_create_document:124 | DifySync: 创建文档失败 book=18 status=403 body={"code":"forbidden","message":"Sorry, you have reached the knowledge base request rate limit of your subscription.","status":403}

2026-05-26 16:12:55.542 | ERROR    | app.services.dify_sync_service:_create_document:124 | DifySync: 创建文档失败 book=19 status=403 body={"code":"forbidden","message":"Sorry, you have reached the knowledge base request rate limit of your subscription.","status":403}

2026-05-26 16:12:55.756 | ERROR    | app.services.dify_sync_service:_create_document:124 | DifySync: 创建文档失败 book=28 status=403 body={"code":"forbidden","message":"Sorry, you have reached the knowledge base request rate limit of your subscription.","status":403}

2026-05-26 16:12:56.013 | ERROR    | app.services.dify_sync_service:_create_document:124 | DifySync: 创建文档失败 book=71 status=403 body={"code":"forbidden","message":"Sorry, you have reached the knowledge base request rate limit of your subscription.","status":403}

2026-05-26 16:12:56.183 | ERROR    | app.services.dify_sync_service:_create_document:124 | DifySync: 创建文档失败 book=46 status=403 body={"code":"forbidden","message":"Sorry, you have reached the knowledge base request rate limit of your subscription.","status":403}

2026-05-26 16:12:56.570 | ERROR    | app.services.dify_sync_service:_create_document:124 | DifySync: 创建文档失败 book=20 status=403 body={"code":"forbidden","message":"Sorry, you have reached the knowledge base request rate limit of your subscription.","status":403}

2026-05-26 16:12:57.319 | ERROR    | app.services.dify_sync_service:_create_document:124 | DifySync: 创建文档失败 book=47 status=403 body={"code":"forbidden","message":"Sorry, you have reached the knowledge base request rate limit of your subscription.","status":403}

2026-05-26 16:12:57.434 | ERROR    | app.services.dify_sync_service:_create_document:124 | DifySync: 创建文档失败 book=29 status=403 body={"code":"forbidden","message":"Sorry, you have reached the knowledge base request rate limit of your subscription.","status":403}

2026-05-26 16:12:57.560 | ERROR    | app.services.dify_sync_service:_create_document:124 | DifySync: 创建文档失败 book=72 status=403 body={"code":"forbidden","message":"Sorry, you have reached the knowledge base request rate limit of your subscription.","status":403}

2026-05-26 16:12:58.304 | ERROR    | app.services.dify_sync_service:_create_document:124 | DifySync: 创建文档失败 book=48 status=403 body={"code":"forbidden","message":"Sorry, you have reached the knowledge base request rate limit of your subscription.","status":403}

2026-05-26 16:12:58.507 | ERROR    | app.services.dify_sync_service:_create_document:124 | DifySync: 创建文档失败 book=73 status=403 body={"code":"forbidden","message":"Sorry, you have reached the knowledge base request rate limit of your subscription.","status":403}

2026-05-26 16:12:58.950 | ERROR    | app.services.dify_sync_service:_create_document:124 | DifySync: 创建文档失败 book=30 status=403 body={"code":"forbidden","message":"Sorry, you have reached the knowledge base request rate limit of your subscription.","status":403}

2026-05-26 16:12:59.058 | ERROR    | app.services.dify_sync_service:_create_document:124 | DifySync: 创建文档失败 book=21 status=403 body={"code":"forbidden","message":"Sorry, you have reached the knowledge base request rate limit of your subscription.","status":403}

2026-05-26 16:12:59.261 | ERROR    | app.services.dify_sync_service:_create_document:124 | DifySync: 创建文档失败 book=49 status=403 body={"code":"forbidden","message":"Sorry, you have reached the knowledge base request rate limit of your subscription.","status":403}

2026-05-26 16:12:59.446 | ERROR    | app.services.dify_sync_service:_create_document:124 | DifySync: 创建文档失败 book=74 status=403 body={"code":"forbidden","message":"Sorry, you have reached the knowledge base request rate limit of your subscription.","status":403}

2026-05-26 16:12:59.917 | ERROR    | app.services.dify_sync_service:_create_document:124 | DifySync: 创建文档失败 book=22 status=403 body={"code":"forbidden","message":"Sorry, you have reached the knowledge base request rate limit of your subscription.","status":403}

2026-05-26 16:12:59.936 | ERROR    | app.services.dify_sync_service:_create_document:124 | DifySync: 创建文档失败 book=31 status=403 body={"code":"forbidden","message":"Sorry, you have reached the knowledge base request rate limit of your subscription.","status":403}

2026-05-26 16:13:00.364 | ERROR    | app.services.dify_sync_service:_create_document:124 | DifySync: 创建文档失败 book=75 status=403 body={"code":"forbidden","message":"Sorry, you have reached the knowledge base request rate limit of your subscription.","status":403}

2026-05-26 16:13:00.799 | ERROR    | app.services.dify_sync_service:_create_document:124 | DifySync: 创建文档失败 book=23 status=403 body={"code":"forbidden","message":"Sorry, you have reached the knowledge base request rate limit of your subscription.","status":403}

2026-05-26 16:13:01.103 | ERROR    | app.services.dify_sync_service:_create_document:124 | DifySync: 创建文档失败 book=32 status=403 body={"code":"forbidden","message":"Sorry, you have reached the knowledge base request rate limit of your subscription.","status":403}

2026-05-26 16:13:01.343 | ERROR    | app.services.dify_sync_service:_create_document:124 | DifySync: 创建文档失败 book=50 status=403 body={"code":"forbidden","message":"Sorry, you have reached the knowledge base request rate limit of your subscription.","status":403}

2026-05-26 16:13:01.411 | ERROR    | app.services.dify_sync_service:_create_document:124 | DifySync: 创建文档失败 book=76 status=403 body={"code":"forbidden","message":"Sorry, you have reached the knowledge base request rate limit of your subscription.","status":403}

2026-05-26 16:13:02.161 | ERROR    | app.services.dify_sync_service:_create_document:124 | DifySync: 创建文档失败 book=33 status=403 body={"code":"forbidden","message":"Sorry, you have reached the knowledge base request rate limit of your subscription.","status":403}

2026-05-26 16:13:02.288 | ERROR    | app.services.dify_sync_service:_create_document:124 | DifySync: 创建文档失败 book=51 status=403 body={"code":"forbidden","message":"Sorry, you have reached the knowledge base request rate limit of your subscription.","status":403}

2026-05-26 16:13:02.871 | ERROR    | app.services.backup_service:sync_to_webdav:703 | WebDAV 同步异常 [backup_20260526_161300.backup]: All connection attempts failed
2026-05-26 16:13:02.984 | ERROR    | app.services.dify_sync_service:_create_document:124 | DifySync: 创建文档失败 book=34 status=403 body={"code":"forbidden","message":"Sorry, you have reached the knowledge base request rate limit of your subscription.","status":403}

2026-05-26 16:13:03.171 | ERROR    | app.services.dify_sync_service:_create_document:124 | DifySync: 创建文档失败 book=53 status=403 body={"code":"forbidden","message":"Sorry, you have reached the knowledge base request rate limit of your subscription.","status":403}

2026-05-26 16:13:03.241 | ERROR    | app.services.dify_sync_service:_create_document:124 | DifySync: 创建文档失败 book=24 status=403 body={"code":"forbidden","message":"Sorry, you have reached the knowledge base request rate limit of your subscription.","status":403}

2026-05-26 16:13:03.283 | ERROR    | app.services.dify_sync_service:_create_document:124 | DifySync: 创建文档失败 book=77 status=403 body={"code":"forbidden","message":"Sorry, you have reached the knowledge base request rate limit of your subscription.","status":403}

2026-05-26 16:13:03.974 | ERROR    | app.services.dify_sync_service:_create_document:124 | DifySync: 创建文档失败 book=35 status=403 body={"code":"forbidden","message":"Sorry, you have reached the knowledge base request rate limit of your subscription.","status":403}

2026-05-26 16:13:04.074 | ERROR    | app.services.dify_sync_service:_create_document:124 | DifySync: 创建文档失败 book=13 status=403 body={"code":"forbidden","message":"Sorry, you have reached the knowledge base request rate limit of your subscription.","status":403}

2026-05-26 16:13:04.082 | ERROR    | app.services.dify_sync_service:_create_document:124 | DifySync: 创建文档失败 book=54 status=403 body={"code":"forbidden","message":"Sorry, you have reached the knowledge base request rate limit of your subscription.","status":403}

2026-05-26 16:13:04.727 | ERROR    | app.services.dify_sync_service:_create_document:124 | DifySync: 创建文档失败 book=25 status=403 body={"code":"forbidden","message":"Sorry, you have reached the knowledge base request rate limit of your subscription.","status":403}

2026-05-26 16:13:04.877 | ERROR    | app.services.dify_sync_service:_create_document:124 | DifySync: 创建文档失败 book=14 status=403 body={"code":"forbidden","message":"Sorry, you have reached the knowledge base request rate limit of your subscription.","status":403}

2026-05-26 16:13:05.041 | ERROR    | app.services.dify_sync_service:_create_document:124 | DifySync: 创建文档失败 book=55 status=403 body={"code":"forbidden","message":"Sorry, you have reached the knowledge base request rate limit of your subscription.","status":403}

2026-05-26 16:13:05.244 | ERROR    | app.services.dify_sync_service:_create_document:124 | DifySync: 创建文档失败 book=36 status=403 body={"code":"forbidden","message":"Sorry, you have reached the knowledge base request rate limit of your subscription.","status":403}

2026-05-26 16:13:05.486 | ERROR    | app.services.dify_sync_service:_create_document:124 | DifySync: 创建文档失败 book=78 status=403 body={"code":"forbidden","message":"Sorry, you have reached the knowledge base request rate limit of your subscription.","status":403}

2026-05-26 16:13:05.922 | ERROR    | app.services.dify_sync_service:_create_document:124 | DifySync: 创建文档失败 book=56 status=403 body={"code":"forbidden","message":"Sorry, you have reached the knowledge base request rate limit of your subscription.","status":403}

2026-05-26 16:13:06.063 | ERROR    | app.services.dify_sync_service:_create_document:124 | DifySync: 创建文档失败 book=26 status=403 body={"code":"forbidden","message":"Sorry, you have reached the knowledge base request rate limit of your subscription.","status":403}

2026-05-26 16:13:06.277 | ERROR    | app.services.dify_sync_service:_create_document:124 | DifySync: 创建文档失败 book=79 status=403 body={"code":"forbidden","message":"Sorry, you have reached the knowledge base request rate limit of your subscription.","status":403}

2026-05-26 16:13:06.326 | ERROR    | app.services.dify_sync_service:_create_document:124 | DifySync: 创建文档失败 book=15 status=403 body={"code":"forbidden","message":"Sorry, you have reached the knowledge base request rate limit of your subscription.","status":403}

2026-05-26 16:13:06.813 | ERROR    | app.services.dify_sync_service:_create_document:124 | DifySync: 创建文档失败 book=57 status=403 body={"code":"forbidden","message":"Sorry, you have reached the knowledge base request rate limit of your subscription.","status":403}

2026-05-26 16:13:06.885 | ERROR    | app.services.dify_sync_service:_create_document:124 | DifySync: 创建文档失败 book=37 status=403 body={"code":"forbidden","message":"Sorry, you have reached the knowledge base request rate limit of your subscription.","status":403}

2026-05-26 16:13:07.703 | ERROR    | app.services.dify_sync_service:_create_document:124 | DifySync: 创建文档失败 book=61 status=403 body={"code":"forbidden","message":"Sorry, you have reached the knowledge base request rate limit of your subscription.","status":403}

2026-05-26 16:13:07.902 | ERROR    | app.services.dify_sync_service:_create_document:124 | DifySync: 创建文档失败 book=27 status=403 body={"code":"forbidden","message":"Sorry, you have reached the knowledge base request rate limit of your subscription.","status":403}

2026-05-26 16:13:07.952 | ERROR    | app.services.dify_sync_service:_create_document:124 | DifySync: 创建文档失败 book=38 status=403 body={"code":"forbidden","message":"Sorry, you have reached the knowledge base request rate limit of your subscription.","status":403}

2026-05-26 16:13:08.287 | ERROR    | app.services.dify_sync_service:_create_document:124 | DifySync: 创建文档失败 book=80 status=403 body={"code":"forbidden","message":"Sorry, you have reached the knowledge base request rate limit of your subscription.","status":403}

2026-05-26 16:13:08.844 | ERROR    | app.services.dify_sync_service:_create_document:124 | DifySync: 创建文档失败 book=17 status=403 body={"code":"forbidden","message":"Sorry, you have reached the knowledge base request rate limit of your subscription.","status":403}

2026-05-26 16:13:09.078 | ERROR    | app.services.dify_sync_service:_create_document:124 | DifySync: 创建文档失败 book=28 status=403 body={"code":"forbidden","message":"Sorry, you have reached the knowledge base request rate limit of your subscription.","status":403}

2026-05-26 16:13:09.215 | ERROR    | app.services.dify_sync_service:_create_document:124 | DifySync: 创建文档失败 book=81 status=403 body={"code":"forbidden","message":"Sorry, you have reached the knowledge base request rate limit of your subscription.","status":403}

2026-05-26 16:13:09.267 | ERROR    | app.services.dify_sync_service:_create_document:124 | DifySync: 创建文档失败 book=16 status=403 body={"code":"forbidden","message":"Sorry, you have reached the knowledge base request rate limit of your subscription.","status":403}

2026-05-26 16:13:09.584 | ERROR    | app.services.dify_sync_service:_create_document:124 | DifySync: 创建文档失败 book=62 status=403 body={"code":"forbidden","message":"Sorry, you have reached the knowledge base request rate limit of your subscription.","status":403}

2026-05-26 16:13:09.719 | ERROR    | app.services.dify_sync_service:_create_document:124 | DifySync: 创建文档失败 book=39 status=403 body={"code":"forbidden","message":"Sorry, you have reached the knowledge base request rate limit of your subscription.","status":403}

2026-05-26 16:13:10.079 | ERROR    | app.services.dify_sync_service:_create_document:124 | DifySync: 创建文档失败 book=82 status=403 body={"code":"forbidden","message":"Sorry, you have reached the knowledge base request rate limit of your subscription.","status":403}

2026-05-26 16:13:10.123 | ERROR    | app.services.dify_sync_service:_create_document:124 | DifySync: 创建文档失败 book=29 status=403 body={"code":"forbidden","message":"Sorry, you have reached the knowledge base request rate limit of your subscription.","status":403}

2026-05-26 16:13:10.441 | ERROR    | app.services.dify_sync_service:_create_document:124 | DifySync: 创建文档失败 book=63 status=403 body={"code":"forbidden","message":"Sorry, you have reached the knowledge base request rate limit of your subscription.","status":403}

2026-05-26 16:13:10.504 | ERROR    | app.services.dify_sync_service:_create_document:124 | DifySync: 创建文档失败 book=40 status=403 body={"code":"forbidden","message":"Sorry, you have reached the knowledge base request rate limit of your subscription.","status":403}

2026-05-26 16:13:10.718 | ERROR    | app.services.dify_sync_service:_create_document:124 | DifySync: 创建文档失败 book=18 status=403 body={"code":"forbidden","message":"Sorry, you have reached the knowledge base request rate limit of your subscription.","status":403}

2026-05-26 16:13:11.110 | ERROR    | app.services.dify_sync_service:_create_document:124 | DifySync: 创建文档失败 book=83 status=403 body={"code":"forbidden","message":"Sorry, you have reached the knowledge base request rate limit of your subscription.","status":403}

2026-05-26 16:13:11.339 | ERROR    | app.services.dify_sync_service:_create_document:124 | DifySync: 创建文档失败 book=64 status=403 body={"code":"forbidden","message":"Sorry, you have reached the knowledge base request rate limit of your subscription.","status":403}

2026-05-26 16:13:11.522 | ERROR    | app.services.dify_sync_service:_create_document:124 | DifySync: 创建文档失败 book=41 status=403 body={"code":"forbidden","message":"Sorry, you have reached the knowledge base request rate limit of your subscription.","status":403}

2026-05-26 16:13:11.582 | ERROR    | app.services.dify_sync_service:_create_document:124 | DifySync: 创建文档失败 book=30 status=403 body={"code":"forbidden","message":"Sorry, you have reached the knowledge base request rate limit of your subscription.","status":403}

2026-05-26 16:13:12.157 | ERROR    | app.services.dify_sync_service:_create_document:124 | DifySync: 创建文档失败 book=65 status=403 body={"code":"forbidden","message":"Sorry, you have reached the knowledge base request rate limit of your subscription.","status":403}

2026-05-26 16:13:12.296 | ERROR    | app.services.dify_sync_service:_create_document:124 | DifySync: 创建文档失败 book=19 status=403 body={"code":"forbidden","message":"Sorry, you have reached the knowledge base request rate limit of your subscription.","status":403}

2026-05-26 16:13:12.302 | ERROR    | app.services.dify_sync_service:_create_document:124 | DifySync: 创建文档失败 book=84 status=403 body={"code":"forbidden","message":"Sorry, you have reached the knowledge base request rate limit of your subscription.","status":403}

2026-05-26 16:13:12.379 | ERROR    | app.services.dify_sync_service:_create_document:124 | DifySync: 创建文档失败 book=42 status=403 body={"code":"forbidden","message":"Sorry, you have reached the knowledge base request rate limit of your subscription.","status":403}

2026-05-26 16:13:12.596 | ERROR    | app.services.dify_sync_service:_create_document:124 | DifySync: 创建文档失败 book=31 status=403 body={"code":"forbidden","message":"Sorry, you have reached the knowledge base request rate limit of your subscription.","status":403}

2026-05-26 16:13:13.003 | ERROR    | app.services.dify_sync_service:_create_document:124 | DifySync: 创建文档失败 book=66 status=403 body={"code":"forbidden","message":"Sorry, you have reached the knowledge base request rate limit of your subscription.","status":403}

2026-05-26 16:13:13.205 | ERROR    | app.services.dify_sync_service:_create_document:124 | DifySync: 创建文档失败 book=85 status=403 body={"code":"forbidden","message":"Sorry, you have reached the knowledge base request rate limit of your subscription.","status":403}

2026-05-26 16:13:13.946 | ERROR    | app.services.dify_sync_service:_create_document:124 | DifySync: 创建文档失败 book=67 status=403 body={"code":"forbidden","message":"Sorry, you have reached the knowledge base request rate limit of your subscription.","status":403}

2026-05-26 16:13:14.060 | ERROR    | app.services.dify_sync_service:_create_document:124 | DifySync: 创建文档失败 book=86 status=403 body={"code":"forbidden","message":"Sorry, you have reached the knowledge base request rate limit of your subscription.","status":403}

2026-05-26 16:13:14.468 | ERROR    | app.services.dify_sync_service:_create_document:124 | DifySync: 创建文档失败 book=43 status=403 body={"code":"forbidden","message":"Sorry, you have reached the knowledge base request rate limit of your subscription.","status":403}

2026-05-26 16:13:14.682 | ERROR    | app.services.dify_sync_service:_create_document:124 | DifySync: 创建文档失败 book=32 status=403 body={"code":"forbidden","message":"Sorry, you have reached the knowledge base request rate limit of your subscription.","status":403}

2026-05-26 16:13:14.701 | ERROR    | app.services.dify_sync_service:_create_document:124 | DifySync: 创建文档失败 book=68 status=403 body={"code":"forbidden","message":"Sorry, you have reached the knowledge base request rate limit of your subscription.","status":403}

2026-05-26 16:13:15.415 | ERROR    | app.services.dify_sync_service:_create_document:124 | DifySync: 创建文档失败 book=44 status=403 body={"code":"forbidden","message":"Sorry, you have reached the knowledge base request rate limit of your subscription.","status":403}

2026-05-26 16:13:15.565 | ERROR    | app.services.dify_sync_service:_create_document:124 | DifySync: 创建文档失败 book=87 status=403 body={"code":"forbidden","message":"Sorry, you have reached the knowledge base request rate limit of your subscription.","status":403}

2026-05-26 16:13:15.646 | ERROR    | app.services.dify_sync_service:_create_document:124 | DifySync: 创建文档失败 book=69 status=403 body={"code":"forbidden","message":"Sorry, you have reached the knowledge base request rate limit of your subscription.","status":403}

2026-05-26 16:13:15.649 | ERROR    | app.services.dify_sync_service:_create_document:124 | DifySync: 创建文档失败 book=33 status=403 body={"code":"forbidden","message":"Sorry, you have reached the knowledge base request rate limit of your subscription.","status":403}

2026-05-26 16:13:16.520 | ERROR    | app.services.dify_sync_service:_create_document:124 | DifySync: 创建文档失败 book=45 status=403 body={"code":"forbidden","message":"Sorry, you have reached the knowledge base request rate limit of your subscription.","status":403}

2026-05-26 16:13:16.883 | ERROR    | app.services.dify_sync_service:_create_document:124 | DifySync: 创建文档失败 book=34 status=403 body={"code":"forbidden","message":"Sorry, you have reached the knowledge base request rate limit of your subscription.","status":403}

2026-05-26 16:13:17.212 | ERROR    | app.services.dify_sync_service:_create_document:124 | DifySync: 创建文档失败 book=70 status=403 body={"code":"forbidden","message":"Sorry, you have reached the knowledge base request rate limit of your subscription.","status":403}

2026-05-26 16:13:17.356 | ERROR    | app.services.dify_sync_service:_create_document:124 | DifySync: 创建文档失败 book=46 status=403 body={"code":"forbidden","message":"Sorry, you have reached the knowledge base request rate limit of your subscription.","status":403}

2026-05-26 16:13:17.898 | ERROR    | app.services.dify_sync_service:_create_document:124 | DifySync: 创建文档失败 book=88 status=403 body={"code":"forbidden","message":"Sorry, you have reached the knowledge base request rate limit of your subscription.","status":403}

2026-05-26 16:13:18.178 | ERROR    | app.services.dify_sync_service:_create_document:124 | DifySync: 创建文档失败 book=35 status=403 body={"code":"forbidden","message":"Sorry, you have reached the knowledge base request rate limit of your subscription.","status":403}

2026-05-26 16:13:18.246 | ERROR    | app.services.dify_sync_service:_create_document:124 | DifySync: 创建文档失败 book=71 status=403 body={"code":"forbidden","message":"Sorry, you have reached the knowledge base request rate limit of your subscription.","status":403}

2026-05-26 16:13:18.625 | ERROR    | app.services.dify_sync_service:_create_document:124 | DifySync: 创建文档失败 book=47 status=403 body={"code":"forbidden","message":"Sorry, you have reached the knowledge base request rate limit of your subscription.","status":403}

2026-05-26 16:13:19.116 | ERROR    | app.services.dify_sync_service:_create_document:124 | DifySync: 创建文档失败 book=36 status=403 body={"code":"forbidden","message":"Sorry, you have reached the knowledge base request rate limit of your subscription.","status":403}

2026-05-26 16:13:19.864 | ERROR    | app.services.dify_sync_service:_create_document:124 | DifySync: 创建文档失败 book=37 status=403 body={"code":"forbidden","message":"Sorry, you have reached the knowledge base request rate limit of your subscription.","status":403}

2026-05-26 16:13:19.866 | ERROR    | app.services.dify_sync_service:_create_document:124 | DifySync: 创建文档失败 book=72 status=403 body={"code":"forbidden","message":"Sorry, you have reached the knowledge base request rate limit of your subscription.","status":403}

2026-05-26 16:13:20.173 | ERROR    | app.services.dify_sync_service:_create_document:124 | DifySync: 创建文档失败 book=89 status=403 body={"code":"forbidden","message":"Sorry, you have reached the knowledge base request rate limit of your subscription.","status":403}

2026-05-26 16:13:20.754 | ERROR    | app.services.dify_sync_service:_create_document:124 | DifySync: 创建文档失败 book=38 status=403 body={"code":"forbidden","message":"Sorry, you have reached the knowledge base request rate limit of your subscription.","status":403}

2026-05-26 16:13:20.763 | ERROR    | app.services.dify_sync_service:_create_document:124 | DifySync: 创建文档失败 book=73 status=403 body={"code":"forbidden","message":"Sorry, you have reached the knowledge base request rate limit of your subscription.","status":403}

2026-05-26 16:13:21.075 | ERROR    | app.services.dify_sync_service:_create_document:124 | DifySync: 创建文档失败 book=90 status=403 body={"code":"forbidden","message":"Sorry, you have reached the knowledge base request rate limit of your subscription.","status":403}

2026-05-26 16:13:21.688 | ERROR    | app.services.dify_sync_service:_create_document:124 | DifySync: 创建文档失败 book=39 status=403 body={"code":"forbidden","message":"Sorry, you have reached the knowledge base request rate limit of your subscription.","status":403}

2026-05-26 16:13:21.923 | ERROR    | app.services.dify_sync_service:_create_document:124 | DifySync: 创建文档失败 book=74 status=403 body={"code":"forbidden","message":"Sorry, you have reached the knowledge base request rate limit of your subscription.","status":403}

2026-05-26 16:13:22.286 | ERROR    | app.services.dify_sync_service:_create_document:124 | DifySync: 创建文档失败 book=91 status=403 body={"code":"forbidden","message":"Sorry, you have reached the knowledge base request rate limit of your subscription.","status":403}

2026-05-26 16:13:22.366 | ERROR    | app.services.dify_sync_service:_create_document:124 | DifySync: 创建文档失败 book=48 status=403 body={"code":"forbidden","message":"Sorry, you have reached the knowledge base request rate limit of your subscription.","status":403}

2026-05-26 16:13:22.582 | ERROR    | app.services.dify_sync_service:_create_document:124 | DifySync: 创建文档失败 book=40 status=403 body={"code":"forbidden","message":"Sorry, you have reached the knowledge base request rate limit of your subscription.","status":403}

2026-05-26 16:13:22.902 | ERROR    | app.services.dify_sync_service:_create_document:124 | DifySync: 创建文档失败 book=75 status=403 body={"code":"forbidden","message":"Sorry, you have reached the knowledge base request rate limit of your subscription.","status":403}

2026-05-26 16:13:23.234 | ERROR    | app.services.dify_sync_service:_create_document:124 | DifySync: 创建文档失败 book=49 status=403 body={"code":"forbidden","message":"Sorry, you have reached the knowledge base request rate limit of your subscription.","status":403}

2026-05-26 16:13:23.548 | ERROR    | app.services.dify_sync_service:_create_document:124 | DifySync: 创建文档失败 book=41 status=403 body={"code":"forbidden","message":"Sorry, you have reached the knowledge base request rate limit of your subscription.","status":403}

2026-05-26 16:13:23.780 | ERROR    | app.services.dify_sync_service:_create_document:124 | DifySync: 创建文档失败 book=76 status=403 body={"code":"forbidden","message":"Sorry, you have reached the knowledge base request rate limit of your subscription.","status":403}

2026-05-26 16:13:24.014 | ERROR    | app.services.dify_sync_service:_create_document:124 | DifySync: 创建文档失败 book=92 status=403 body={"code":"forbidden","message":"Sorry, you have reached the knowledge base request rate limit of your subscription.","status":403}

2026-05-26 16:13:24.067 | ERROR    | app.services.dify_sync_service:_create_document:124 | DifySync: 创建文档失败 book=20 status=403 body={"code":"forbidden","message":"Sorry, you have reached the knowledge base request rate limit of your subscription.","status":403}

2026-05-26 16:13:24.075 | ERROR    | app.services.dify_sync_service:_create_document:124 | DifySync: 创建文档失败 book=50 status=403 body={"code":"forbidden","message":"Sorry, you have reached the knowledge base request rate limit of your subscription.","status":403}

2026-05-26 16:13:24.665 | ERROR    | app.services.dify_sync_service:_create_document:124 | DifySync: 创建文档失败 book=77 status=403 body={"code":"forbidden","message":"Sorry, you have reached the knowledge base request rate limit of your subscription.","status":403}

2026-05-26 16:13:24.998 | ERROR    | app.services.dify_sync_service:_create_document:124 | DifySync: 创建文档失败 book=93 status=403 body={"code":"forbidden","message":"Sorry, you have reached the knowledge base request rate limit of your subscription.","status":403}

2026-05-26 16:13:25.058 | ERROR    | app.services.dify_sync_service:_create_document:124 | DifySync: 创建文档失败 book=51 status=403 body={"code":"forbidden","message":"Sorry, you have reached the knowledge base request rate limit of your subscription.","status":403}

2026-05-26 16:13:25.393 | ERROR    | app.services.dify_sync_service:_create_document:124 | DifySync: 创建文档失败 book=42 status=403 body={"code":"forbidden","message":"Sorry, you have reached the knowledge base request rate limit of your subscription.","status":403}

2026-05-26 16:13:25.453 | ERROR    | app.services.dify_sync_service:_create_document:124 | DifySync: 创建文档失败 book=21 status=403 body={"code":"forbidden","message":"Sorry, you have reached the knowledge base request rate limit of your subscription.","status":403}

2026-05-26 16:13:25.533 | ERROR    | app.services.dify_sync_service:_create_document:124 | DifySync: 创建文档失败 book=78 status=403 body={"code":"forbidden","message":"Sorry, you have reached the knowledge base request rate limit of your subscription.","status":403}

2026-05-26 16:13:25.742 | ERROR    | app.services.dify_sync_service:_create_document:124 | DifySync: 创建文档失败 book=43 status=403 body={"code":"forbidden","message":"Sorry, you have reached the knowledge base request rate limit of your subscription.","status":403}

2026-05-26 16:13:25.835 | ERROR    | app.services.dify_sync_service:_create_document:124 | DifySync: 创建文档失败 book=94 status=403 body={"code":"forbidden","message":"Sorry, you have reached the knowledge base request rate limit of your subscription.","status":403}

2026-05-26 16:13:26.124 | ERROR    | app.services.dify_sync_service:_create_document:124 | DifySync: 创建文档失败 book=53 status=403 body={"code":"forbidden","message":"Sorry, you have reached the knowledge base request rate limit of your subscription.","status":403}

2026-05-26 16:13:26.715 | ERROR    | app.services.dify_sync_service:_create_document:124 | DifySync: 创建文档失败 book=22 status=403 body={"code":"forbidden","message":"Sorry, you have reached the knowledge base request rate limit of your subscription.","status":403}

2026-05-26 16:13:26.758 | ERROR    | app.services.dify_sync_service:_create_document:124 | DifySync: 创建文档失败 book=95 status=403 body={"code":"forbidden","message":"Sorry, you have reached the knowledge base request rate limit of your subscription.","status":403}

2026-05-26 16:13:27.165 | ERROR    | app.services.dify_sync_service:_create_document:124 | DifySync: 创建文档失败 book=54 status=403 body={"code":"forbidden","message":"Sorry, you have reached the knowledge base request rate limit of your subscription.","status":403}

2026-05-26 16:13:27.439 | ERROR    | app.services.dify_sync_service:_create_document:124 | DifySync: 创建文档失败 book=79 status=403 body={"code":"forbidden","message":"Sorry, you have reached the knowledge base request rate limit of your subscription.","status":403}

2026-05-26 16:13:27.490 | ERROR    | app.services.dify_sync_service:_create_document:124 | DifySync: 创建文档失败 book=44 status=403 body={"code":"forbidden","message":"Sorry, you have reached the knowledge base request rate limit of your subscription.","status":403}

2026-05-26 16:13:27.796 | ERROR    | app.services.dify_sync_service:_create_document:124 | DifySync: 创建文档失败 book=96 status=403 body={"code":"forbidden","message":"Sorry, you have reached the knowledge base request rate limit of your subscription.","status":403}

2026-05-26 16:13:28.112 | ERROR    | app.services.dify_sync_service:_create_document:124 | DifySync: 创建文档失败 book=55 status=403 body={"code":"forbidden","message":"Sorry, you have reached the knowledge base request rate limit of your subscription.","status":403}

2026-05-26 16:13:28.376 | ERROR    | app.services.dify_sync_service:_create_document:124 | DifySync: 创建文档失败 book=23 status=403 body={"code":"forbidden","message":"Sorry, you have reached the knowledge base request rate limit of your subscription.","status":403}

2026-05-26 16:13:28.647 | ERROR    | app.services.dify_sync_service:_create_document:124 | DifySync: 创建文档失败 book=97 status=403 body={"code":"forbidden","message":"Sorry, you have reached the knowledge base request rate limit of your subscription.","status":403}

2026-05-26 16:13:28.976 | ERROR    | app.services.dify_sync_service:_create_document:124 | DifySync: 创建文档失败 book=45 status=403 body={"code":"forbidden","message":"Sorry, you have reached the knowledge base request rate limit of your subscription.","status":403}

2026-05-26 16:13:29.124 | ERROR    | app.services.dify_sync_service:_create_document:124 | DifySync: 创建文档失败 book=46 status=403 body={"code":"forbidden","message":"Sorry, you have reached the knowledge base request rate limit of your subscription.","status":403}

2026-05-26 16:13:29.650 | ERROR    | app.services.dify_sync_service:_create_document:124 | DifySync: 创建文档失败 book=80 status=403 body={"code":"forbidden","message":"Sorry, you have reached the knowledge base request rate limit of your subscription.","status":403}

2026-05-26 16:13:29.899 | ERROR    | app.services.dify_sync_service:_create_document:124 | DifySync: 创建文档失败 book=24 status=403 body={"code":"forbidden","message":"Sorry, you have reached the knowledge base request rate limit of your subscription.","status":403}

2026-05-26 16:13:29.915 | ERROR    | app.services.dify_sync_service:_create_document:124 | DifySync: 创建文档失败 book=56 status=403 body={"code":"forbidden","message":"Sorry, you have reached the knowledge base request rate limit of your subscription.","status":403}

2026-05-26 16:13:30.408 | ERROR    | app.services.dify_sync_service:_create_document:124 | DifySync: 创建文档失败 book=98 status=403 body={"code":"forbidden","message":"Sorry, you have reached the knowledge base request rate limit of your subscription.","status":403}

2026-05-26 16:13:30.803 | ERROR    | app.services.dify_sync_service:_create_document:124 | DifySync: 创建文档失败 book=57 status=403 body={"code":"forbidden","message":"Sorry, you have reached the knowledge base request rate limit of your subscription.","status":403}

2026-05-26 16:13:31.021 | ERROR    | app.services.dify_sync_service:_create_document:124 | DifySync: 创建文档失败 book=81 status=403 body={"code":"forbidden","message":"Sorry, you have reached the knowledge base request rate limit of your subscription.","status":403}

2026-05-26 16:13:31.075 | ERROR    | app.services.dify_sync_service:_create_document:124 | DifySync: 创建文档失败 book=48 status=403 body={"code":"forbidden","message":"Sorry, you have reached the knowledge base request rate limit of your subscription.","status":403}

2026-05-26 16:13:31.573 | ERROR    | app.services.dify_sync_service:_create_document:124 | DifySync: 创建文档失败 book=47 status=403 body={"code":"forbidden","message":"Sorry, you have reached the knowledge base request rate limit of your subscription.","status":403}

2026-05-26 16:13:31.580 | ERROR    | app.services.dify_sync_service:_create_document:124 | DifySync: 创建文档失败 book=99 status=403 body={"code":"forbidden","message":"Sorry, you have reached the knowledge base request rate limit of your subscription.","status":403}

2026-05-26 16:13:31.638 | ERROR    | app.services.dify_sync_service:_create_document:124 | DifySync: 创建文档失败 book=25 status=403 body={"code":"forbidden","message":"Sorry, you have reached the knowledge base request rate limit of your subscription.","status":403}

2026-05-26 16:13:31.965 | ERROR    | app.services.dify_sync_service:_create_document:124 | DifySync: 创建文档失败 book=82 status=403 body={"code":"forbidden","message":"Sorry, you have reached the knowledge base request rate limit of your subscription.","status":403}

2026-05-26 16:13:32.454 | ERROR    | app.services.dify_sync_service:_create_document:124 | DifySync: 创建文档失败 book=100 status=403 body={"code":"forbidden","message":"Sorry, you have reached the knowledge base request rate limit of your subscription.","status":403}

2026-05-26 16:13:32.540 | ERROR    | app.services.dify_sync_service:_create_document:124 | DifySync: 创建文档失败 book=61 status=403 body={"code":"forbidden","message":"Sorry, you have reached the knowledge base request rate limit of your subscription.","status":403}

2026-05-26 16:13:32.771 | ERROR    | app.services.dify_sync_service:_create_document:124 | DifySync: 创建文档失败 book=83 status=403 body={"code":"forbidden","message":"Sorry, you have reached the knowledge base request rate limit of your subscription.","status":403}

2026-05-26 16:13:32.888 | ERROR    | app.services.dify_sync_service:_create_document:124 | DifySync: 创建文档失败 book=26 status=403 body={"code":"forbidden","message":"Sorry, you have reached the knowledge base request rate limit of your subscription.","status":403}

2026-05-26 16:13:33.512 | ERROR    | app.services.dify_sync_service:_create_document:124 | DifySync: 创建文档失败 book=27 status=403 body={"code":"forbidden","message":"Sorry, you have reached the knowledge base request rate limit of your subscription.","status":403}

2026-05-26 16:13:33.519 | ERROR    | app.services.dify_sync_service:_create_document:124 | DifySync: 创建文档失败 book=62 status=403 body={"code":"forbidden","message":"Sorry, you have reached the knowledge base request rate limit of your subscription.","status":403}

2026-05-26 16:13:33.568 | ERROR    | app.services.dify_sync_service:_create_document:124 | DifySync: 创建文档失败 book=101 status=403 body={"code":"forbidden","message":"Sorry, you have reached the knowledge base request rate limit of your subscription.","status":403}

2026-05-26 16:13:33.634 | ERROR    | app.services.dify_sync_service:_create_document:124 | DifySync: 创建文档失败 book=50 status=403 body={"code":"forbidden","message":"Sorry, you have reached the knowledge base request rate limit of your subscription.","status":403}

2026-05-26 16:13:33.743 | ERROR    | app.services.dify_sync_service:_create_document:124 | DifySync: 创建文档失败 book=49 status=403 body={"code":"forbidden","message":"Sorry, you have reached the knowledge base request rate limit of your subscription.","status":403}

2026-05-26 16:13:33.816 | ERROR    | app.services.dify_sync_service:_create_document:124 | DifySync: 创建文档失败 book=84 status=403 body={"code":"forbidden","message":"Sorry, you have reached the knowledge base request rate limit of your subscription.","status":403}

2026-05-26 16:13:34.454 | ERROR    | app.services.dify_sync_service:_create_document:124 | DifySync: 创建文档失败 book=102 status=403 body={"code":"forbidden","message":"Sorry, you have reached the knowledge base request rate limit of your subscription.","status":403}

2026-05-26 16:13:34.763 | ERROR    | app.services.dify_sync_service:_create_document:124 | DifySync: 创建文档失败 book=63 status=403 body={"code":"forbidden","message":"Sorry, you have reached the knowledge base request rate limit of your subscription.","status":403}

2026-05-26 16:13:34.851 | ERROR    | app.services.dify_sync_service:_create_document:124 | DifySync: 创建文档失败 book=28 status=403 body={"code":"forbidden","message":"Sorry, you have reached the knowledge base request rate limit of your subscription.","status":403}

2026-05-26 16:13:35.766 | ERROR    | app.services.dify_sync_service:_create_document:124 | DifySync: 创建文档失败 book=85 status=403 body={"code":"forbidden","message":"Sorry, you have reached the knowledge base request rate limit of your subscription.","status":403}

2026-05-26 16:13:35.877 | ERROR    | app.services.dify_sync_service:_create_document:124 | DifySync: 创建文档失败 book=64 status=403 body={"code":"forbidden","message":"Sorry, you have reached the knowledge base request rate limit of your subscription.","status":403}

2026-05-26 16:13:35.946 | ERROR    | app.services.dify_sync_service:_create_document:124 | DifySync: 创建文档失败 book=29 status=403 body={"code":"forbidden","message":"Sorry, you have reached the knowledge base request rate limit of your subscription.","status":403}

2026-05-26 16:13:36.285 | ERROR    | app.services.dify_sync_service:_create_document:124 | DifySync: 创建文档失败 book=103 status=403 body={"code":"forbidden","message":"Sorry, you have reached the knowledge base request rate limit of your subscription.","status":403}

2026-05-26 16:13:36.372 | ERROR    | app.services.dify_sync_service:_create_document:124 | DifySync: 创建文档失败 book=53 status=403 body={"code":"forbidden","message":"Sorry, you have reached the knowledge base request rate limit of your subscription.","status":403}

2026-05-26 16:13:36.462 | ERROR    | app.services.dify_sync_service:_create_document:124 | DifySync: 创建文档失败 book=51 status=403 body={"code":"forbidden","message":"Sorry, you have reached the knowledge base request rate limit of your subscription.","status":403}

2026-05-26 16:13:36.630 | ERROR    | app.services.dify_sync_service:_create_document:124 | DifySync: 创建文档失败 book=86 status=403 body={"code":"forbidden","message":"Sorry, you have reached the knowledge base request rate limit of your subscription.","status":403}

2026-05-26 16:13:37.533 | ERROR    | app.services.dify_sync_service:_create_document:124 | DifySync: 创建文档失败 book=87 status=403 body={"code":"forbidden","message":"Sorry, you have reached the knowledge base request rate limit of your subscription.","status":403}

2026-05-26 16:13:37.535 | ERROR    | app.services.dify_sync_service:_create_document:124 | DifySync: 创建文档失败 book=30 status=403 body={"code":"forbidden","message":"Sorry, you have reached the knowledge base request rate limit of your subscription.","status":403}

2026-05-26 16:13:37.601 | ERROR    | app.services.dify_sync_service:_create_document:124 | DifySync: 创建文档失败 book=54 status=403 body={"code":"forbidden","message":"Sorry, you have reached the knowledge base request rate limit of your subscription.","status":403}

2026-05-26 16:13:37.654 | ERROR    | app.services.dify_sync_service:_create_document:124 | DifySync: 创建文档失败 book=14 status=403 body={"code":"forbidden","message":"Sorry, you have reached the knowledge base request rate limit of your subscription.","status":403}

2026-05-26 16:13:38.011 | ERROR    | app.services.dify_sync_service:_create_document:124 | DifySync: 创建文档失败 book=104 status=403 body={"code":"forbidden","message":"Sorry, you have reached the knowledge base request rate limit of your subscription.","status":403}

2026-05-26 16:13:38.125 | ERROR    | app.services.dify_sync_service:_create_document:124 | DifySync: 创建文档失败 book=65 status=403 body={"code":"forbidden","message":"Sorry, you have reached the knowledge base request rate limit of your subscription.","status":403}

2026-05-26 16:13:38.239 | ERROR    | app.services.dify_sync_service:_create_document:124 | DifySync: 创建文档失败 book=15 status=403 body={"code":"forbidden","message":"Sorry, you have reached the knowledge base request rate limit of your subscription.","status":403}

2026-05-26 16:13:38.304 | ERROR    | app.services.dify_sync_service:_create_document:124 | DifySync: 创建文档失败 book=13 status=403 body={"code":"forbidden","message":"Sorry, you have reached the knowledge base request rate limit of your subscription.","status":403}

2026-05-26 16:13:38.313 | ERROR    | app.services.dify_sync_service:_create_document:124 | DifySync: 创建文档失败 book=55 status=403 body={"code":"forbidden","message":"Sorry, you have reached the knowledge base request rate limit of your subscription.","status":403}

2026-05-26 16:13:38.409 | ERROR    | app.services.dify_sync_service:_create_document:124 | DifySync: 创建文档失败 book=88 status=403 body={"code":"forbidden","message":"Sorry, you have reached the knowledge base request rate limit of your subscription.","status":403}

2026-05-26 16:13:38.498 | ERROR    | app.services.dify_sync_service:_create_document:124 | DifySync: 创建文档失败 book=31 status=403 body={"code":"forbidden","message":"Sorry, you have reached the knowledge base request rate limit of your subscription.","status":403}

2026-05-26 16:13:38.924 | ERROR    | app.services.dify_sync_service:_create_document:124 | DifySync: 创建文档失败 book=105 status=403 body={"code":"forbidden","message":"Sorry, you have reached the knowledge base request rate limit of your subscription.","status":403}

2026-05-26 16:13:39.050 | ERROR    | app.services.dify_sync_service:_create_document:124 | DifySync: 创建文档失败 book=66 status=403 body={"code":"forbidden","message":"Sorry, you have reached the knowledge base request rate limit of your subscription.","status":403}

2026-05-26 16:13:39.326 | ERROR    | app.services.dify_sync_service:_create_document:124 | DifySync: 创建文档失败 book=89 status=403 body={"code":"forbidden","message":"Sorry, you have reached the knowledge base request rate limit of your subscription.","status":403}

2026-05-26 16:13:39.973 | ERROR    | app.services.dify_sync_service:_create_document:124 | DifySync: 创建文档失败 book=67 status=403 body={"code":"forbidden","message":"Sorry, you have reached the knowledge base request rate limit of your subscription.","status":403}

2026-05-26 16:13:39.975 | ERROR    | app.services.dify_sync_service:_create_document:124 | DifySync: 创建文档失败 book=106 status=403 body={"code":"forbidden","message":"Sorry, you have reached the knowledge base request rate limit of your subscription.","status":403}

2026-05-26 16:13:40.274 | ERROR    | app.services.dify_sync_service:_create_document:124 | DifySync: 创建文档失败 book=56 status=403 body={"code":"forbidden","message":"Sorry, you have reached the knowledge base request rate limit of your subscription.","status":403}

2026-05-26 16:13:40.366 | ERROR    | app.services.dify_sync_service:_create_document:124 | DifySync: 创建文档失败 book=32 status=403 body={"code":"forbidden","message":"Sorry, you have reached the knowledge base request rate limit of your subscription.","status":403}

2026-05-26 16:13:40.874 | ERROR    | app.services.dify_sync_service:_create_document:124 | DifySync: 创建文档失败 book=16 status=403 body={"code":"forbidden","message":"Sorry, you have reached the knowledge base request rate limit of your subscription.","status":403}

2026-05-26 16:13:41.014 | ERROR    | app.services.dify_sync_service:_create_document:124 | DifySync: 创建文档失败 book=68 status=403 body={"code":"forbidden","message":"Sorry, you have reached the knowledge base request rate limit of your subscription.","status":403}

2026-05-26 16:13:41.092 | ERROR    | app.services.dify_sync_service:_create_document:124 | DifySync: 创建文档失败 book=107 status=403 body={"code":"forbidden","message":"Sorry, you have reached the knowledge base request rate limit of your subscription.","status":403}

2026-05-26 16:13:41.117 | ERROR    | app.services.dify_sync_service:_create_document:124 | DifySync: 创建文档失败 book=90 status=403 body={"code":"forbidden","message":"Sorry, you have reached the knowledge base request rate limit of your subscription.","status":403}

2026-05-26 16:13:41.324 | ERROR    | app.services.dify_sync_service:_create_document:124 | DifySync: 创建文档失败 book=57 status=403 body={"code":"forbidden","message":"Sorry, you have reached the knowledge base request rate limit of your subscription.","status":403}

2026-05-26 16:13:41.486 | ERROR    | app.services.dify_sync_service:_create_document:124 | DifySync: 创建文档失败 book=33 status=403 body={"code":"forbidden","message":"Sorry, you have reached the knowledge base request rate limit of your subscription.","status":403}

2026-05-26 16:13:41.984 | ERROR    | app.services.dify_sync_service:_create_document:124 | DifySync: 创建文档失败 book=69 status=403 body={"code":"forbidden","message":"Sorry, you have reached the knowledge base request rate limit of your subscription.","status":403}

2026-05-26 16:13:42.061 | ERROR    | app.services.dify_sync_service:_create_document:124 | DifySync: 创建文档失败 book=91 status=403 body={"code":"forbidden","message":"Sorry, you have reached the knowledge base request rate limit of your subscription.","status":403}

2026-05-26 16:13:42.274 | ERROR    | app.services.dify_sync_service:_create_document:124 | DifySync: 创建文档失败 book=17 status=403 body={"code":"forbidden","message":"Sorry, you have reached the knowledge base request rate limit of your subscription.","status":403}

2026-05-26 16:13:42.296 | ERROR    | app.services.dify_sync_service:_create_document:124 | DifySync: 创建文档失败 book=34 status=403 body={"code":"forbidden","message":"Sorry, you have reached the knowledge base request rate limit of your subscription.","status":403}

2026-05-26 16:13:42.495 | ERROR    | app.services.dify_sync_service:_create_document:124 | DifySync: 创建文档失败 book=61 status=403 body={"code":"forbidden","message":"Sorry, you have reached the knowledge base request rate limit of your subscription.","status":403}

2026-05-26 16:13:42.620 | ERROR    | app.services.dify_sync_service:_create_document:124 | DifySync: 创建文档失败 book=18 status=403 body={"code":"forbidden","message":"Sorry, you have reached the knowledge base request rate limit of your subscription.","status":403}

2026-05-26 16:13:42.859 | ERROR    | app.services.dify_sync_service:_create_document:124 | DifySync: 创建文档失败 book=70 status=403 body={"code":"forbidden","message":"Sorry, you have reached the knowledge base request rate limit of your subscription.","status":403}

2026-05-26 16:13:42.921 | ERROR    | app.services.dify_sync_service:_create_document:124 | DifySync: 创建文档失败 book=92 status=403 body={"code":"forbidden","message":"Sorry, you have reached the knowledge base request rate limit of your subscription.","status":403}

2026-05-26 16:13:43.458 | ERROR    | app.services.dify_sync_service:_create_document:124 | DifySync: 创建文档失败 book=35 status=403 body={"code":"forbidden","message":"Sorry, you have reached the knowledge base request rate limit of your subscription.","status":403}

2026-05-26 16:13:43.755 | ERROR    | app.services.dify_sync_service:_create_document:124 | DifySync: 创建文档失败 book=71 status=403 body={"code":"forbidden","message":"Sorry, you have reached the knowledge base request rate limit of your subscription.","status":403}

2026-05-26 16:13:44.138 | ERROR    | app.services.dify_sync_service:_create_document:124 | DifySync: 创建文档失败 book=62 status=403 body={"code":"forbidden","message":"Sorry, you have reached the knowledge base request rate limit of your subscription.","status":403}

2026-05-26 16:13:44.608 | ERROR    | app.services.dify_sync_service:_create_document:124 | DifySync: 创建文档失败 book=19 status=403 body={"code":"forbidden","message":"Sorry, you have reached the knowledge base request rate limit of your subscription.","status":403}

2026-05-26 16:13:44.619 | ERROR    | app.services.dify_sync_service:_create_document:124 | DifySync: 创建文档失败 book=72 status=403 body={"code":"forbidden","message":"Sorry, you have reached the knowledge base request rate limit of your subscription.","status":403}

2026-05-26 16:13:44.843 | ERROR    | app.services.dify_sync_service:_create_document:124 | DifySync: 创建文档失败 book=93 status=403 body={"code":"forbidden","message":"Sorry, you have reached the knowledge base request rate limit of your subscription.","status":403}

2026-05-26 16:13:45.019 | ERROR    | app.services.dify_sync_service:_create_document:124 | DifySync: 创建文档失败 book=63 status=403 body={"code":"forbidden","message":"Sorry, you have reached the knowledge base request rate limit of your subscription.","status":403}

2026-05-26 16:13:45.263 | ERROR    | app.services.dify_sync_service:_create_document:124 | DifySync: 创建文档失败 book=36 status=403 body={"code":"forbidden","message":"Sorry, you have reached the knowledge base request rate limit of your subscription.","status":403}

2026-05-26 16:13:45.597 | ERROR    | app.services.dify_sync_service:_create_document:124 | DifySync: 创建文档失败 book=73 status=403 body={"code":"forbidden","message":"Sorry, you have reached the knowledge base request rate limit of your subscription.","status":403}

2026-05-26 16:13:45.965 | ERROR    | app.services.dify_sync_service:_create_document:124 | DifySync: 创建文档失败 book=94 status=403 body={"code":"forbidden","message":"Sorry, you have reached the knowledge base request rate limit of your subscription.","status":403}

2026-05-26 16:13:46.152 | ERROR    | app.services.dify_sync_service:_create_document:124 | DifySync: 创建文档失败 book=20 status=403 body={"code":"forbidden","message":"Sorry, you have reached the knowledge base request rate limit of your subscription.","status":403}

2026-05-26 16:13:46.159 | ERROR    | app.services.dify_sync_service:_create_document:124 | DifySync: 创建文档失败 book=37 status=403 body={"code":"forbidden","message":"Sorry, you have reached the knowledge base request rate limit of your subscription.","status":403}

2026-05-26 16:13:46.503 | ERROR    | app.services.dify_sync_service:_create_document:124 | DifySync: 创建文档失败 book=74 status=403 body={"code":"forbidden","message":"Sorry, you have reached the knowledge base request rate limit of your subscription.","status":403}

2026-05-26 16:13:46.839 | ERROR    | app.services.dify_sync_service:_create_document:124 | DifySync: 创建文档失败 book=64 status=403 body={"code":"forbidden","message":"Sorry, you have reached the knowledge base request rate limit of your subscription.","status":403}

2026-05-26 16:13:46.854 | ERROR    | app.services.dify_sync_service:_create_document:124 | DifySync: 创建文档失败 book=95 status=403 body={"code":"forbidden","message":"Sorry, you have reached the knowledge base request rate limit of your subscription.","status":403}

2026-05-26 16:13:47.011 | ERROR    | app.services.dify_sync_service:_create_document:124 | DifySync: 创建文档失败 book=38 status=403 body={"code":"forbidden","message":"Sorry, you have reached the knowledge base request rate limit of your subscription.","status":403}

2026-05-26 16:13:47.794 | ERROR    | app.services.dify_sync_service:_create_document:124 | DifySync: 创建文档失败 book=96 status=403 body={"code":"forbidden","message":"Sorry, you have reached the knowledge base request rate limit of your subscription.","status":403}

2026-05-26 16:13:47.880 | ERROR    | app.services.dify_sync_service:_create_document:124 | DifySync: 创建文档失败 book=65 status=403 body={"code":"forbidden","message":"Sorry, you have reached the knowledge base request rate limit of your subscription.","status":403}

2026-05-26 16:13:48.288 | ERROR    | app.services.dify_sync_service:_create_document:124 | DifySync: 创建文档失败 book=39 status=403 body={"code":"forbidden","message":"Sorry, you have reached the knowledge base request rate limit of your subscription.","status":403}

2026-05-26 16:13:48.473 | ERROR    | app.services.dify_sync_service:_create_document:124 | DifySync: 创建文档失败 book=75 status=403 body={"code":"forbidden","message":"Sorry, you have reached the knowledge base request rate limit of your subscription.","status":403}

2026-05-26 16:13:48.536 | ERROR    | app.services.dify_sync_service:_create_document:124 | DifySync: 创建文档失败 book=21 status=403 body={"code":"forbidden","message":"Sorry, you have reached the knowledge base request rate limit of your subscription.","status":403}

2026-05-26 16:13:48.747 | ERROR    | app.services.dify_sync_service:_create_document:124 | DifySync: 创建文档失败 book=97 status=403 body={"code":"forbidden","message":"Sorry, you have reached the knowledge base request rate limit of your subscription.","status":403}

2026-05-26 16:13:49.272 | ERROR    | app.services.dify_sync_service:_create_document:124 | DifySync: 创建文档失败 book=40 status=403 body={"code":"forbidden","message":"Sorry, you have reached the knowledge base request rate limit of your subscription.","status":403}

2026-05-26 16:13:49.278 | ERROR    | app.services.dify_sync_service:_create_document:124 | DifySync: 创建文档失败 book=22 status=403 body={"code":"forbidden","message":"Sorry, you have reached the knowledge base request rate limit of your subscription.","status":403}

2026-05-26 16:13:49.571 | ERROR    | app.services.dify_sync_service:_create_document:124 | DifySync: 创建文档失败 book=76 status=403 body={"code":"forbidden","message":"Sorry, you have reached the knowledge base request rate limit of your subscription.","status":403}

2026-05-26 16:13:49.824 | ERROR    | app.services.dify_sync_service:_create_document:124 | DifySync: 创建文档失败 book=98 status=403 body={"code":"forbidden","message":"Sorry, you have reached the knowledge base request rate limit of your subscription.","status":403}

2026-05-26 16:13:50.141 | ERROR    | app.services.dify_sync_service:_create_document:124 | DifySync: 创建文档失败 book=41 status=403 body={"code":"forbidden","message":"Sorry, you have reached the knowledge base request rate limit of your subscription.","status":403}

2026-05-26 16:13:51.078 | ERROR    | app.services.dify_sync_service:_create_document:124 | DifySync: 创建文档失败 book=99 status=403 body={"code":"forbidden","message":"Sorry, you have reached the knowledge base request rate limit of your subscription.","status":403}

2026-05-26 16:13:51.217 | ERROR    | app.services.dify_sync_service:_create_document:124 | DifySync: 创建文档失败 book=42 status=403 body={"code":"forbidden","message":"Sorry, you have reached the knowledge base request rate limit of your subscription.","status":403}

2026-05-26 16:13:51.325 | ERROR    | app.services.dify_sync_service:_create_document:124 | DifySync: 创建文档失败 book=23 status=403 body={"code":"forbidden","message":"Sorry, you have reached the knowledge base request rate limit of your subscription.","status":403}

2026-05-26 16:13:51.741 | ERROR    | app.services.dify_sync_service:_create_document:124 | DifySync: 创建文档失败 book=66 status=403 body={"code":"forbidden","message":"Sorry, you have reached the knowledge base request rate limit of your subscription.","status":403}

2026-05-26 16:13:51.870 | ERROR    | app.services.dify_sync_service:_create_document:124 | DifySync: 创建文档失败 book=24 status=403 body={"code":"forbidden","message":"Sorry, you have reached the knowledge base request rate limit of your subscription.","status":403}

2026-05-26 16:13:51.959 | ERROR    | app.services.dify_sync_service:_create_document:124 | DifySync: 创建文档失败 book=77 status=403 body={"code":"forbidden","message":"Sorry, you have reached the knowledge base request rate limit of your subscription.","status":403}

2026-05-26 16:13:52.030 | ERROR    | app.services.dify_sync_service:_create_document:124 | DifySync: 创建文档失败 book=100 status=403 body={"code":"forbidden","message":"Sorry, you have reached the knowledge base request rate limit of your subscription.","status":403}

2026-05-26 16:13:52.137 | ERROR    | app.services.dify_sync_service:_create_document:124 | DifySync: 创建文档失败 book=67 status=403 body={"code":"forbidden","message":"Sorry, you have reached the knowledge base request rate limit of your subscription.","status":403}

2026-05-26 16:13:52.670 | ERROR    | app.services.dify_sync_service:_create_document:124 | DifySync: 创建文档失败 book=43 status=403 body={"code":"forbidden","message":"Sorry, you have reached the knowledge base request rate limit of your subscription.","status":403}

2026-05-26 16:13:52.768 | ERROR    | app.services.dify_sync_service:_create_document:124 | DifySync: 创建文档失败 book=78 status=403 body={"code":"forbidden","message":"Sorry, you have reached the knowledge base request rate limit of your subscription.","status":403}

2026-05-26 16:13:53.105 | ERROR    | app.services.dify_sync_service:_create_document:124 | DifySync: 创建文档失败 book=101 status=403 body={"code":"forbidden","message":"Sorry, you have reached the knowledge base request rate limit of your subscription.","status":403}

2026-05-26 16:13:53.202 | ERROR    | app.services.dify_sync_service:_create_document:124 | DifySync: 创建文档失败 book=25 status=403 body={"code":"forbidden","message":"Sorry, you have reached the knowledge base request rate limit of your subscription.","status":403}

2026-05-26 16:13:53.371 | ERROR    | app.services.dify_sync_service:_create_document:124 | DifySync: 创建文档失败 book=68 status=403 body={"code":"forbidden","message":"Sorry, you have reached the knowledge base request rate limit of your subscription.","status":403}

2026-05-26 16:13:53.579 | ERROR    | app.services.dify_sync_service:_create_document:124 | DifySync: 创建文档失败 book=79 status=403 body={"code":"forbidden","message":"Sorry, you have reached the knowledge base request rate limit of your subscription.","status":403}

2026-05-26 16:13:53.979 | ERROR    | app.services.dify_sync_service:_create_document:124 | DifySync: 创建文档失败 book=102 status=403 body={"code":"forbidden","message":"Sorry, you have reached the knowledge base request rate limit of your subscription.","status":403}

2026-05-26 16:13:54.271 | ERROR    | app.services.dify_sync_service:_create_document:124 | DifySync: 创建文档失败 book=44 status=403 body={"code":"forbidden","message":"Sorry, you have reached the knowledge base request rate limit of your subscription.","status":403}

2026-05-26 16:13:54.506 | ERROR    | app.services.dify_sync_service:_create_document:124 | DifySync: 创建文档失败 book=26 status=403 body={"code":"forbidden","message":"Sorry, you have reached the knowledge base request rate limit of your subscription.","status":403}

2026-05-26 16:13:55.098 | ERROR    | app.services.dify_sync_service:_create_document:124 | DifySync: 创建文档失败 book=103 status=403 body={"code":"forbidden","message":"Sorry, you have reached the knowledge base request rate limit of your subscription.","status":403}

2026-05-26 16:13:55.455 | ERROR    | app.services.dify_sync_service:_create_document:124 | DifySync: 创建文档失败 book=69 status=403 body={"code":"forbidden","message":"Sorry, you have reached the knowledge base request rate limit of your subscription.","status":403}

2026-05-26 16:13:55.621 | ERROR    | app.services.dify_sync_service:_create_document:124 | DifySync: 创建文档失败 book=70 status=403 body={"code":"forbidden","message":"Sorry, you have reached the knowledge base request rate limit of your subscription.","status":403}

2026-05-26 16:13:55.728 | ERROR    | app.services.dify_sync_service:_create_document:124 | DifySync: 创建文档失败 book=45 status=403 body={"code":"forbidden","message":"Sorry, you have reached the knowledge base request rate limit of your subscription.","status":403}

2026-05-26 16:13:56.418 | ERROR    | app.services.dify_sync_service:_create_document:124 | DifySync: 创建文档失败 book=27 status=403 body={"code":"forbidden","message":"Sorry, you have reached the knowledge base request rate limit of your subscription.","status":403}

2026-05-26 16:13:56.700 | ERROR    | app.services.dify_sync_service:_create_document:124 | DifySync: 创建文档失败 book=28 status=403 body={"code":"forbidden","message":"Sorry, you have reached the knowledge base request rate limit of your subscription.","status":403}

2026-05-26 16:13:56.739 | ERROR    | app.services.dify_sync_service:_create_document:124 | DifySync: 创建文档失败 book=104 status=403 body={"code":"forbidden","message":"Sorry, you have reached the knowledge base request rate limit of your subscription.","status":403}

2026-05-26 16:13:57.239 | ERROR    | app.services.dify_sync_service:_create_document:124 | DifySync: 创建文档失败 book=71 status=403 body={"code":"forbidden","message":"Sorry, you have reached the knowledge base request rate limit of your subscription.","status":403}

2026-05-26 16:13:57.431 | ERROR    | app.services.dify_sync_service:_create_document:124 | DifySync: 创建文档失败 book=46 status=403 body={"code":"forbidden","message":"Sorry, you have reached the knowledge base request rate limit of your subscription.","status":403}

2026-05-26 16:13:57.738 | ERROR    | app.services.dify_sync_service:_create_document:124 | DifySync: 创建文档失败 book=105 status=403 body={"code":"forbidden","message":"Sorry, you have reached the knowledge base request rate limit of your subscription.","status":403}

2026-05-26 16:13:58.380 | ERROR    | app.services.dify_sync_service:_create_document:124 | DifySync: 创建文档失败 book=47 status=403 body={"code":"forbidden","message":"Sorry, you have reached the knowledge base request rate limit of your subscription.","status":403}

2026-05-26 16:13:58.697 | ERROR    | app.services.dify_sync_service:_create_document:124 | DifySync: 创建文档失败 book=72 status=403 body={"code":"forbidden","message":"Sorry, you have reached the knowledge base request rate limit of your subscription.","status":403}

2026-05-26 16:13:58.927 | ERROR    | app.services.dify_sync_service:_create_document:124 | DifySync: 创建文档失败 book=106 status=403 body={"code":"forbidden","message":"Sorry, you have reached the knowledge base request rate limit of your subscription.","status":403}

2026-05-26 16:13:59.411 | ERROR    | app.services.dify_sync_service:_create_document:124 | DifySync: 创建文档失败 book=48 status=403 body={"code":"forbidden","message":"Sorry, you have reached the knowledge base request rate limit of your subscription.","status":403}

2026-05-26 16:13:59.518 | ERROR    | app.services.dify_sync_service:_create_document:124 | DifySync: 创建文档失败 book=73 status=403 body={"code":"forbidden","message":"Sorry, you have reached the knowledge base request rate limit of your subscription.","status":403}

2026-05-26 16:13:59.574 | ERROR    | app.services.dify_sync_service:_create_document:124 | DifySync: 创建文档失败 book=29 status=403 body={"code":"forbidden","message":"Sorry, you have reached the knowledge base request rate limit of your subscription.","status":403}

2026-05-26 16:13:59.602 | ERROR    | app.services.dify_sync_service:_create_document:124 | DifySync: 创建文档失败 book=80 status=403 body={"code":"forbidden","message":"Sorry, you have reached the knowledge base request rate limit of your subscription.","status":403}

2026-05-26 16:13:59.908 | ERROR    | app.services.dify_sync_service:_create_document:124 | DifySync: 创建文档失败 book=30 status=403 body={"code":"forbidden","message":"Sorry, you have reached the knowledge base request rate limit of your subscription.","status":403}

2026-05-26 16:14:00.336 | ERROR    | app.services.dify_sync_service:_create_document:124 | DifySync: 创建文档失败 book=49 status=403 body={"code":"forbidden","message":"Sorry, you have reached the knowledge base request rate limit of your subscription.","status":403}

2026-05-26 16:14:00.367 | ERROR    | app.services.dify_sync_service:_create_document:124 | DifySync: 创建文档失败 book=74 status=403 body={"code":"forbidden","message":"Sorry, you have reached the knowledge base request rate limit of your subscription.","status":403}

2026-05-26 16:14:00.640 | ERROR    | app.services.dify_sync_service:_create_document:124 | DifySync: 创建文档失败 book=107 status=403 body={"code":"forbidden","message":"Sorry, you have reached the knowledge base request rate limit of your subscription.","status":403}

2026-05-26 16:14:00.850 | ERROR    | app.services.dify_sync_service:_create_document:124 | DifySync: 创建文档失败 book=31 status=403 body={"code":"forbidden","message":"Sorry, you have reached the knowledge base request rate limit of your subscription.","status":403}

2026-05-26 16:14:00.857 | ERROR    | app.services.dify_sync_service:_create_document:124 | DifySync: 创建文档失败 book=81 status=403 body={"code":"forbidden","message":"Sorry, you have reached the knowledge base request rate limit of your subscription.","status":403}

2026-05-26 16:14:02.074 | ERROR    | app.services.dify_sync_service:_create_document:124 | DifySync: 创建文档失败 book=32 status=403 body={"code":"forbidden","message":"Sorry, you have reached the knowledge base request rate limit of your subscription.","status":403}

2026-05-26 16:14:02.384 | ERROR    | app.services.dify_sync_service:_create_document:124 | DifySync: 创建文档失败 book=75 status=403 body={"code":"forbidden","message":"Sorry, you have reached the knowledge base request rate limit of your subscription.","status":403}

2026-05-26 16:14:02.420 | ERROR    | app.services.dify_sync_service:_create_document:124 | DifySync: 创建文档失败 book=76 status=403 body={"code":"forbidden","message":"Sorry, you have reached the knowledge base request rate limit of your subscription.","status":403}

2026-05-26 16:14:02.478 | ERROR    | app.services.dify_sync_service:_create_document:124 | DifySync: 创建文档失败 book=50 status=403 body={"code":"forbidden","message":"Sorry, you have reached the knowledge base request rate limit of your subscription.","status":403}

2026-05-26 16:14:02.552 | ERROR    | app.services.dify_sync_service:_create_document:124 | DifySync: 创建文档失败 book=82 status=403 body={"code":"forbidden","message":"Sorry, you have reached the knowledge base request rate limit of your subscription.","status":403}

2026-05-26 16:14:03.105 | ERROR    | app.services.dify_sync_service:_create_document:124 | DifySync: 创建文档失败 book=33 status=403 body={"code":"forbidden","message":"Sorry, you have reached the knowledge base request rate limit of your subscription.","status":403}

2026-05-26 16:14:03.178 | ERROR    | app.services.dify_sync_service:_create_document:124 | DifySync: 创建文档失败 book=51 status=403 body={"code":"forbidden","message":"Sorry, you have reached the knowledge base request rate limit of your subscription.","status":403}

2026-05-26 16:14:03.663 | ERROR    | app.services.dify_sync_service:_create_document:124 | DifySync: 创建文档失败 book=83 status=403 body={"code":"forbidden","message":"Sorry, you have reached the knowledge base request rate limit of your subscription.","status":403}

2026-05-26 16:14:03.883 | ERROR    | app.services.dify_sync_service:_create_document:124 | DifySync: 创建文档失败 book=34 status=403 body={"code":"forbidden","message":"Sorry, you have reached the knowledge base request rate limit of your subscription.","status":403}

2026-05-26 16:14:04.298 | ERROR    | app.services.dify_sync_service:_create_document:124 | DifySync: 创建文档失败 book=77 status=403 body={"code":"forbidden","message":"Sorry, you have reached the knowledge base request rate limit of your subscription.","status":403}

2026-05-26 16:14:04.931 | ERROR    | app.services.dify_sync_service:_create_document:124 | DifySync: 创建文档失败 book=53 status=403 body={"code":"forbidden","message":"Sorry, you have reached the knowledge base request rate limit of your subscription.","status":403}

2026-05-26 16:14:04.978 | ERROR    | app.services.dify_sync_service:_create_document:124 | DifySync: 创建文档失败 book=54 status=403 body={"code":"forbidden","message":"Sorry, you have reached the knowledge base request rate limit of your subscription.","status":403}

2026-05-26 16:14:05.357 | ERROR    | app.services.dify_sync_service:_create_document:124 | DifySync: 创建文档失败 book=35 status=403 body={"code":"forbidden","message":"Sorry, you have reached the knowledge base request rate limit of your subscription.","status":403}

2026-05-26 16:14:05.686 | ERROR    | app.services.dify_sync_service:_create_document:124 | DifySync: 创建文档失败 book=84 status=403 body={"code":"forbidden","message":"Sorry, you have reached the knowledge base request rate limit of your subscription.","status":403}

2026-05-26 16:14:06.186 | ERROR    | app.services.dify_sync_service:_create_document:124 | DifySync: 创建文档失败 book=36 status=403 body={"code":"forbidden","message":"Sorry, you have reached the knowledge base request rate limit of your subscription.","status":403}

2026-05-26 16:14:06.485 | ERROR    | app.services.dify_sync_service:_create_document:124 | DifySync: 创建文档失败 book=78 status=403 body={"code":"forbidden","message":"Sorry, you have reached the knowledge base request rate limit of your subscription.","status":403}

2026-05-26 16:14:06.496 | ERROR    | app.services.dify_sync_service:_create_document:124 | DifySync: 创建文档失败 book=85 status=403 body={"code":"forbidden","message":"Sorry, you have reached the knowledge base request rate limit of your subscription.","status":403}

2026-05-26 16:14:06.597 | ERROR    | app.services.dify_sync_service:_create_document:124 | DifySync: 创建文档失败 book=55 status=403 body={"code":"forbidden","message":"Sorry, you have reached the knowledge base request rate limit of your subscription.","status":403}

2026-05-26 16:14:07.011 | ERROR    | app.services.dify_sync_service:_create_document:124 | DifySync: 创建文档失败 book=56 status=403 body={"code":"forbidden","message":"Sorry, you have reached the knowledge base request rate limit of your subscription.","status":403}

2026-05-26 16:14:07.949 | ERROR    | app.services.dify_sync_service:_create_document:124 | DifySync: 创建文档失败 book=57 status=403 body={"code":"forbidden","message":"Sorry, you have reached the knowledge base request rate limit of your subscription.","status":403}

2026-05-26 16:14:08.053 | ERROR    | app.services.dify_sync_service:_create_document:124 | DifySync: 创建文档失败 book=37 status=403 body={"code":"forbidden","message":"Sorry, you have reached the knowledge base request rate limit of your subscription.","status":403}

2026-05-26 16:14:08.634 | ERROR    | app.services.dify_sync_service:_create_document:124 | DifySync: 创建文档失败 book=61 status=403 body={"code":"forbidden","message":"Sorry, you have reached the knowledge base request rate limit of your subscription.","status":403}

2026-05-26 16:14:08.840 | ERROR    | app.services.dify_sync_service:_create_document:124 | DifySync: 创建文档失败 book=86 status=403 body={"code":"forbidden","message":"Sorry, you have reached the knowledge base request rate limit of your subscription.","status":403}

2026-05-26 16:14:09.203 | ERROR    | app.services.dify_sync_service:_create_document:124 | DifySync: 创建文档失败 book=80 status=403 body={"code":"forbidden","message":"Sorry, you have reached the knowledge base request rate limit of your subscription.","status":403}

2026-05-26 16:14:09.605 | ERROR    | app.services.dify_sync_service:_create_document:124 | DifySync: 创建文档失败 book=87 status=403 body={"code":"forbidden","message":"Sorry, you have reached the knowledge base request rate limit of your subscription.","status":403}

2026-05-26 16:14:10.441 | ERROR    | app.services.dify_sync_service:_create_document:124 | DifySync: 创建文档失败 book=88 status=403 body={"code":"forbidden","message":"Sorry, you have reached the knowledge base request rate limit of your subscription.","status":403}

2026-05-26 16:14:10.565 | ERROR    | app.services.dify_sync_service:_create_document:124 | DifySync: 创建文档失败 book=62 status=403 body={"code":"forbidden","message":"Sorry, you have reached the knowledge base request rate limit of your subscription.","status":403}

2026-05-26 16:14:10.586 | ERROR    | app.services.dify_sync_service:_create_document:124 | DifySync: 创建文档失败 book=39 status=403 body={"code":"forbidden","message":"Sorry, you have reached the knowledge base request rate limit of your subscription.","status":403}

2026-05-26 16:14:11.018 | ERROR    | app.services.dify_sync_service:_create_document:124 | DifySync: 创建文档失败 book=81 status=403 body={"code":"forbidden","message":"Sorry, you have reached the knowledge base request rate limit of your subscription.","status":403}

2026-05-26 16:14:11.042 | ERROR    | app.services.dify_sync_service:_create_document:124 | DifySync: 创建文档失败 book=82 status=403 body={"code":"forbidden","message":"Sorry, you have reached the knowledge base request rate limit of your subscription.","status":403}

2026-05-26 16:14:11.308 | ERROR    | app.services.dify_sync_service:_create_document:124 | DifySync: 创建文档失败 book=38 status=403 body={"code":"forbidden","message":"Sorry, you have reached the knowledge base request rate limit of your subscription.","status":403}

2026-05-26 16:14:11.339 | ERROR    | app.services.dify_sync_service:_create_document:124 | DifySync: 创建文档失败 book=63 status=403 body={"code":"forbidden","message":"Sorry, you have reached the knowledge base request rate limit of your subscription.","status":403}

2026-05-26 16:14:11.400 | ERROR    | app.services.dify_sync_service:_create_document:124 | DifySync: 创建文档失败 book=40 status=403 body={"code":"forbidden","message":"Sorry, you have reached the knowledge base request rate limit of your subscription.","status":403}

2026-05-26 16:14:11.688 | ERROR    | app.services.dify_sync_service:_create_document:124 | DifySync: 创建文档失败 book=89 status=403 body={"code":"forbidden","message":"Sorry, you have reached the knowledge base request rate limit of your subscription.","status":403}

2026-05-26 16:14:12.130 | ERROR    | app.services.dify_sync_service:_create_document:124 | DifySync: 创建文档失败 book=79 status=403 body={"code":"forbidden","message":"Sorry, you have reached the knowledge base request rate limit of your subscription.","status":403}

2026-05-26 16:14:12.170 | ERROR    | app.services.dify_sync_service:_create_document:124 | DifySync: 创建文档失败 book=83 status=403 body={"code":"forbidden","message":"Sorry, you have reached the knowledge base request rate limit of your subscription.","status":403}

2026-05-26 16:14:12.315 | ERROR    | app.services.dify_sync_service:_create_document:124 | DifySync: 创建文档失败 book=64 status=403 body={"code":"forbidden","message":"Sorry, you have reached the knowledge base request rate limit of your subscription.","status":403}

2026-05-26 16:14:12.541 | ERROR    | app.services.dify_sync_service:_create_document:124 | DifySync: 创建文档失败 book=90 status=403 body={"code":"forbidden","message":"Sorry, you have reached the knowledge base request rate limit of your subscription.","status":403}

2026-05-26 16:14:12.726 | ERROR    | app.services.dify_sync_service:_create_document:124 | DifySync: 创建文档失败 book=41 status=403 body={"code":"forbidden","message":"Sorry, you have reached the knowledge base request rate limit of your subscription.","status":403}

2026-05-26 16:14:13.136 | ERROR    | app.services.dify_sync_service:_create_document:124 | DifySync: 创建文档失败 book=65 status=403 body={"code":"forbidden","message":"Sorry, you have reached the knowledge base request rate limit of your subscription.","status":403}

2026-05-26 16:14:13.356 | ERROR    | app.services.dify_sync_service:_create_document:124 | DifySync: 创建文档失败 book=42 status=403 body={"code":"forbidden","message":"Sorry, you have reached the knowledge base request rate limit of your subscription.","status":403}

2026-05-26 16:14:13.424 | ERROR    | app.services.dify_sync_service:_create_document:124 | DifySync: 创建文档失败 book=84 status=403 body={"code":"forbidden","message":"Sorry, you have reached the knowledge base request rate limit of your subscription.","status":403}

2026-05-26 16:14:13.695 | ERROR    | app.services.dify_sync_service:_create_document:124 | DifySync: 创建文档失败 book=91 status=403 body={"code":"forbidden","message":"Sorry, you have reached the knowledge base request rate limit of your subscription.","status":403}

2026-05-26 16:14:13.971 | ERROR    | app.services.dify_sync_service:_create_document:124 | DifySync: 创建文档失败 book=66 status=403 body={"code":"forbidden","message":"Sorry, you have reached the knowledge base request rate limit of your subscription.","status":403}

2026-05-26 16:14:14.168 | ERROR    | app.services.dify_sync_service:_create_document:124 | DifySync: 创建文档失败 book=85 status=403 body={"code":"forbidden","message":"Sorry, you have reached the knowledge base request rate limit of your subscription.","status":403}

2026-05-26 16:14:14.574 | ERROR    | app.services.dify_sync_service:_create_document:124 | DifySync: 创建文档失败 book=92 status=403 body={"code":"forbidden","message":"Sorry, you have reached the knowledge base request rate limit of your subscription.","status":403}

2026-05-26 16:14:14.793 | ERROR    | app.services.dify_sync_service:_create_document:124 | DifySync: 创建文档失败 book=67 status=403 body={"code":"forbidden","message":"Sorry, you have reached the knowledge base request rate limit of your subscription.","status":403}

2026-05-26 16:14:15.060 | ERROR    | app.services.dify_sync_service:_create_document:124 | DifySync: 创建文档失败 book=86 status=403 body={"code":"forbidden","message":"Sorry, you have reached the knowledge base request rate limit of your subscription.","status":403}

2026-05-26 16:14:15.437 | ERROR    | app.services.dify_sync_service:_create_document:124 | DifySync: 创建文档失败 book=43 status=403 body={"code":"forbidden","message":"Sorry, you have reached the knowledge base request rate limit of your subscription.","status":403}

2026-05-26 16:14:15.712 | ERROR    | app.services.dify_sync_service:_create_document:124 | DifySync: 创建文档失败 book=93 status=403 body={"code":"forbidden","message":"Sorry, you have reached the knowledge base request rate limit of your subscription.","status":403}

2026-05-26 16:14:15.859 | ERROR    | app.services.dify_sync_service:_create_document:124 | DifySync: 创建文档失败 book=68 status=403 body={"code":"forbidden","message":"Sorry, you have reached the knowledge base request rate limit of your subscription.","status":403}

2026-05-26 16:14:16.451 | ERROR    | app.services.dify_sync_service:_create_document:124 | DifySync: 创建文档失败 book=44 status=403 body={"code":"forbidden","message":"Sorry, you have reached the knowledge base request rate limit of your subscription.","status":403}

2026-05-26 16:14:16.513 | ERROR    | app.services.dify_sync_service:_create_document:124 | DifySync: 创建文档失败 book=87 status=403 body={"code":"forbidden","message":"Sorry, you have reached the knowledge base request rate limit of your subscription.","status":403}

2026-05-26 16:14:16.581 | ERROR    | app.services.dify_sync_service:_create_document:124 | DifySync: 创建文档失败 book=94 status=403 body={"code":"forbidden","message":"Sorry, you have reached the knowledge base request rate limit of your subscription.","status":403}

2026-05-26 16:14:17.432 | ERROR    | app.services.dify_sync_service:_create_document:124 | DifySync: 创建文档失败 book=95 status=403 body={"code":"forbidden","message":"Sorry, you have reached the knowledge base request rate limit of your subscription.","status":403}

2026-05-26 16:14:17.544 | ERROR    | app.services.dify_sync_service:_create_document:124 | DifySync: 创建文档失败 book=69 status=403 body={"code":"forbidden","message":"Sorry, you have reached the knowledge base request rate limit of your subscription.","status":403}

2026-05-26 16:14:17.729 | ERROR    | app.services.dify_sync_service:_create_document:124 | DifySync: 创建文档失败 book=45 status=403 body={"code":"forbidden","message":"Sorry, you have reached the knowledge base request rate limit of your subscription.","status":403}

2026-05-26 16:14:18.370 | ERROR    | app.services.dify_sync_service:_create_document:124 | DifySync: 创建文档失败 book=46 status=403 body={"code":"forbidden","message":"Sorry, you have reached the knowledge base request rate limit of your subscription.","status":403}

2026-05-26 16:14:18.460 | ERROR    | app.services.dify_sync_service:_create_document:124 | DifySync: 创建文档失败 book=96 status=403 body={"code":"forbidden","message":"Sorry, you have reached the knowledge base request rate limit of your subscription.","status":403}

2026-05-26 16:14:19.166 | ERROR    | app.services.dify_sync_service:_create_document:124 | DifySync: 创建文档失败 book=71 status=403 body={"code":"forbidden","message":"Sorry, you have reached the knowledge base request rate limit of your subscription.","status":403}

2026-05-26 16:14:19.255 | ERROR    | app.services.dify_sync_service:_create_document:124 | DifySync: 创建文档失败 book=97 status=403 body={"code":"forbidden","message":"Sorry, you have reached the knowledge base request rate limit of your subscription.","status":403}

2026-05-26 16:14:19.506 | ERROR    | app.services.dify_sync_service:_create_document:124 | DifySync: 创建文档失败 book=70 status=403 body={"code":"forbidden","message":"Sorry, you have reached the knowledge base request rate limit of your subscription.","status":403}

2026-05-26 16:14:19.532 | ERROR    | app.services.dify_sync_service:_create_document:124 | DifySync: 创建文档失败 book=47 status=403 body={"code":"forbidden","message":"Sorry, you have reached the knowledge base request rate limit of your subscription.","status":403}

2026-05-26 16:14:20.101 | ERROR    | app.services.dify_sync_service:_create_document:124 | DifySync: 创建文档失败 book=98 status=403 body={"code":"forbidden","message":"Sorry, you have reached the knowledge base request rate limit of your subscription.","status":403}

2026-05-26 16:14:20.283 | ERROR    | app.services.dify_sync_service:_create_document:124 | DifySync: 创建文档失败 book=88 status=403 body={"code":"forbidden","message":"Sorry, you have reached the knowledge base request rate limit of your subscription.","status":403}

2026-05-26 16:14:21.050 | ERROR    | app.services.dify_sync_service:_create_document:124 | DifySync: 创建文档失败 book=89 status=403 body={"code":"forbidden","message":"Sorry, you have reached the knowledge base request rate limit of your subscription.","status":403}

2026-05-26 16:14:21.289 | ERROR    | app.services.dify_sync_service:_create_document:124 | DifySync: 创建文档失败 book=72 status=403 body={"code":"forbidden","message":"Sorry, you have reached the knowledge base request rate limit of your subscription.","status":403}

2026-05-26 16:14:22.025 | ERROR    | app.services.dify_sync_service:_create_document:124 | DifySync: 创建文档失败 book=99 status=403 body={"code":"forbidden","message":"Sorry, you have reached the knowledge base request rate limit of your subscription.","status":403}

2026-05-26 16:14:22.217 | ERROR    | app.services.dify_sync_service:_create_document:124 | DifySync: 创建文档失败 book=90 status=403 body={"code":"forbidden","message":"Sorry, you have reached the knowledge base request rate limit of your subscription.","status":403}

2026-05-26 16:14:22.501 | ERROR    | app.services.dify_sync_service:_create_document:124 | DifySync: 创建文档失败 book=73 status=403 body={"code":"forbidden","message":"Sorry, you have reached the knowledge base request rate limit of your subscription.","status":403}

2026-05-26 16:14:22.855 | ERROR    | app.services.dify_sync_service:_create_document:124 | DifySync: 创建文档失败 book=74 status=403 body={"code":"forbidden","message":"Sorry, you have reached the knowledge base request rate limit of your subscription.","status":403}

2026-05-26 16:14:22.914 | ERROR    | app.services.dify_sync_service:_create_document:124 | DifySync: 创建文档失败 book=100 status=403 body={"code":"forbidden","message":"Sorry, you have reached the knowledge base request rate limit of your subscription.","status":403}

2026-05-26 16:14:23.125 | ERROR    | app.services.dify_sync_service:_create_document:124 | DifySync: 创建文档失败 book=91 status=403 body={"code":"forbidden","message":"Sorry, you have reached the knowledge base request rate limit of your subscription.","status":403}

2026-05-26 16:14:23.783 | ERROR    | app.services.dify_sync_service:_create_document:124 | DifySync: 创建文档失败 book=101 status=403 body={"code":"forbidden","message":"Sorry, you have reached the knowledge base request rate limit of your subscription.","status":403}

2026-05-26 16:14:24.257 | ERROR    | app.services.dify_sync_service:_create_document:124 | DifySync: 创建文档失败 book=48 status=403 body={"code":"forbidden","message":"Sorry, you have reached the knowledge base request rate limit of your subscription.","status":403}

2026-05-26 16:14:24.614 | ERROR    | app.services.dify_sync_service:_create_document:124 | DifySync: 创建文档失败 book=102 status=403 body={"code":"forbidden","message":"Sorry, you have reached the knowledge base request rate limit of your subscription.","status":403}

2026-05-26 16:14:24.980 | ERROR    | app.services.dify_sync_service:_create_document:124 | DifySync: 创建文档失败 book=75 status=403 body={"code":"forbidden","message":"Sorry, you have reached the knowledge base request rate limit of your subscription.","status":403}

2026-05-26 16:14:25.105 | ERROR    | app.services.dify_sync_service:_create_document:124 | DifySync: 创建文档失败 book=92 status=403 body={"code":"forbidden","message":"Sorry, you have reached the knowledge base request rate limit of your subscription.","status":403}

2026-05-26 16:14:25.162 | ERROR    | app.services.dify_sync_service:_create_document:124 | DifySync: 创建文档失败 book=76 status=403 body={"code":"forbidden","message":"Sorry, you have reached the knowledge base request rate limit of your subscription.","status":403}

2026-05-26 16:14:25.164 | ERROR    | app.services.dify_sync_service:_create_document:124 | DifySync: 创建文档失败 book=50 status=403 body={"code":"forbidden","message":"Sorry, you have reached the knowledge base request rate limit of your subscription.","status":403}

2026-05-26 16:14:25.383 | ERROR    | app.services.dify_sync_service:_create_document:124 | DifySync: 创建文档失败 book=49 status=403 body={"code":"forbidden","message":"Sorry, you have reached the knowledge base request rate limit of your subscription.","status":403}

2026-05-26 16:14:25.718 | ERROR    | app.services.dify_sync_service:_create_document:124 | DifySync: 创建文档失败 book=77 status=403 body={"code":"forbidden","message":"Sorry, you have reached the knowledge base request rate limit of your subscription.","status":403}

2026-05-26 16:14:25.939 | ERROR    | app.services.dify_sync_service:_create_document:124 | DifySync: 创建文档失败 book=93 status=403 body={"code":"forbidden","message":"Sorry, you have reached the knowledge base request rate limit of your subscription.","status":403}

2026-05-26 16:14:26.383 | ERROR    | app.services.dify_sync_service:_create_document:124 | DifySync: 创建文档失败 book=103 status=403 body={"code":"forbidden","message":"Sorry, you have reached the knowledge base request rate limit of your subscription.","status":403}

2026-05-26 16:14:27.004 | ERROR    | app.services.dify_sync_service:_create_document:124 | DifySync: 创建文档失败 book=53 status=403 body={"code":"forbidden","message":"Sorry, you have reached the knowledge base request rate limit of your subscription.","status":403}

2026-05-26 16:14:27.094 | ERROR    | app.services.dify_sync_service:_create_document:124 | DifySync: 创建文档失败 book=94 status=403 body={"code":"forbidden","message":"Sorry, you have reached the knowledge base request rate limit of your subscription.","status":403}

2026-05-26 16:14:27.662 | ERROR    | app.services.dify_sync_service:_create_document:124 | DifySync: 创建文档失败 book=95 status=403 body={"code":"forbidden","message":"Sorry, you have reached the knowledge base request rate limit of your subscription.","status":403}

2026-05-26 16:14:28.256 | ERROR    | app.services.dify_sync_service:_create_document:124 | DifySync: 创建文档失败 book=54 status=403 body={"code":"forbidden","message":"Sorry, you have reached the knowledge base request rate limit of your subscription.","status":403}

2026-05-26 16:14:28.279 | ERROR    | app.services.dify_sync_service:_create_document:124 | DifySync: 创建文档失败 book=104 status=403 body={"code":"forbidden","message":"Sorry, you have reached the knowledge base request rate limit of your subscription.","status":403}

2026-05-26 16:14:28.330 | ERROR    | app.services.dify_sync_service:_create_document:124 | DifySync: 创建文档失败 book=51 status=403 body={"code":"forbidden","message":"Sorry, you have reached the knowledge base request rate limit of your subscription.","status":403}

2026-05-26 16:14:28.332 | ERROR    | app.services.dify_sync_service:_create_document:124 | DifySync: 创建文档失败 book=79 status=403 body={"code":"forbidden","message":"Sorry, you have reached the knowledge base request rate limit of your subscription.","status":403}

2026-05-26 16:14:28.621 | ERROR    | app.services.dify_sync_service:_create_document:124 | DifySync: 创建文档失败 book=96 status=403 body={"code":"forbidden","message":"Sorry, you have reached the knowledge base request rate limit of your subscription.","status":403}

2026-05-26 16:14:28.635 | ERROR    | app.services.dify_sync_service:_create_document:124 | DifySync: 创建文档失败 book=78 status=403 body={"code":"forbidden","message":"Sorry, you have reached the knowledge base request rate limit of your subscription.","status":403}

2026-05-26 16:14:28.931 | ERROR    | app.services.dify_sync_service:_create_document:124 | DifySync: 创建文档失败 book=55 status=403 body={"code":"forbidden","message":"Sorry, you have reached the knowledge base request rate limit of your subscription.","status":403}

2026-05-26 16:14:29.163 | ERROR    | app.services.dify_sync_service:_create_document:124 | DifySync: 创建文档失败 book=105 status=403 body={"code":"forbidden","message":"Sorry, you have reached the knowledge base request rate limit of your subscription.","status":403}

2026-05-26 16:14:30.203 | ERROR    | app.services.dify_sync_service:_create_document:124 | DifySync: 创建文档失败 book=106 status=403 body={"code":"forbidden","message":"Sorry, you have reached the knowledge base request rate limit of your subscription.","status":403}

2026-05-26 16:14:30.572 | ERROR    | app.services.dify_sync_service:_create_document:124 | DifySync: 创建文档失败 book=80 status=403 body={"code":"forbidden","message":"Sorry, you have reached the knowledge base request rate limit of your subscription.","status":403}

2026-05-26 16:14:30.641 | ERROR    | app.services.dify_sync_service:_create_document:124 | DifySync: 创建文档失败 book=97 status=403 body={"code":"forbidden","message":"Sorry, you have reached the knowledge base request rate limit of your subscription.","status":403}

2026-05-26 16:14:31.244 | ERROR    | app.services.dify_sync_service:_create_document:124 | DifySync: 创建文档失败 book=56 status=403 body={"code":"forbidden","message":"Sorry, you have reached the knowledge base request rate limit of your subscription.","status":403}

2026-05-26 16:14:31.332 | ERROR    | app.services.dify_sync_service:_create_document:124 | DifySync: 创建文档失败 book=98 status=403 body={"code":"forbidden","message":"Sorry, you have reached the knowledge base request rate limit of your subscription.","status":403}

2026-05-26 16:14:31.716 | ERROR    | app.services.dify_sync_service:_create_document:124 | DifySync: 创建文档失败 book=57 status=403 body={"code":"forbidden","message":"Sorry, you have reached the knowledge base request rate limit of your subscription.","status":403}

2026-05-26 16:14:32.051 | ERROR    | app.services.dify_sync_service:_create_document:124 | DifySync: 创建文档失败 book=81 status=403 body={"code":"forbidden","message":"Sorry, you have reached the knowledge base request rate limit of your subscription.","status":403}

2026-05-26 16:14:32.483 | ERROR    | app.services.dify_sync_service:_create_document:124 | DifySync: 创建文档失败 book=99 status=403 body={"code":"forbidden","message":"Sorry, you have reached the knowledge base request rate limit of your subscription.","status":403}

2026-05-26 16:14:32.776 | ERROR    | app.services.dify_sync_service:_create_document:124 | DifySync: 创建文档失败 book=82 status=403 body={"code":"forbidden","message":"Sorry, you have reached the knowledge base request rate limit of your subscription.","status":403}

2026-05-26 16:14:33.423 | ERROR    | app.services.dify_sync_service:_create_document:124 | DifySync: 创建文档失败 book=61 status=403 body={"code":"forbidden","message":"Sorry, you have reached the knowledge base request rate limit of your subscription.","status":403}

2026-05-26 16:14:33.624 | ERROR    | app.services.dify_sync_service:_create_document:124 | DifySync: 创建文档失败 book=100 status=403 body={"code":"forbidden","message":"Sorry, you have reached the knowledge base request rate limit of your subscription.","status":403}

2026-05-26 16:14:33.627 | ERROR    | app.services.dify_sync_service:_create_document:124 | DifySync: 创建文档失败 book=83 status=403 body={"code":"forbidden","message":"Sorry, you have reached the knowledge base request rate limit of your subscription.","status":403}

2026-05-26 16:14:33.922 | ERROR    | app.services.dify_sync_service:_create_document:124 | DifySync: 创建文档失败 book=107 status=403 body={"code":"forbidden","message":"Sorry, you have reached the knowledge base request rate limit of your subscription.","status":403}

2026-05-26 16:14:34.497 | ERROR    | app.services.dify_sync_service:_create_document:124 | DifySync: 创建文档失败 book=101 status=403 body={"code":"forbidden","message":"Sorry, you have reached the knowledge base request rate limit of your subscription.","status":403}

2026-05-26 16:14:34.616 | ERROR    | app.services.dify_sync_service:_create_document:124 | DifySync: 创建文档失败 book=62 status=403 body={"code":"forbidden","message":"Sorry, you have reached the knowledge base request rate limit of your subscription.","status":403}

2026-05-26 16:14:34.683 | ERROR    | app.services.dify_sync_service:_create_document:124 | DifySync: 创建文档失败 book=84 status=403 body={"code":"forbidden","message":"Sorry, you have reached the knowledge base request rate limit of your subscription.","status":403}

2026-05-26 16:14:35.380 | ERROR    | app.services.dify_sync_service:_create_document:124 | DifySync: 创建文档失败 book=102 status=403 body={"code":"forbidden","message":"Sorry, you have reached the knowledge base request rate limit of your subscription.","status":403}

2026-05-26 16:14:35.634 | ERROR    | app.services.dify_sync_service:_create_document:124 | DifySync: 创建文档失败 book=63 status=403 body={"code":"forbidden","message":"Sorry, you have reached the knowledge base request rate limit of your subscription.","status":403}

2026-05-26 16:14:36.738 | ERROR    | app.services.dify_sync_service:_create_document:124 | DifySync: 创建文档失败 book=64 status=403 body={"code":"forbidden","message":"Sorry, you have reached the knowledge base request rate limit of your subscription.","status":403}

2026-05-26 16:14:36.773 | ERROR    | app.services.dify_sync_service:_create_document:124 | DifySync: 创建文档失败 book=85 status=403 body={"code":"forbidden","message":"Sorry, you have reached the knowledge base request rate limit of your subscription.","status":403}

2026-05-26 16:14:37.102 | ERROR    | app.services.dify_sync_service:_create_document:124 | DifySync: 创建文档失败 book=103 status=403 body={"code":"forbidden","message":"Sorry, you have reached the knowledge base request rate limit of your subscription.","status":403}

2026-05-26 16:14:38.459 | ERROR    | app.services.dify_sync_service:_create_document:124 | DifySync: 创建文档失败 book=87 status=403 body={"code":"forbidden","message":"Sorry, you have reached the knowledge base request rate limit of your subscription.","status":403}

2026-05-26 16:14:38.464 | ERROR    | app.services.dify_sync_service:_create_document:124 | DifySync: 创建文档失败 book=86 status=403 body={"code":"forbidden","message":"Sorry, you have reached the knowledge base request rate limit of your subscription.","status":403}

2026-05-26 16:14:39.103 | ERROR    | app.services.dify_sync_service:_create_document:124 | DifySync: 创建文档失败 book=104 status=403 body={"code":"forbidden","message":"Sorry, you have reached the knowledge base request rate limit of your subscription.","status":403}

2026-05-26 16:14:39.149 | ERROR    | app.services.dify_sync_service:_create_document:124 | DifySync: 创建文档失败 book=65 status=403 body={"code":"forbidden","message":"Sorry, you have reached the knowledge base request rate limit of your subscription.","status":403}

2026-05-26 16:14:40.242 | ERROR    | app.services.dify_sync_service:_create_document:124 | DifySync: 创建文档失败 book=89 status=403 body={"code":"forbidden","message":"Sorry, you have reached the knowledge base request rate limit of your subscription.","status":403}

2026-05-26 16:14:40.322 | ERROR    | app.services.dify_sync_service:_create_document:124 | DifySync: 创建文档失败 book=88 status=403 body={"code":"forbidden","message":"Sorry, you have reached the knowledge base request rate limit of your subscription.","status":403}

2026-05-26 16:14:40.329 | ERROR    | app.services.dify_sync_service:_create_document:124 | DifySync: 创建文档失败 book=105 status=403 body={"code":"forbidden","message":"Sorry, you have reached the knowledge base request rate limit of your subscription.","status":403}

2026-05-26 16:14:40.969 | ERROR    | app.services.dify_sync_service:_create_document:124 | DifySync: 创建文档失败 book=66 status=403 body={"code":"forbidden","message":"Sorry, you have reached the knowledge base request rate limit of your subscription.","status":403}

2026-05-26 16:14:41.971 | ERROR    | app.services.dify_sync_service:_create_document:124 | DifySync: 创建文档失败 book=90 status=403 body={"code":"forbidden","message":"Sorry, you have reached the knowledge base request rate limit of your subscription.","status":403}

2026-05-26 16:14:41.978 | ERROR    | app.services.dify_sync_service:_create_document:124 | DifySync: 创建文档失败 book=68 status=403 body={"code":"forbidden","message":"Sorry, you have reached the knowledge base request rate limit of your subscription.","status":403}

2026-05-26 16:14:42.195 | ERROR    | app.services.dify_sync_service:_create_document:124 | DifySync: 创建文档失败 book=107 status=403 body={"code":"forbidden","message":"Sorry, you have reached the knowledge base request rate limit of your subscription.","status":403}

2026-05-26 16:14:42.253 | ERROR    | app.services.dify_sync_service:_create_document:124 | DifySync: 创建文档失败 book=67 status=403 body={"code":"forbidden","message":"Sorry, you have reached the knowledge base request rate limit of your subscription.","status":403}

2026-05-26 16:14:42.662 | ERROR    | app.services.dify_sync_service:_create_document:124 | DifySync: 创建文档失败 book=106 status=403 body={"code":"forbidden","message":"Sorry, you have reached the knowledge base request rate limit of your subscription.","status":403}

2026-05-26 16:14:43.057 | ERROR    | app.services.dify_sync_service:_create_document:124 | DifySync: 创建文档失败 book=91 status=403 body={"code":"forbidden","message":"Sorry, you have reached the knowledge base request rate limit of your subscription.","status":403}

2026-05-26 16:14:43.752 | ERROR    | app.services.dify_sync_service:_create_document:124 | DifySync: 创建文档失败 book=70 status=403 body={"code":"forbidden","message":"Sorry, you have reached the knowledge base request rate limit of your subscription.","status":403}

2026-05-26 16:14:43.771 | ERROR    | app.services.dify_sync_service:_create_document:124 | DifySync: 创建文档失败 book=69 status=403 body={"code":"forbidden","message":"Sorry, you have reached the knowledge base request rate limit of your subscription.","status":403}

2026-05-26 16:14:43.778 | ERROR    | app.services.dify_sync_service:_create_document:124 | DifySync: 创建文档失败 book=92 status=403 body={"code":"forbidden","message":"Sorry, you have reached the knowledge base request rate limit of your subscription.","status":403}

2026-05-26 16:14:45.146 | ERROR    | app.services.dify_sync_service:_create_document:124 | DifySync: 创建文档失败 book=71 status=403 body={"code":"forbidden","message":"Sorry, you have reached the knowledge base request rate limit of your subscription.","status":403}

2026-05-26 16:14:45.578 | ERROR    | app.services.dify_sync_service:_create_document:124 | DifySync: 创建文档失败 book=72 status=403 body={"code":"forbidden","message":"Sorry, you have reached the knowledge base request rate limit of your subscription.","status":403}

2026-05-26 16:14:45.702 | ERROR    | app.services.dify_sync_service:_create_document:124 | DifySync: 创建文档失败 book=93 status=403 body={"code":"forbidden","message":"Sorry, you have reached the knowledge base request rate limit of your subscription.","status":403}

2026-05-26 16:14:47.903 | ERROR    | app.services.dify_sync_service:_create_document:124 | DifySync: 创建文档失败 book=95 status=403 body={"code":"forbidden","message":"Sorry, you have reached the knowledge base request rate limit of your subscription.","status":403}

2026-05-26 16:14:47.914 | ERROR    | app.services.dify_sync_service:_create_document:124 | DifySync: 创建文档失败 book=74 status=403 body={"code":"forbidden","message":"Sorry, you have reached the knowledge base request rate limit of your subscription.","status":403}

2026-05-26 16:14:47.924 | ERROR    | app.services.dify_sync_service:_create_document:124 | DifySync: 创建文档失败 book=73 status=403 body={"code":"forbidden","message":"Sorry, you have reached the knowledge base request rate limit of your subscription.","status":403}

2026-05-26 16:14:47.983 | ERROR    | app.services.dify_sync_service:_create_document:124 | DifySync: 创建文档失败 book=94 status=403 body={"code":"forbidden","message":"Sorry, you have reached the knowledge base request rate limit of your subscription.","status":403}

2026-05-26 16:14:48.901 | ERROR    | app.services.dify_sync_service:_create_document:124 | DifySync: 创建文档失败 book=96 status=403 body={"code":"forbidden","message":"Sorry, you have reached the knowledge base request rate limit of your subscription.","status":403}

2026-05-26 16:14:49.433 | ERROR    | app.services.dify_sync_service:_create_document:124 | DifySync: 创建文档失败 book=75 status=403 body={"code":"forbidden","message":"Sorry, you have reached the knowledge base request rate limit of your subscription.","status":403}

2026-05-26 16:14:50.535 | ERROR    | app.services.dify_sync_service:_create_document:124 | DifySync: 创建文档失败 book=76 status=403 body={"code":"forbidden","message":"Sorry, you have reached the knowledge base request rate limit of your subscription.","status":403}

2026-05-26 16:14:50.995 | ERROR    | app.services.dify_sync_service:_create_document:124 | DifySync: 创建文档失败 book=98 status=403 body={"code":"forbidden","message":"Sorry, you have reached the knowledge base request rate limit of your subscription.","status":403}

2026-05-26 16:14:51.195 | ERROR    | app.services.dify_sync_service:_create_document:124 | DifySync: 创建文档失败 book=97 status=403 body={"code":"forbidden","message":"Sorry, you have reached the knowledge base request rate limit of your subscription.","status":403}

2026-05-26 16:14:51.940 | ERROR    | app.services.dify_sync_service:_create_document:124 | DifySync: 创建文档失败 book=99 status=403 body={"code":"forbidden","message":"Sorry, you have reached the knowledge base request rate limit of your subscription.","status":403}

2026-05-26 16:14:52.976 | ERROR    | app.services.dify_sync_service:_create_document:124 | DifySync: 创建文档失败 book=100 status=403 body={"code":"forbidden","message":"Sorry, you have reached the knowledge base request rate limit of your subscription.","status":403}

2026-05-26 16:14:53.117 | ERROR    | app.services.dify_sync_service:_create_document:124 | DifySync: 创建文档失败 book=77 status=403 body={"code":"forbidden","message":"Sorry, you have reached the knowledge base request rate limit of your subscription.","status":403}

2026-05-26 16:14:53.980 | ERROR    | app.services.dify_sync_service:_create_document:124 | DifySync: 创建文档失败 book=78 status=403 body={"code":"forbidden","message":"Sorry, you have reached the knowledge base request rate limit of your subscription.","status":403}

2026-05-26 16:14:54.425 | ERROR    | app.services.dify_sync_service:_create_document:124 | DifySync: 创建文档失败 book=79 status=403 body={"code":"forbidden","message":"Sorry, you have reached the knowledge base request rate limit of your subscription.","status":403}

2026-05-26 16:14:54.749 | ERROR    | app.services.dify_sync_service:_create_document:124 | DifySync: 创建文档失败 book=101 status=403 body={"code":"forbidden","message":"Sorry, you have reached the knowledge base request rate limit of your subscription.","status":403}

2026-05-26 16:14:54.883 | ERROR    | app.services.dify_sync_service:_create_document:124 | DifySync: 创建文档失败 book=102 status=403 body={"code":"forbidden","message":"Sorry, you have reached the knowledge base request rate limit of your subscription.","status":403}

2026-05-26 16:14:56.014 | ERROR    | app.services.dify_sync_service:_create_document:124 | DifySync: 创建文档失败 book=103 status=403 body={"code":"forbidden","message":"Sorry, you have reached the knowledge base request rate limit of your subscription.","status":403}

2026-05-26 16:14:57.704 | ERROR    | app.services.dify_sync_service:_create_document:124 | DifySync: 创建文档失败 book=104 status=403 body={"code":"forbidden","message":"Sorry, you have reached the knowledge base request rate limit of your subscription.","status":403}

2026-05-26 16:14:58.916 | ERROR    | app.services.dify_sync_service:_create_document:124 | DifySync: 创建文档失败 book=105 status=403 body={"code":"forbidden","message":"Sorry, you have reached the knowledge base request rate limit of your subscription.","status":403}

2026-05-26 16:14:59.855 | ERROR    | app.services.dify_sync_service:_create_document:124 | DifySync: 创建文档失败 book=106 status=403 body={"code":"forbidden","message":"Sorry, you have reached the knowledge base request rate limit of your subscription.","status":403}

2026-05-26 16:15:01.019 | ERROR    | app.services.dify_sync_service:_create_document:124 | DifySync: 创建文档失败 book=80 status=403 body={"code":"forbidden","message":"Sorry, you have reached the knowledge base request rate limit of your subscription.","status":403}

2026-05-26 16:15:01.462 | ERROR    | app.services.dify_sync_service:_create_document:124 | DifySync: 创建文档失败 book=107 status=403 body={"code":"forbidden","message":"Sorry, you have reached the knowledge base request rate limit of your subscription.","status":403}

2026-05-26 16:15:01.694 | ERROR    | app.services.dify_sync_service:_create_document:124 | DifySync: 创建文档失败 book=81 status=403 body={"code":"forbidden","message":"Sorry, you have reached the knowledge base request rate limit of your subscription.","status":403}

2026-05-26 16:15:03.833 | ERROR    | app.services.dify_sync_service:_create_document:124 | DifySync: 创建文档失败 book=82 status=403 body={"code":"forbidden","message":"Sorry, you have reached the knowledge base request rate limit of your subscription.","status":403}

2026-05-26 16:15:05.838 | ERROR    | app.services.dify_sync_service:_create_document:124 | DifySync: 创建文档失败 book=83 status=403 body={"code":"forbidden","message":"Sorry, you have reached the knowledge base request rate limit of your subscription.","status":403}

2026-05-26 16:15:06.725 | ERROR    | app.services.dify_sync_service:_create_document:124 | DifySync: 创建文档失败 book=84 status=403 body={"code":"forbidden","message":"Sorry, you have reached the knowledge base request rate limit of your subscription.","status":403}

2026-05-26 16:15:07.650 | ERROR    | app.services.dify_sync_service:_create_document:124 | DifySync: 创建文档失败 book=85 status=403 body={"code":"forbidden","message":"Sorry, you have reached the knowledge base request rate limit of your subscription.","status":403}

2026-05-26 16:15:10.046 | ERROR    | app.services.dify_sync_service:_create_document:124 | DifySync: 创建文档失败 book=86 status=403 body={"code":"forbidden","message":"Sorry, you have reached the knowledge base request rate limit of your subscription.","status":403}

2026-05-26 16:15:11.843 | ERROR    | app.services.dify_sync_service:_create_document:124 | DifySync: 创建文档失败 book=88 status=403 body={"code":"forbidden","message":"Sorry, you have reached the knowledge base request rate limit of your subscription.","status":403}

2026-05-26 16:15:11.950 | ERROR    | app.services.dify_sync_service:_create_document:124 | DifySync: 创建文档失败 book=87 status=403 body={"code":"forbidden","message":"Sorry, you have reached the knowledge base request rate limit of your subscription.","status":403}

2026-05-26 16:15:12.657 | ERROR    | app.services.dify_sync_service:_create_document:124 | DifySync: 创建文档失败 book=89 status=403 body={"code":"forbidden","message":"Sorry, you have reached the knowledge base request rate limit of your subscription.","status":403}

2026-05-26 16:15:13.961 | ERROR    | app.services.dify_sync_service:_create_document:124 | DifySync: 创建文档失败 book=90 status=403 body={"code":"forbidden","message":"Sorry, you have reached the knowledge base request rate limit of your subscription.","status":403}

2026-05-26 16:15:15.551 | ERROR    | app.services.dify_sync_service:_create_document:124 | DifySync: 创建文档失败 book=92 status=403 body={"code":"forbidden","message":"Sorry, you have reached the knowledge base request rate limit of your subscription.","status":403}

2026-05-26 16:15:16.010 | ERROR    | app.services.dify_sync_service:_create_document:124 | DifySync: 创建文档失败 book=91 status=403 body={"code":"forbidden","message":"Sorry, you have reached the knowledge base request rate limit of your subscription.","status":403}

2026-05-26 16:15:16.968 | ERROR    | app.services.dify_sync_service:_create_document:124 | DifySync: 创建文档失败 book=93 status=403 body={"code":"forbidden","message":"Sorry, you have reached the knowledge base request rate limit of your subscription.","status":403}

2026-05-26 16:15:18.251 | ERROR    | app.services.dify_sync_service:_create_document:124 | DifySync: 创建文档失败 book=95 status=403 body={"code":"forbidden","message":"Sorry, you have reached the knowledge base request rate limit of your subscription.","status":403}

2026-05-26 16:15:19.037 | ERROR    | app.services.dify_sync_service:_create_document:124 | DifySync: 创建文档失败 book=94 status=403 body={"code":"forbidden","message":"Sorry, you have reached the knowledge base request rate limit of your subscription.","status":403}

2026-05-26 16:15:19.372 | ERROR    | app.services.dify_sync_service:_create_document:124 | DifySync: 创建文档失败 book=96 status=403 body={"code":"forbidden","message":"Sorry, you have reached the knowledge base request rate limit of your subscription.","status":403}

2026-05-26 16:15:20.109 | ERROR    | app.services.dify_sync_service:_create_document:124 | DifySync: 创建文档失败 book=97 status=403 body={"code":"forbidden","message":"Sorry, you have reached the knowledge base request rate limit of your subscription.","status":403}

2026-05-26 16:15:21.754 | ERROR    | app.services.dify_sync_service:_create_document:124 | DifySync: 创建文档失败 book=98 status=403 body={"code":"forbidden","message":"Sorry, you have reached the knowledge base request rate limit of your subscription.","status":403}

2026-05-26 16:15:23.307 | ERROR    | app.services.dify_sync_service:_create_document:124 | DifySync: 创建文档失败 book=99 status=403 body={"code":"forbidden","message":"Sorry, you have reached the knowledge base request rate limit of your subscription.","status":403}

2026-05-26 16:15:24.015 | ERROR    | app.services.dify_sync_service:_create_document:124 | DifySync: 创建文档失败 book=100 status=403 body={"code":"forbidden","message":"Sorry, you have reached the knowledge base request rate limit of your subscription.","status":403}

2026-05-26 16:15:24.729 | ERROR    | app.services.dify_sync_service:_create_document:124 | DifySync: 创建文档失败 book=101 status=403 body={"code":"forbidden","message":"Sorry, you have reached the knowledge base request rate limit of your subscription.","status":403}

2026-05-26 16:15:25.505 | ERROR    | app.services.dify_sync_service:_create_document:124 | DifySync: 创建文档失败 book=102 status=403 body={"code":"forbidden","message":"Sorry, you have reached the knowledge base request rate limit of your subscription.","status":403}

2026-05-26 16:15:27.448 | ERROR    | app.services.dify_sync_service:_create_document:124 | DifySync: 创建文档失败 book=103 status=403 body={"code":"forbidden","message":"Sorry, you have reached the knowledge base request rate limit of your subscription.","status":403}

2026-05-26 16:15:29.170 | ERROR    | app.services.dify_sync_service:_create_document:124 | DifySync: 创建文档失败 book=104 status=403 body={"code":"forbidden","message":"Sorry, you have reached the knowledge base request rate limit of your subscription.","status":403}

2026-05-26 16:15:29.996 | ERROR    | app.services.dify_sync_service:_create_document:124 | DifySync: 创建文档失败 book=105 status=403 body={"code":"forbidden","message":"Sorry, you have reached the knowledge base request rate limit of your subscription.","status":403}

2026-05-26 16:15:31.293 | ERROR    | app.services.dify_sync_service:_create_document:124 | DifySync: 创建文档失败 book=106 status=403 body={"code":"forbidden","message":"Sorry, you have reached the knowledge base request rate limit of your subscription.","status":403}

2026-05-26 16:15:35.937 | ERROR    | app.services.dify_sync_service:_create_document:124 | DifySync: 创建文档失败 book=107 status=403 body={"code":"forbidden","message":"Sorry, you have reached the knowledge base request rate limit of your subscription.","status":403}

2026-05-26 16:26:42.539 | ERROR    | app.services.backup_service:sync_to_webdav:703 | WebDAV 同步异常 [backup_20260526_162640.backup]: All connection attempts failed
2026-05-26 16:38:08.208 | ERROR    | app.services.backup_service:sync_to_webdav:703 | WebDAV 同步异常 [backup_20260526_163805.backup]: All connection attempts failed
2026-05-26 21:29:08.117 | ERROR    | app.services.backup_service:sync_to_webdav:703 | WebDAV 同步异常 [backup_20260526_212905.backup]: All connection attempts failed
2026-05-27 00:16:51.003 | ERROR    | app.services.backup_service:sync_to_webdav:703 | WebDAV 同步异常 [backup_20260527_001648.backup]: All connection attempts failed
2026-05-27 00:36:42.962 | ERROR    | app.services.backup_service:sync_to_webdav:703 | WebDAV 同步异常 [backup_20260527_003640.backup]: All connection attempts failed
2026-05-27 08:39:16.034 | ERROR    | app.services.backup_service:sync_to_webdav:703 | WebDAV 同步异常 [backup_20260527_083913.backup]: All connection attempts failed
2026-05-27 09:02:53.136 | ERROR    | app.services.backup_service:sync_to_webdav:703 | WebDAV 同步异常 [backup_20260527_090250.backup]: All connection attempts failed
2026-05-27 11:23:30.224 | ERROR    | app.services.backup_service:sync_to_webdav:703 | WebDAV 同步异常 [backup_20260527_112328.backup]: All connection attempts failed
2026-05-27 12:12:21.528 | ERROR    | app.services.backup_service:sync_to_webdav:703 | WebDAV 同步异常 [backup_20260527_121219.backup]: All connection attempts failed
2026-05-27 13:11:02.311 | ERROR    | app.services.backup_service:sync_to_webdav:703 | WebDAV 同步异常 [backup_20260527_131059.backup]: All connection attempts failed
2026-05-27 13:52:33.354 | ERROR    | app.services.backup_service:sync_to_webdav:703 | WebDAV 同步异常 [backup_20260527_135231.backup]: All connection attempts failed
2026-05-27 14:10:03.872 | ERROR    | app.services.backup_service:sync_to_webdav:721 | WebDAV 同步异常 [backup_20260527_141001.backup]: All connection attempts failed
2026-05-27 15:41:45.088 | ERROR    | app.services.backup_service:sync_to_webdav:721 | WebDAV 同步异常 [backup_20260527_154142.backup]: All connection attempts failed
2026-05-27 16:23:39.310 | ERROR    | app.services.backup_service:sync_to_webdav:721 | WebDAV 同步异常 [backup_20260527_162336.backup]: All connection attempts failed
2026-05-27 16:29:48.723 | ERROR    | app.services.backup_service:sync_to_webdav:721 | WebDAV 同步异常 [backup_20260527_162946.backup]: All connection attempts failed
2026-05-27 17:24:57.991 | ERROR    | app.services.backup_service:sync_to_webdav:721 | WebDAV 同步异常 [backup_20260527_172455.backup]: All connection attempts failed
2026-05-27 18:44:46.001 | ERROR    | app.services.backup_service:sync_to_webdav:721 | WebDAV 同步异常 [backup_20260527_184443.backup]: All connection attempts failed
2026-05-27 19:47:24.410 | ERROR    | app.services.backup_service:sync_to_webdav:721 | WebDAV 同步异常 [backup_20260527_194720.backup]: All connection attempts failed
2026-05-27 19:57:45.839 | ERROR    | app.services.backup_service:sync_to_webdav:721 | WebDAV 同步异常 [backup_20260527_195743.backup]: All connection attempts failed
2026-05-28 12:12:50.338 | ERROR    | app.services.backup_service:sync_to_webdav:721 | WebDAV 同步异常 [backup_20260528_121248.backup]: All connection attempts failed
2026-05-28 12:22:19.437 | ERROR    | app.services.backup_service:sync_to_webdav:721 | WebDAV 同步异常 [backup_20260528_122217.backup]: All connection attempts failed
2026-05-28 12:29:07.646 | ERROR    | app.services.backup_service:sync_to_webdav:721 | WebDAV 同步异常 [backup_20260528_122905.backup]: All connection attempts failed
2026-05-28 12:34:37.484 | ERROR    | app.services.backup_service:sync_to_webdav:721 | WebDAV 同步异常 [backup_20260528_123435.backup]: All connection attempts failed
2026-05-28 12:43:09.135 | ERROR    | app.services.backup_service:sync_to_webdav:721 | WebDAV 同步异常 [backup_20260528_124306.backup]: All connection attempts failed
2026-05-28 13:08:05.766 | ERROR    | app.services.backup_service:sync_to_webdav:721 | WebDAV 同步异常 [backup_20260528_130803.backup]: All connection attempts failed
2026-05-28 13:16:32.286 | ERROR    | app.services.backup_service:sync_to_webdav:721 | WebDAV 同步异常 [backup_20260528_131629.backup]: All connection attempts failed
