2026-04-30 22:59:05.412 | INFO     | app.main:setup_logging:119 | 📝 日志系统已初始化
2026-04-30 22:59:05.413 | INFO     | app.main:setup_logging:120 |    控制台级别: INFO
2026-04-30 22:59:05.413 | INFO     | app.main:setup_logging:121 |    文件输出: ./logs/app.log
2026-04-30 22:59:05.414 | INFO     | app.main:setup_logging:122 |    错误日志: logs\app.error.log
2026-04-30 22:59:05.414 | INFO     | app.main:setup_logging:123 |    轮转大小: 10 MB
2026-04-30 22:59:05.415 | INFO     | app.main:setup_logging:124 |    保留时间: 7 days
2026-04-30 22:59:05.415 | INFO     | app.main:lifespan:152 | ============================================================
2026-04-30 22:59:05.416 | INFO     | app.main:lifespan:153 | 🚀 书房管理系统 v2.0.0 启动中...
2026-04-30 22:59:05.416 | INFO     | app.main:lifespan:154 | ============================================================
2026-04-30 22:59:05.426 | INFO     | app.main:lifespan:162 | [Startup] ✅ 数据库表初始化完成
2026-04-30 22:59:05.513 | INFO     | app.main:lifespan:173 | [Startup] ✅ 种子数据初始化完成
2026-04-30 22:59:05.513 | INFO     | app.main:lifespan:177 | [Startup] ✅ 启动成功
2026-04-30 22:59:05.514 | INFO     | app.main:lifespan:178 | [Startup]    API: http://0.0.0.0:8000
2026-04-30 22:59:05.514 | INFO     | app.main:lifespan:179 | [Startup]    文档: http://0.0.0.0:8000/docs
2026-04-30 22:59:05.514 | INFO     | app.main:lifespan:180 | [Startup]    健康: http://0.0.0.0:8000/health
2026-04-30 22:59:05.515 | INFO     | app.main:lifespan:181 | ============================================================
2026-04-30 23:04:24.006 | INFO     | app.main:lifespan:186 | ============================================================
2026-04-30 23:04:24.007 | INFO     | app.main:lifespan:187 | 🛑 书房管理系统 正在关闭...
2026-04-30 23:04:24.008 | INFO     | app.main:lifespan:188 | ============================================================
2026-04-30 23:04:24.009 | INFO     | app.main:lifespan:191 | [Shutdown] ✅ 数据库连接已安全关闭
2026-04-30 23:04:24.009 | INFO     | app.main:lifespan:192 | ============================================================
2026-04-30 23:04:35.707 | INFO     | app.main:setup_logging:119 | 📝 日志系统已初始化
2026-04-30 23:04:35.708 | INFO     | app.main:setup_logging:120 |    控制台级别: INFO
2026-04-30 23:04:35.709 | INFO     | app.main:setup_logging:121 |    文件输出: ./logs/app.log
2026-04-30 23:04:35.709 | INFO     | app.main:setup_logging:122 |    错误日志: logs\app.error.log
2026-04-30 23:04:35.709 | INFO     | app.main:setup_logging:123 |    轮转大小: 10 MB
2026-04-30 23:04:35.710 | INFO     | app.main:setup_logging:124 |    保留时间: 7 days
2026-04-30 23:04:35.710 | INFO     | app.main:lifespan:152 | ============================================================
2026-04-30 23:04:35.711 | INFO     | app.main:lifespan:153 | 🚀 书房管理系统 v2.0.0 启动中...
2026-04-30 23:04:35.711 | INFO     | app.main:lifespan:154 | ============================================================
2026-04-30 23:04:35.724 | INFO     | app.main:lifespan:162 | [Startup] ✅ 数据库表初始化完成
2026-04-30 23:04:35.807 | INFO     | app.main:lifespan:173 | [Startup] ✅ 种子数据初始化完成
2026-04-30 23:04:35.807 | INFO     | app.main:lifespan:177 | [Startup] ✅ 启动成功
2026-04-30 23:04:35.808 | INFO     | app.main:lifespan:178 | [Startup]    API: http://0.0.0.0:8000
2026-04-30 23:04:35.809 | INFO     | app.main:lifespan:179 | [Startup]    文档: http://0.0.0.0:8000/docs
2026-04-30 23:04:35.809 | INFO     | app.main:lifespan:180 | [Startup]    健康: http://0.0.0.0:8000/health
2026-04-30 23:04:35.810 | INFO     | app.main:lifespan:181 | ============================================================
2026-04-30 23:06:16.677 | INFO     | app.main:lifespan:186 | ============================================================
2026-04-30 23:06:16.678 | INFO     | app.main:lifespan:187 | 🛑 书房管理系统 正在关闭...
2026-04-30 23:06:16.678 | INFO     | app.main:lifespan:188 | ============================================================
2026-04-30 23:06:16.683 | INFO     | app.main:lifespan:191 | [Shutdown] ✅ 数据库连接已安全关闭
2026-04-30 23:06:16.684 | INFO     | app.main:lifespan:192 | ============================================================
2026-04-30 23:06:21.162 | INFO     | app.main:setup_logging:119 | 📝 日志系统已初始化
2026-04-30 23:06:21.163 | INFO     | app.main:setup_logging:120 |    控制台级别: INFO
2026-04-30 23:06:21.163 | INFO     | app.main:setup_logging:121 |    文件输出: ./logs/app.log
2026-04-30 23:06:21.164 | INFO     | app.main:setup_logging:122 |    错误日志: logs\app.error.log
2026-04-30 23:06:21.164 | INFO     | app.main:setup_logging:123 |    轮转大小: 10 MB
2026-04-30 23:06:21.165 | INFO     | app.main:setup_logging:124 |    保留时间: 7 days
2026-04-30 23:06:21.165 | INFO     | app.main:lifespan:152 | ============================================================
2026-04-30 23:06:21.165 | INFO     | app.main:lifespan:153 | 🚀 书房管理系统 v2.0.0 启动中...
2026-04-30 23:06:21.166 | INFO     | app.main:lifespan:154 | ============================================================
2026-04-30 23:06:21.175 | INFO     | app.main:lifespan:162 | [Startup] ✅ 数据库表初始化完成
2026-04-30 23:06:21.250 | INFO     | app.main:lifespan:173 | [Startup] ✅ 种子数据初始化完成
2026-04-30 23:06:21.251 | INFO     | app.main:lifespan:177 | [Startup] ✅ 启动成功
2026-04-30 23:06:21.251 | INFO     | app.main:lifespan:178 | [Startup]    API: http://0.0.0.0:8000
2026-04-30 23:06:21.252 | INFO     | app.main:lifespan:179 | [Startup]    文档: http://0.0.0.0:8000/docs
2026-04-30 23:06:21.252 | INFO     | app.main:lifespan:180 | [Startup]    健康: http://0.0.0.0:8000/health
2026-04-30 23:06:21.253 | INFO     | app.main:lifespan:181 | ============================================================
2026-04-30 23:06:50.425 | INFO     | app.main:lifespan:186 | ============================================================
2026-04-30 23:06:50.426 | INFO     | app.main:lifespan:187 | 🛑 书房管理系统 正在关闭...
2026-04-30 23:06:50.426 | INFO     | app.main:lifespan:188 | ============================================================
2026-04-30 23:06:50.431 | INFO     | app.main:lifespan:191 | [Shutdown] ✅ 数据库连接已安全关闭
2026-04-30 23:06:50.431 | INFO     | app.main:lifespan:192 | ============================================================
2026-04-30 23:06:55.143 | INFO     | app.main:setup_logging:76 | 日志系统已初始化 | 文件: ./logs/app.log | 错误: logs\app.error.log
2026-04-30 23:06:55.144 | INFO     | app.main:lifespan:82 | ============================================================
2026-04-30 23:06:55.144 | INFO     | app.main:lifespan:83 | 🚀 书房管理系统 v2.0.0 启动中...
2026-04-30 23:06:55.145 | INFO     | app.main:lifespan:84 | ============================================================
2026-04-30 23:06:55.154 | INFO     | app.main:lifespan:90 | [Startup] ✅ 数据库表初始化完成
2026-04-30 23:06:55.233 | INFO     | app.main:lifespan:99 | [Startup] ✅ 种子数据初始化完成
2026-04-30 23:06:55.234 | INFO     | app.main:lifespan:103 | [Startup] ✅ http://0.0.0.0:8000 | /docs | /health
2026-04-30 23:06:55.234 | INFO     | app.main:lifespan:104 | ============================================================
2026-04-30 23:07:12.775 | INFO     | app.main:lifespan:106 | ============================================================
2026-04-30 23:07:12.776 | INFO     | app.main:lifespan:107 | 🛑 书房管理系统 正在关闭...
2026-04-30 23:07:12.776 | INFO     | app.main:lifespan:108 | ============================================================
2026-04-30 23:07:12.779 | INFO     | app.main:lifespan:110 | [Shutdown] ✅ 已安全关闭
2026-04-30 23:07:12.779 | INFO     | app.main:lifespan:111 | ============================================================
2026-04-30 23:07:19.136 | INFO     | app.main:setup_logging:76 | 日志系统已初始化 | 文件: ./logs/app.log | 错误: logs\app.error.log
2026-04-30 23:07:19.136 | INFO     | app.main:lifespan:82 | ============================================================
2026-04-30 23:07:19.137 | INFO     | app.main:lifespan:83 | 🚀 书房管理系统 v2.0.0 启动中...
2026-04-30 23:07:19.137 | INFO     | app.main:lifespan:84 | ============================================================
2026-04-30 23:07:19.146 | INFO     | app.main:lifespan:90 | [Startup] ✅ 数据库表初始化完成
2026-04-30 23:07:19.225 | INFO     | app.main:lifespan:99 | [Startup] ✅ 种子数据初始化完成
2026-04-30 23:07:19.226 | INFO     | app.main:lifespan:103 | [Startup] ✅ http://0.0.0.0:8000 | /docs | /health
2026-04-30 23:07:19.226 | INFO     | app.main:lifespan:104 | ============================================================
2026-04-30 23:35:23.611 | INFO     | app.main:lifespan:106 | ============================================================
2026-04-30 23:35:23.613 | INFO     | app.main:lifespan:107 | 🛑 书房管理系统 正在关闭...
2026-04-30 23:35:23.615 | INFO     | app.main:lifespan:108 | ============================================================
2026-04-30 23:35:23.634 | INFO     | app.main:lifespan:110 | [Shutdown] ✅ 已安全关闭
2026-04-30 23:35:23.635 | INFO     | app.main:lifespan:111 | ============================================================
2026-04-30 23:35:30.266 | INFO     | app.main:setup_logging:76 | 日志系统已初始化 | 文件: ./logs/app.log | 错误: logs\app.error.log
2026-04-30 23:35:30.266 | INFO     | app.main:lifespan:82 | ============================================================
2026-04-30 23:35:30.267 | INFO     | app.main:lifespan:83 | 🚀 书房管理系统 v2.0.0 启动中...
2026-04-30 23:35:30.267 | INFO     | app.main:lifespan:84 | ============================================================
2026-04-30 23:35:30.281 | INFO     | app.main:lifespan:90 | [Startup] ✅ 数据库表初始化完成
2026-04-30 23:35:30.372 | INFO     | app.main:lifespan:99 | [Startup] ✅ 种子数据初始化完成
2026-04-30 23:35:30.372 | INFO     | app.main:lifespan:103 | [Startup] ✅ http://0.0.0.0:8000 | /docs | /health
2026-04-30 23:35:30.373 | INFO     | app.main:lifespan:104 | ============================================================
2026-04-30 23:36:10.957 | INFO     | app.main:lifespan:106 | ============================================================
2026-04-30 23:36:10.958 | INFO     | app.main:lifespan:107 | 🛑 书房管理系统 正在关闭...
2026-04-30 23:36:10.958 | INFO     | app.main:lifespan:108 | ============================================================
2026-04-30 23:36:10.963 | INFO     | app.main:lifespan:110 | [Shutdown] ✅ 已安全关闭
2026-04-30 23:36:10.963 | INFO     | app.main:lifespan:111 | ============================================================
2026-04-30 23:36:16.273 | INFO     | app.main:setup_logging:76 | 日志系统已初始化 | 文件: ./logs/app.log | 错误: logs\app.error.log
2026-04-30 23:36:16.274 | INFO     | app.main:lifespan:82 | ============================================================
2026-04-30 23:36:16.274 | INFO     | app.main:lifespan:83 | 🚀 书房管理系统 v2.0.0 启动中...
2026-04-30 23:36:16.274 | INFO     | app.main:lifespan:84 | ============================================================
2026-04-30 23:36:16.285 | INFO     | app.main:lifespan:90 | [Startup] ✅ 数据库表初始化完成
2026-04-30 23:36:16.366 | INFO     | app.main:lifespan:99 | [Startup] ✅ 种子数据初始化完成
2026-04-30 23:36:16.366 | INFO     | app.main:lifespan:103 | [Startup] ✅ http://0.0.0.0:8000 | /docs | /health
2026-04-30 23:36:16.367 | INFO     | app.main:lifespan:104 | ============================================================
2026-04-30 23:36:33.801 | INFO     | app.main:lifespan:106 | ============================================================
2026-04-30 23:36:33.801 | INFO     | app.main:lifespan:107 | 🛑 书房管理系统 正在关闭...
2026-04-30 23:36:33.802 | INFO     | app.main:lifespan:108 | ============================================================
2026-04-30 23:36:33.808 | INFO     | app.main:lifespan:110 | [Shutdown] ✅ 已安全关闭
2026-04-30 23:36:33.809 | INFO     | app.main:lifespan:111 | ============================================================
2026-04-30 23:36:39.475 | INFO     | app.main:setup_logging:77 | 日志系统已初始化 | 文件: ./logs/app.log | 错误: logs\app.error.log
2026-04-30 23:36:39.476 | INFO     | app.main:lifespan:83 | ============================================================
2026-04-30 23:36:39.477 | INFO     | app.main:lifespan:84 | 🚀 书房管理系统 v2.0.0 启动中...
2026-04-30 23:36:39.477 | INFO     | app.main:lifespan:85 | ============================================================
2026-04-30 23:36:39.488 | INFO     | app.main:lifespan:91 | [Startup] ✅ 数据库表初始化完成
2026-04-30 23:36:39.580 | INFO     | app.main:lifespan:100 | [Startup] ✅ 种子数据初始化完成
2026-04-30 23:36:39.580 | INFO     | app.main:lifespan:104 | [Startup] ✅ http://0.0.0.0:8000 | /docs | /health
2026-04-30 23:36:39.581 | INFO     | app.main:lifespan:105 | ============================================================
2026-04-30 23:36:54.207 | INFO     | app.main:lifespan:107 | ============================================================
2026-04-30 23:36:54.208 | INFO     | app.main:lifespan:108 | 🛑 书房管理系统 正在关闭...
2026-04-30 23:36:54.209 | INFO     | app.main:lifespan:109 | ============================================================
2026-04-30 23:36:54.215 | INFO     | app.main:lifespan:111 | [Shutdown] ✅ 已安全关闭
2026-04-30 23:36:54.217 | INFO     | app.main:lifespan:112 | ============================================================
2026-04-30 23:37:00.733 | INFO     | app.main:setup_logging:77 | 日志系统已初始化 | 文件: ./logs/app.log | 错误: logs\app.error.log
2026-04-30 23:37:00.734 | INFO     | app.main:lifespan:83 | ============================================================
2026-04-30 23:37:00.734 | INFO     | app.main:lifespan:84 | 🚀 书房管理系统 v2.0.0 启动中...
2026-04-30 23:37:00.735 | INFO     | app.main:lifespan:85 | ============================================================
2026-04-30 23:37:00.746 | INFO     | app.main:lifespan:91 | [Startup] ✅ 数据库表初始化完成
2026-04-30 23:37:00.908 | INFO     | app.main:lifespan:100 | [Startup] ✅ 种子数据初始化完成
2026-04-30 23:37:00.909 | INFO     | app.main:lifespan:104 | [Startup] ✅ http://0.0.0.0:8000 | /docs | /health
2026-04-30 23:37:00.909 | INFO     | app.main:lifespan:105 | ============================================================
2026-04-30 23:49:34.198 | INFO     | app.main:lifespan:107 | ============================================================
2026-04-30 23:49:34.199 | INFO     | app.main:lifespan:108 | 🛑 书房管理系统 正在关闭...
2026-04-30 23:49:34.200 | INFO     | app.main:lifespan:109 | ============================================================
2026-04-30 23:49:34.211 | INFO     | app.main:lifespan:111 | [Shutdown] ✅ 已安全关闭
2026-04-30 23:49:34.212 | INFO     | app.main:lifespan:112 | ============================================================
2026-04-30 23:49:39.224 | INFO     | app.main:setup_logging:77 | 日志系统已初始化 | 文件: ./logs/app.log | 错误: logs\app.error.log
2026-04-30 23:49:39.225 | INFO     | app.main:lifespan:83 | ============================================================
2026-04-30 23:49:39.225 | INFO     | app.main:lifespan:84 | 🚀 书房管理系统 v2.0.0 启动中...
2026-04-30 23:49:39.226 | INFO     | app.main:lifespan:85 | ============================================================
2026-04-30 23:49:39.237 | INFO     | app.main:lifespan:91 | [Startup] ✅ 数据库表初始化完成
2026-04-30 23:49:39.307 | INFO     | app.main:lifespan:100 | [Startup] ✅ 种子数据初始化完成
2026-04-30 23:49:39.308 | INFO     | app.main:lifespan:104 | [Startup] ✅ http://0.0.0.0:8000 | /docs | /health
2026-04-30 23:49:39.308 | INFO     | app.main:lifespan:105 | ============================================================
2026-04-30 23:50:17.738 | INFO     | app.main:lifespan:107 | ============================================================
2026-04-30 23:50:17.739 | INFO     | app.main:lifespan:108 | 🛑 书房管理系统 正在关闭...
2026-04-30 23:50:17.740 | INFO     | app.main:lifespan:109 | ============================================================
2026-04-30 23:50:17.749 | INFO     | app.main:lifespan:111 | [Shutdown] ✅ 已安全关闭
2026-04-30 23:50:17.751 | INFO     | app.main:lifespan:112 | ============================================================
2026-04-30 23:50:23.888 | INFO     | app.main:setup_logging:77 | 日志系统已初始化 | 文件: ./logs/app.log | 错误: logs\app.error.log
2026-04-30 23:50:23.889 | INFO     | app.main:lifespan:83 | ============================================================
2026-04-30 23:50:23.889 | INFO     | app.main:lifespan:84 | 🚀 书房管理系统 v2.0.0 启动中...
2026-04-30 23:50:23.890 | INFO     | app.main:lifespan:85 | ============================================================
2026-04-30 23:50:23.900 | INFO     | app.main:lifespan:91 | [Startup] ✅ 数据库表初始化完成
2026-04-30 23:50:23.992 | INFO     | app.main:lifespan:100 | [Startup] ✅ 种子数据初始化完成
2026-04-30 23:50:23.992 | INFO     | app.main:lifespan:104 | [Startup] ✅ http://0.0.0.0:8000 | /docs | /health
2026-04-30 23:50:23.993 | INFO     | app.main:lifespan:105 | ============================================================
2026-04-30 23:50:30.304 | INFO     | app.main:setup_logging:77 | 日志系统已初始化 | 文件: ./logs/app.log | 错误: logs\app.error.log
2026-04-30 23:50:30.305 | INFO     | app.main:lifespan:83 | ============================================================
2026-04-30 23:50:30.306 | INFO     | app.main:lifespan:84 | 🚀 书房管理系统 v2.0.0 启动中...
2026-04-30 23:50:30.307 | INFO     | app.main:lifespan:85 | ============================================================
2026-04-30 23:50:30.323 | INFO     | app.main:lifespan:91 | [Startup] ✅ 数据库表初始化完成
2026-04-30 23:50:30.438 | INFO     | app.main:lifespan:100 | [Startup] ✅ 种子数据初始化完成
2026-04-30 23:50:30.438 | INFO     | app.main:lifespan:104 | [Startup] ✅ http://0.0.0.0:8000 | /docs | /health
2026-04-30 23:50:30.439 | INFO     | app.main:lifespan:105 | ============================================================
2026-04-30 23:50:35.878 | INFO     | app.main:setup_logging:77 | 日志系统已初始化 | 文件: ./logs/app.log | 错误: logs\app.error.log
2026-04-30 23:50:35.879 | INFO     | app.main:lifespan:83 | ============================================================
2026-04-30 23:50:35.879 | INFO     | app.main:lifespan:84 | 🚀 书房管理系统 v2.0.0 启动中...
2026-04-30 23:50:35.880 | INFO     | app.main:lifespan:85 | ============================================================
2026-04-30 23:50:35.889 | INFO     | app.main:lifespan:91 | [Startup] ✅ 数据库表初始化完成
2026-04-30 23:50:35.981 | INFO     | app.main:lifespan:100 | [Startup] ✅ 种子数据初始化完成
2026-04-30 23:50:35.982 | INFO     | app.main:lifespan:104 | [Startup] ✅ http://0.0.0.0:8000 | /docs | /health
2026-04-30 23:50:35.982 | INFO     | app.main:lifespan:105 | ============================================================
2026-04-30 23:52:14.237 | INFO     | app.main:lifespan:107 | ============================================================
2026-04-30 23:52:14.238 | INFO     | app.main:lifespan:108 | 🛑 书房管理系统 正在关闭...
2026-04-30 23:52:14.238 | INFO     | app.main:lifespan:109 | ============================================================
2026-04-30 23:52:14.243 | INFO     | app.main:lifespan:111 | [Shutdown] ✅ 已安全关闭
2026-04-30 23:52:14.244 | INFO     | app.main:lifespan:112 | ============================================================
2026-04-30 23:52:19.952 | INFO     | app.main:setup_logging:77 | 日志系统已初始化 | 文件: ./logs/app.log | 错误: logs\app.error.log
2026-04-30 23:52:19.953 | INFO     | app.main:lifespan:83 | ============================================================
2026-04-30 23:52:19.953 | INFO     | app.main:lifespan:84 | 🚀 书房管理系统 v2.0.0 启动中...
2026-04-30 23:52:19.954 | INFO     | app.main:lifespan:85 | ============================================================
2026-04-30 23:52:19.965 | INFO     | app.main:lifespan:91 | [Startup] ✅ 数据库表初始化完成
2026-04-30 23:52:20.060 | INFO     | app.main:lifespan:100 | [Startup] ✅ 种子数据初始化完成
2026-04-30 23:52:20.061 | INFO     | app.main:lifespan:104 | [Startup] ✅ http://0.0.0.0:8000 | /docs | /health
2026-04-30 23:52:20.061 | INFO     | app.main:lifespan:105 | ============================================================
2026-04-30 23:53:50.547 | INFO     | app.main:lifespan:107 | ============================================================
2026-04-30 23:53:50.547 | INFO     | app.main:lifespan:108 | 🛑 书房管理系统 正在关闭...
2026-04-30 23:53:50.548 | INFO     | app.main:lifespan:109 | ============================================================
2026-04-30 23:53:50.552 | INFO     | app.main:lifespan:111 | [Shutdown] ✅ 已安全关闭
2026-04-30 23:53:50.553 | INFO     | app.main:lifespan:112 | ============================================================
2026-04-30 23:53:56.382 | INFO     | app.main:setup_logging:77 | 日志系统已初始化 | 文件: ./logs/app.log | 错误: logs\app.error.log
2026-04-30 23:53:56.383 | INFO     | app.main:lifespan:83 | ============================================================
2026-04-30 23:53:56.383 | INFO     | app.main:lifespan:84 | 🚀 书房管理系统 v2.0.0 启动中...
2026-04-30 23:53:56.384 | INFO     | app.main:lifespan:85 | ============================================================
2026-04-30 23:53:56.393 | INFO     | app.main:lifespan:91 | [Startup] ✅ 数据库表初始化完成
2026-04-30 23:53:56.477 | INFO     | app.main:lifespan:100 | [Startup] ✅ 种子数据初始化完成
2026-04-30 23:53:56.477 | INFO     | app.main:lifespan:104 | [Startup] ✅ http://0.0.0.0:8000 | /docs | /health
2026-04-30 23:53:56.478 | INFO     | app.main:lifespan:105 | ============================================================
2026-04-30 23:56:31.319 | INFO     | app.main:lifespan:107 | ============================================================
2026-04-30 23:56:31.320 | INFO     | app.main:lifespan:108 | 🛑 书房管理系统 正在关闭...
2026-04-30 23:56:31.321 | INFO     | app.main:lifespan:109 | ============================================================
2026-04-30 23:56:31.328 | INFO     | app.main:lifespan:111 | [Shutdown] ✅ 已安全关闭
2026-04-30 23:56:31.330 | INFO     | app.main:lifespan:112 | ============================================================
2026-04-30 23:56:36.748 | INFO     | app.main:setup_logging:77 | 日志系统已初始化 | 文件: ./logs/app.log | 错误: logs\app.error.log
2026-04-30 23:56:36.748 | INFO     | app.main:lifespan:83 | ============================================================
2026-04-30 23:56:36.749 | INFO     | app.main:lifespan:84 | 🚀 书房管理系统 v2.0.0 启动中...
2026-04-30 23:56:36.749 | INFO     | app.main:lifespan:85 | ============================================================
2026-04-30 23:56:36.758 | INFO     | app.main:lifespan:91 | [Startup] ✅ 数据库表初始化完成
2026-04-30 23:56:36.843 | INFO     | app.main:lifespan:100 | [Startup] ✅ 种子数据初始化完成
2026-04-30 23:56:36.843 | INFO     | app.main:lifespan:104 | [Startup] ✅ http://0.0.0.0:8000 | /docs | /health
2026-04-30 23:56:36.844 | INFO     | app.main:lifespan:105 | ============================================================
2026-04-30 23:56:39.327 | INFO     | app.main:lifespan:107 | ============================================================
2026-04-30 23:56:39.328 | INFO     | app.main:lifespan:108 | 🛑 书房管理系统 正在关闭...
2026-04-30 23:56:39.329 | INFO     | app.main:lifespan:109 | ============================================================
2026-04-30 23:56:39.334 | INFO     | app.main:lifespan:111 | [Shutdown] ✅ 已安全关闭
2026-04-30 23:56:39.334 | INFO     | app.main:lifespan:112 | ============================================================
2026-04-30 23:56:44.000 | INFO     | app.main:setup_logging:77 | 日志系统已初始化 | 文件: ./logs/app.log | 错误: logs\app.error.log
2026-04-30 23:56:44.001 | INFO     | app.main:lifespan:83 | ============================================================
2026-04-30 23:56:44.001 | INFO     | app.main:lifespan:84 | 🚀 书房管理系统 v2.0.0 启动中...
2026-04-30 23:56:44.002 | INFO     | app.main:lifespan:85 | ============================================================
2026-04-30 23:56:44.014 | INFO     | app.main:lifespan:91 | [Startup] ✅ 数据库表初始化完成
2026-04-30 23:56:44.106 | INFO     | app.main:lifespan:100 | [Startup] ✅ 种子数据初始化完成
2026-04-30 23:56:44.106 | INFO     | app.main:lifespan:104 | [Startup] ✅ http://0.0.0.0:8000 | /docs | /health
2026-04-30 23:56:44.107 | INFO     | app.main:lifespan:105 | ============================================================
2026-05-01 00:01:23.150 | INFO     | app.main:lifespan:107 | ============================================================
2026-05-01 00:01:23.150 | INFO     | app.main:lifespan:108 | 🛑 书房管理系统 正在关闭...
2026-05-01 00:01:23.151 | INFO     | app.main:lifespan:109 | ============================================================
2026-05-01 00:01:23.163 | INFO     | app.main:lifespan:111 | [Shutdown] ✅ 已安全关闭
2026-05-01 00:01:23.177 | INFO     | app.main:lifespan:112 | ============================================================
2026-05-01 00:14:17.204 | INFO     | app.main:setup_logging:77 | 日志系统已初始化 | 文件: ./logs/app.log | 错误: logs\app.error.log
2026-05-01 00:14:17.204 | INFO     | app.main:lifespan:83 | ============================================================
2026-05-01 00:14:17.205 | INFO     | app.main:lifespan:84 | 🚀 书房管理系统 v2.0.0 启动中...
2026-05-01 00:14:17.205 | INFO     | app.main:lifespan:85 | ============================================================
2026-05-01 00:14:17.216 | INFO     | app.main:lifespan:91 | [Startup] ✅ 数据库表初始化完成
2026-05-01 00:14:17.286 | INFO     | app.main:lifespan:100 | [Startup] ✅ 种子数据初始化完成
2026-05-01 00:14:17.286 | INFO     | app.main:lifespan:104 | [Startup] ✅ http://0.0.0.0:8000 | /docs | /health
2026-05-01 00:14:17.286 | INFO     | app.main:lifespan:105 | ============================================================
2026-05-01 00:25:26.043 | INFO     | app.main:lifespan:107 | ============================================================
2026-05-01 00:25:26.044 | INFO     | app.main:lifespan:108 | 🛑 书房管理系统 正在关闭...
2026-05-01 00:25:26.045 | INFO     | app.main:lifespan:109 | ============================================================
2026-05-01 00:25:26.051 | INFO     | app.main:lifespan:111 | [Shutdown] ✅ 已安全关闭
2026-05-01 00:25:26.052 | INFO     | app.main:lifespan:112 | ============================================================
2026-05-01 00:25:30.893 | INFO     | app.main:setup_logging:77 | 日志系统已初始化 | 文件: ./logs/app.log | 错误: logs\app.error.log
2026-05-01 00:25:30.893 | INFO     | app.main:lifespan:83 | ============================================================
2026-05-01 00:25:30.893 | INFO     | app.main:lifespan:84 | 🚀 书房管理系统 v2.0.0 启动中...
2026-05-01 00:25:30.894 | INFO     | app.main:lifespan:85 | ============================================================
2026-05-01 00:25:30.905 | INFO     | app.main:lifespan:91 | [Startup] ✅ 数据库表初始化完成
2026-05-01 00:25:30.981 | INFO     | app.main:lifespan:100 | [Startup] ✅ 种子数据初始化完成
2026-05-01 00:25:30.982 | INFO     | app.main:lifespan:104 | [Startup] ✅ http://0.0.0.0:8000 | /docs | /health
2026-05-01 00:25:30.982 | INFO     | app.main:lifespan:105 | ============================================================
2026-05-01 00:25:40.694 | INFO     | app.main:lifespan:107 | ============================================================
2026-05-01 00:25:40.694 | INFO     | app.main:lifespan:108 | 🛑 书房管理系统 正在关闭...
2026-05-01 00:25:40.695 | INFO     | app.main:lifespan:109 | ============================================================
2026-05-01 00:25:40.698 | INFO     | app.main:lifespan:111 | [Shutdown] ✅ 已安全关闭
2026-05-01 00:25:40.699 | INFO     | app.main:lifespan:112 | ============================================================
2026-05-01 00:25:44.779 | INFO     | app.main:setup_logging:77 | 日志系统已初始化 | 文件: ./logs/app.log | 错误: logs\app.error.log
2026-05-01 00:25:44.780 | INFO     | app.main:lifespan:83 | ============================================================
2026-05-01 00:25:44.780 | INFO     | app.main:lifespan:84 | 🚀 书房管理系统 v2.0.0 启动中...
2026-05-01 00:25:44.780 | INFO     | app.main:lifespan:85 | ============================================================
2026-05-01 00:25:44.788 | INFO     | app.main:lifespan:91 | [Startup] ✅ 数据库表初始化完成
2026-05-01 00:25:44.853 | INFO     | app.main:lifespan:100 | [Startup] ✅ 种子数据初始化完成
2026-05-01 00:25:44.854 | INFO     | app.main:lifespan:104 | [Startup] ✅ http://0.0.0.0:8000 | /docs | /health
2026-05-01 00:25:44.854 | INFO     | app.main:lifespan:105 | ============================================================
2026-05-01 00:26:50.571 | INFO     | app.main:lifespan:107 | ============================================================
2026-05-01 00:26:50.571 | INFO     | app.main:lifespan:108 | 🛑 书房管理系统 正在关闭...
2026-05-01 00:26:50.572 | INFO     | app.main:lifespan:109 | ============================================================
2026-05-01 00:26:50.575 | INFO     | app.main:lifespan:111 | [Shutdown] ✅ 已安全关闭
2026-05-01 00:26:50.576 | INFO     | app.main:lifespan:112 | ============================================================
2026-05-01 00:26:56.141 | INFO     | app.main:setup_logging:77 | 日志系统已初始化 | 文件: ./logs/app.log | 错误: logs\app.error.log
2026-05-01 00:26:56.141 | INFO     | app.main:lifespan:83 | ============================================================
2026-05-01 00:26:56.142 | INFO     | app.main:lifespan:84 | 🚀 书房管理系统 v2.0.0 启动中...
2026-05-01 00:26:56.142 | INFO     | app.main:lifespan:85 | ============================================================
2026-05-01 00:26:56.152 | INFO     | app.main:lifespan:91 | [Startup] ✅ 数据库表初始化完成
2026-05-01 00:26:56.305 | INFO     | app.main:lifespan:100 | [Startup] ✅ 种子数据初始化完成
2026-05-01 00:26:56.306 | INFO     | app.main:lifespan:104 | [Startup] ✅ http://0.0.0.0:8000 | /docs | /health
2026-05-01 00:26:56.306 | INFO     | app.main:lifespan:105 | ============================================================
2026-05-01 00:37:13.366 | INFO     | app.main:lifespan:107 | ============================================================
2026-05-01 00:37:13.367 | INFO     | app.main:lifespan:108 | 🛑 书房管理系统 正在关闭...
2026-05-01 00:37:13.367 | INFO     | app.main:lifespan:109 | ============================================================
2026-05-01 00:37:13.372 | INFO     | app.main:lifespan:111 | [Shutdown] ✅ 已安全关闭
2026-05-01 00:37:13.373 | INFO     | app.main:lifespan:112 | ============================================================
2026-05-01 00:37:20.332 | INFO     | app.main:setup_logging:77 | 日志系统已初始化 | 文件: ./logs/app.log | 错误: logs\app.error.log
2026-05-01 00:37:20.333 | INFO     | app.main:lifespan:83 | ============================================================
2026-05-01 00:37:20.333 | INFO     | app.main:lifespan:84 | 🚀 书房管理系统 v2.0.0 启动中...
2026-05-01 00:37:20.333 | INFO     | app.main:lifespan:85 | ============================================================
2026-05-01 00:37:20.343 | INFO     | app.main:lifespan:91 | [Startup] ✅ 数据库表初始化完成
2026-05-01 00:37:20.417 | INFO     | app.main:lifespan:100 | [Startup] ✅ 种子数据初始化完成
2026-05-01 00:37:20.417 | INFO     | app.main:lifespan:104 | [Startup] ✅ http://0.0.0.0:8000 | /docs | /health
2026-05-01 00:37:20.418 | INFO     | app.main:lifespan:105 | ============================================================
2026-05-01 00:45:07.729 | INFO     | app.main:lifespan:107 | ============================================================
2026-05-01 00:45:07.731 | INFO     | app.main:lifespan:108 | 🛑 书房管理系统 正在关闭...
2026-05-01 00:45:07.732 | INFO     | app.main:lifespan:109 | ============================================================
2026-05-01 00:45:07.738 | INFO     | app.main:lifespan:111 | [Shutdown] ✅ 已安全关闭
2026-05-01 00:45:07.740 | INFO     | app.main:lifespan:112 | ============================================================
2026-05-01 00:45:13.314 | INFO     | app.main:setup_logging:77 | 日志系统已初始化 | 文件: ./logs/app.log | 错误: logs\app.error.log
2026-05-01 00:45:13.314 | INFO     | app.main:lifespan:83 | ============================================================
2026-05-01 00:45:13.315 | INFO     | app.main:lifespan:84 | 🚀 书房管理系统 v2.0.0 启动中...
2026-05-01 00:45:13.315 | INFO     | app.main:lifespan:85 | ============================================================
2026-05-01 00:45:13.323 | INFO     | app.main:lifespan:91 | [Startup] ✅ 数据库表初始化完成
2026-05-01 00:45:13.389 | INFO     | app.main:lifespan:100 | [Startup] ✅ 种子数据初始化完成
2026-05-01 00:45:13.390 | INFO     | app.main:lifespan:104 | [Startup] ✅ http://0.0.0.0:8000 | /docs | /health
2026-05-01 00:45:13.390 | INFO     | app.main:lifespan:105 | ============================================================
2026-05-01 00:50:42.775 | INFO     | app.main:lifespan:107 | ============================================================
2026-05-01 00:50:42.777 | INFO     | app.main:lifespan:108 | 🛑 书房管理系统 正在关闭...
2026-05-01 00:50:42.777 | INFO     | app.main:lifespan:109 | ============================================================
2026-05-01 00:50:42.788 | INFO     | app.main:lifespan:111 | [Shutdown] ✅ 已安全关闭
2026-05-01 00:50:42.792 | INFO     | app.main:lifespan:112 | ============================================================
2026-05-01 00:50:47.634 | INFO     | app.main:setup_logging:77 | 日志系统已初始化 | 文件: ./logs/app.log | 错误: logs\app.error.log
2026-05-01 00:50:47.634 | INFO     | app.main:lifespan:83 | ============================================================
2026-05-01 00:50:47.635 | INFO     | app.main:lifespan:84 | 🚀 书房管理系统 v2.0.0 启动中...
2026-05-01 00:50:47.635 | INFO     | app.main:lifespan:85 | ============================================================
2026-05-01 00:50:47.645 | INFO     | app.main:lifespan:91 | [Startup] ✅ 数据库表初始化完成
2026-05-01 00:50:47.711 | INFO     | app.main:lifespan:100 | [Startup] ✅ 种子数据初始化完成
2026-05-01 00:50:47.711 | INFO     | app.main:lifespan:104 | [Startup] ✅ http://0.0.0.0:8000 | /docs | /health
2026-05-01 00:50:47.711 | INFO     | app.main:lifespan:105 | ============================================================
2026-05-01 00:51:20.308 | INFO     | app.main:lifespan:107 | ============================================================
2026-05-01 00:51:20.308 | INFO     | app.main:lifespan:108 | 🛑 书房管理系统 正在关闭...
2026-05-01 00:51:20.309 | INFO     | app.main:lifespan:109 | ============================================================
2026-05-01 00:51:20.313 | INFO     | app.main:lifespan:111 | [Shutdown] ✅ 已安全关闭
2026-05-01 00:51:20.314 | INFO     | app.main:lifespan:112 | ============================================================
2026-05-01 00:51:24.911 | INFO     | app.main:setup_logging:77 | 日志系统已初始化 | 文件: ./logs/app.log | 错误: logs\app.error.log
2026-05-01 00:51:24.912 | INFO     | app.main:lifespan:83 | ============================================================
2026-05-01 00:51:24.913 | INFO     | app.main:lifespan:84 | 🚀 书房管理系统 v2.0.0 启动中...
2026-05-01 00:51:24.913 | INFO     | app.main:lifespan:85 | ============================================================
2026-05-01 00:51:24.924 | INFO     | app.main:lifespan:91 | [Startup] ✅ 数据库表初始化完成
2026-05-01 00:51:25.008 | INFO     | app.main:lifespan:100 | [Startup] ✅ 种子数据初始化完成
2026-05-01 00:51:25.008 | INFO     | app.main:lifespan:104 | [Startup] ✅ http://0.0.0.0:8000 | /docs | /health
2026-05-01 00:51:25.009 | INFO     | app.main:lifespan:105 | ============================================================
2026-05-01 00:54:10.771 | INFO     | app.main:lifespan:107 | ============================================================
2026-05-01 00:54:10.772 | INFO     | app.main:lifespan:108 | 🛑 书房管理系统 正在关闭...
2026-05-01 00:54:10.772 | INFO     | app.main:lifespan:109 | ============================================================
2026-05-01 00:54:10.776 | INFO     | app.main:lifespan:111 | [Shutdown] ✅ 已安全关闭
2026-05-01 00:54:10.777 | INFO     | app.main:lifespan:112 | ============================================================
2026-05-01 00:54:15.031 | INFO     | app.main:setup_logging:77 | 日志系统已初始化 | 文件: ./logs/app.log | 错误: logs\app.error.log
2026-05-01 00:54:15.031 | INFO     | app.main:lifespan:83 | ============================================================
2026-05-01 00:54:15.032 | INFO     | app.main:lifespan:84 | 🚀 书房管理系统 v2.0.0 启动中...
2026-05-01 00:54:15.032 | INFO     | app.main:lifespan:85 | ============================================================
2026-05-01 00:54:15.041 | INFO     | app.main:lifespan:91 | [Startup] ✅ 数据库表初始化完成
2026-05-01 00:54:15.104 | INFO     | app.main:lifespan:100 | [Startup] ✅ 种子数据初始化完成
2026-05-01 00:54:15.105 | INFO     | app.main:lifespan:104 | [Startup] ✅ http://0.0.0.0:8000 | /docs | /health
2026-05-01 00:54:15.105 | INFO     | app.main:lifespan:105 | ============================================================
2026-05-01 00:55:05.678 | INFO     | app.main:lifespan:107 | ============================================================
2026-05-01 00:55:05.679 | INFO     | app.main:lifespan:108 | 🛑 书房管理系统 正在关闭...
2026-05-01 00:55:05.679 | INFO     | app.main:lifespan:109 | ============================================================
2026-05-01 00:55:05.684 | INFO     | app.main:lifespan:111 | [Shutdown] ✅ 已安全关闭
2026-05-01 00:55:05.684 | INFO     | app.main:lifespan:112 | ============================================================
2026-05-01 00:55:09.808 | INFO     | app.main:setup_logging:77 | 日志系统已初始化 | 文件: ./logs/app.log | 错误: logs\app.error.log
2026-05-01 00:55:09.808 | INFO     | app.main:lifespan:83 | ============================================================
2026-05-01 00:55:09.809 | INFO     | app.main:lifespan:84 | 🚀 书房管理系统 v2.0.0 启动中...
2026-05-01 00:55:09.809 | INFO     | app.main:lifespan:85 | ============================================================
2026-05-01 00:55:09.819 | INFO     | app.main:lifespan:91 | [Startup] ✅ 数据库表初始化完成
2026-05-01 00:55:09.889 | INFO     | app.main:lifespan:100 | [Startup] ✅ 种子数据初始化完成
2026-05-01 00:55:09.889 | INFO     | app.main:lifespan:104 | [Startup] ✅ http://0.0.0.0:8000 | /docs | /health
2026-05-01 00:55:09.890 | INFO     | app.main:lifespan:105 | ============================================================
2026-05-01 00:55:50.397 | INFO     | app.main:lifespan:107 | ============================================================
2026-05-01 00:55:50.398 | INFO     | app.main:lifespan:108 | 🛑 书房管理系统 正在关闭...
2026-05-01 00:55:50.398 | INFO     | app.main:lifespan:109 | ============================================================
2026-05-01 00:55:50.421 | INFO     | app.main:lifespan:111 | [Shutdown] ✅ 已安全关闭
2026-05-01 00:55:50.424 | INFO     | app.main:lifespan:112 | ============================================================
2026-05-01 00:55:54.875 | INFO     | app.main:setup_logging:77 | 日志系统已初始化 | 文件: ./logs/app.log | 错误: logs\app.error.log
2026-05-01 00:55:54.876 | INFO     | app.main:lifespan:83 | ============================================================
2026-05-01 00:55:54.876 | INFO     | app.main:lifespan:84 | 🚀 书房管理系统 v2.0.0 启动中...
2026-05-01 00:55:54.876 | INFO     | app.main:lifespan:85 | ============================================================
2026-05-01 00:55:54.884 | INFO     | app.main:lifespan:91 | [Startup] ✅ 数据库表初始化完成
2026-05-01 00:55:54.948 | INFO     | app.main:lifespan:100 | [Startup] ✅ 种子数据初始化完成
2026-05-01 00:55:54.949 | INFO     | app.main:lifespan:104 | [Startup] ✅ http://0.0.0.0:8000 | /docs | /health
2026-05-01 00:55:54.949 | INFO     | app.main:lifespan:105 | ============================================================
2026-05-01 01:15:18.107 | INFO     | app.main:lifespan:107 | ============================================================
2026-05-01 01:15:18.108 | INFO     | app.main:lifespan:108 | 🛑 书房管理系统 正在关闭...
2026-05-01 01:15:18.109 | INFO     | app.main:lifespan:109 | ============================================================
2026-05-01 01:15:18.118 | INFO     | app.main:lifespan:111 | [Shutdown] ✅ 已安全关闭
2026-05-01 01:15:18.119 | INFO     | app.main:lifespan:112 | ============================================================
2026-05-01 01:15:23.669 | INFO     | app.main:setup_logging:77 | 日志系统已初始化 | 文件: ./logs/app.log | 错误: logs\app.error.log
2026-05-01 01:15:23.670 | INFO     | app.main:lifespan:83 | ============================================================
2026-05-01 01:15:23.670 | INFO     | app.main:lifespan:84 | 🚀 书房管理系统 v2.0.0 启动中...
2026-05-01 01:15:23.671 | INFO     | app.main:lifespan:85 | ============================================================
2026-05-01 01:15:23.687 | INFO     | app.main:lifespan:91 | [Startup] ✅ 数据库表初始化完成
2026-05-01 01:15:23.765 | INFO     | app.main:lifespan:100 | [Startup] ✅ 种子数据初始化完成
2026-05-01 01:15:23.765 | INFO     | app.main:lifespan:104 | [Startup] ✅ http://0.0.0.0:8000 | /docs | /health
2026-05-01 01:15:23.766 | INFO     | app.main:lifespan:105 | ============================================================
2026-05-01 12:12:28.083 | INFO     | app.main:lifespan:107 | ============================================================
2026-05-01 12:12:28.109 | INFO     | app.main:lifespan:108 | 🛑 书房管理系统 正在关闭...
2026-05-01 12:12:28.121 | INFO     | app.main:lifespan:109 | ============================================================
2026-05-01 12:12:28.201 | INFO     | app.main:lifespan:111 | [Shutdown] ✅ 已安全关闭
2026-05-01 12:12:28.202 | INFO     | app.main:lifespan:112 | ============================================================
2026-05-01 12:12:39.587 | INFO     | app.main:setup_logging:77 | 日志系统已初始化 | 文件: ./logs/app.log | 错误: logs\app.error.log
2026-05-01 12:12:39.587 | INFO     | app.main:lifespan:83 | ============================================================
2026-05-01 12:12:39.588 | INFO     | app.main:lifespan:84 | 🚀 书房管理系统 v2.0.0 启动中...
2026-05-01 12:12:39.588 | INFO     | app.main:lifespan:85 | ============================================================
2026-05-01 12:12:39.603 | INFO     | app.main:lifespan:91 | [Startup] ✅ 数据库表初始化完成
2026-05-01 12:12:39.674 | INFO     | app.main:lifespan:100 | [Startup] ✅ 种子数据初始化完成
2026-05-01 12:12:39.675 | INFO     | app.main:lifespan:104 | [Startup] ✅ http://0.0.0.0:8000 | /docs | /health
2026-05-01 12:12:39.675 | INFO     | app.main:lifespan:105 | ============================================================
2026-05-01 12:38:51.630 | INFO     | app.main:lifespan:107 | ============================================================
2026-05-01 12:38:51.649 | INFO     | app.main:lifespan:108 | 🛑 书房管理系统 正在关闭...
2026-05-01 12:38:51.650 | INFO     | app.main:lifespan:109 | ============================================================
2026-05-01 12:38:51.681 | INFO     | app.main:lifespan:111 | [Shutdown] ✅ 已安全关闭
2026-05-01 12:38:51.681 | INFO     | app.main:lifespan:112 | ============================================================
2026-05-01 12:39:06.461 | INFO     | app.main:setup_logging:77 | 日志系统已初始化 | 文件: ./logs/app.log | 错误: logs\app.error.log
2026-05-01 12:39:06.462 | INFO     | app.main:lifespan:83 | ============================================================
2026-05-01 12:39:06.462 | INFO     | app.main:lifespan:84 | 🚀 书房管理系统 v2.0.0 启动中...
2026-05-01 12:39:06.463 | INFO     | app.main:lifespan:85 | ============================================================
2026-05-01 12:39:06.474 | INFO     | app.main:lifespan:91 | [Startup] ✅ 数据库表初始化完成
2026-05-01 12:39:06.557 | INFO     | app.main:lifespan:100 | [Startup] ✅ 种子数据初始化完成
2026-05-01 12:39:06.558 | INFO     | app.main:lifespan:104 | [Startup] ✅ http://0.0.0.0:8000 | /docs | /health
2026-05-01 12:39:06.558 | INFO     | app.main:lifespan:105 | ============================================================
2026-05-01 12:40:02.893 | INFO     | app.main:lifespan:107 | ============================================================
2026-05-01 12:40:02.895 | INFO     | app.main:lifespan:108 | 🛑 书房管理系统 正在关闭...
2026-05-01 12:40:02.897 | INFO     | app.main:lifespan:109 | ============================================================
2026-05-01 12:40:02.905 | INFO     | app.main:lifespan:111 | [Shutdown] ✅ 已安全关闭
2026-05-01 12:40:02.907 | INFO     | app.main:lifespan:112 | ============================================================
2026-05-01 14:35:43.801 | INFO     | app.main:setup_logging:77 | 日志系统已初始化 | 文件: ./logs/app.log | 错误: logs\app.error.log
2026-05-01 14:35:43.803 | INFO     | app.main:lifespan:83 | ============================================================
2026-05-01 14:35:43.804 | INFO     | app.main:lifespan:84 | 🚀 书房管理系统 v2.0.0 启动中...
2026-05-01 14:35:43.805 | INFO     | app.main:lifespan:85 | ============================================================
2026-05-01 14:35:43.835 | INFO     | app.main:lifespan:91 | [Startup] ✅ 数据库表初始化完成
2026-05-01 14:35:44.012 | INFO     | app.main:lifespan:100 | [Startup] ✅ 种子数据初始化完成
2026-05-01 14:35:44.013 | INFO     | app.main:lifespan:104 | [Startup] ✅ http://0.0.0.0:8000 | /docs | /health
2026-05-01 14:35:44.014 | INFO     | app.main:lifespan:105 | ============================================================
2026-05-01 15:57:16.928 | INFO     | app.main:setup_logging:77 | 日志系统已初始化 | 文件: ./logs/app.log | 错误: logs\app.error.log
2026-05-01 15:57:16.928 | INFO     | app.main:lifespan:83 | ============================================================
2026-05-01 15:57:16.929 | INFO     | app.main:lifespan:84 | 🚀 书房管理系统 v2.0.0 启动中...
2026-05-01 15:57:16.930 | INFO     | app.main:lifespan:85 | ============================================================
2026-05-01 15:57:16.948 | INFO     | app.main:lifespan:91 | [Startup] ✅ 数据库表初始化完成
2026-05-01 15:57:17.033 | INFO     | app.main:lifespan:100 | [Startup] ✅ 种子数据初始化完成
2026-05-01 15:57:17.034 | INFO     | app.main:lifespan:104 | [Startup] ✅ http://0.0.0.0:8000 | /docs | /health
2026-05-01 15:57:17.035 | INFO     | app.main:lifespan:105 | ============================================================
2026-05-01 17:09:06.530 | INFO     | app.main:setup_logging:77 | 日志系统已初始化 | 文件: ./logs/app.log | 错误: logs\app.error.log
2026-05-01 17:09:06.531 | INFO     | app.main:lifespan:83 | ============================================================
2026-05-01 17:09:06.531 | INFO     | app.main:lifespan:84 | 🚀 书房管理系统 v2.0.0 启动中...
2026-05-01 17:09:06.532 | INFO     | app.main:lifespan:85 | ============================================================
2026-05-01 17:09:06.567 | INFO     | app.main:lifespan:91 | [Startup] ✅ 数据库表初始化完成
2026-05-01 17:09:06.636 | INFO     | app.main:lifespan:100 | [Startup] ✅ 种子数据初始化完成
2026-05-01 17:09:06.636 | INFO     | app.main:lifespan:104 | [Startup] ✅ http://0.0.0.0:8000 | /docs | /health
2026-05-01 17:09:06.637 | INFO     | app.main:lifespan:105 | ============================================================
2026-05-18 20:11:32.667 | INFO     | app.main:setup_logging:77 | 日志系统已初始化 | 文件: ./logs/app.log | 错误: logs\app.error.log
2026-05-18 20:11:32.667 | INFO     | app.main:lifespan:83 | ============================================================
2026-05-18 20:11:32.668 | INFO     | app.main:lifespan:84 | 🚀 书房管理系统 v2.0.0 启动中...
2026-05-18 20:11:32.668 | INFO     | app.main:lifespan:85 | ============================================================
2026-05-18 20:11:32.695 | INFO     | app.main:lifespan:91 | [Startup] ✅ 数据库表初始化完成
2026-05-18 20:11:32.767 | INFO     | app.main:lifespan:100 | [Startup] ✅ 种子数据初始化完成
2026-05-18 20:11:32.767 | INFO     | app.main:lifespan:104 | [Startup] ✅ http://0.0.0.0:8000 | /docs | /health
2026-05-18 20:11:32.768 | INFO     | app.main:lifespan:105 | ============================================================
2026-05-18 22:14:41.354 | INFO     | app.main:lifespan:107 | ============================================================
2026-05-18 22:14:41.374 | INFO     | app.main:lifespan:108 | 🛑 书房管理系统 正在关闭...
2026-05-18 22:14:41.379 | INFO     | app.main:lifespan:109 | ============================================================
2026-05-18 22:14:41.418 | INFO     | app.main:lifespan:111 | [Shutdown] ✅ 已安全关闭
2026-05-18 22:14:41.419 | INFO     | app.main:lifespan:112 | ============================================================
2026-05-18 22:14:47.078 | INFO     | app.main:setup_logging:77 | 日志系统已初始化 | 文件: ./logs/app.log | 错误: logs\app.error.log
2026-05-18 22:14:47.079 | INFO     | app.main:lifespan:83 | ============================================================
2026-05-18 22:14:47.079 | INFO     | app.main:lifespan:84 | 🚀 书房管理系统 v2.0.0 启动中...
2026-05-18 22:14:47.080 | INFO     | app.main:lifespan:85 | ============================================================
2026-05-18 22:14:47.092 | INFO     | app.main:lifespan:91 | [Startup] ✅ 数据库表初始化完成
2026-05-18 22:14:47.161 | INFO     | app.main:lifespan:100 | [Startup] ✅ 种子数据初始化完成
2026-05-18 22:14:47.161 | INFO     | app.main:lifespan:104 | [Startup] ✅ http://0.0.0.0:8000 | /docs | /health
2026-05-18 22:14:47.162 | INFO     | app.main:lifespan:105 | ============================================================
2026-05-18 22:14:52.285 | INFO     | app.main:lifespan:107 | ============================================================
2026-05-18 22:14:52.286 | INFO     | app.main:lifespan:108 | 🛑 书房管理系统 正在关闭...
2026-05-18 22:14:52.287 | INFO     | app.main:lifespan:109 | ============================================================
2026-05-18 22:14:52.290 | INFO     | app.main:lifespan:111 | [Shutdown] ✅ 已安全关闭
2026-05-18 22:14:52.291 | INFO     | app.main:lifespan:112 | ============================================================
2026-05-18 22:14:56.198 | INFO     | app.main:setup_logging:77 | 日志系统已初始化 | 文件: ./logs/app.log | 错误: logs\app.error.log
2026-05-18 22:14:56.199 | INFO     | app.main:lifespan:83 | ============================================================
2026-05-18 22:14:56.199 | INFO     | app.main:lifespan:84 | 🚀 书房管理系统 v2.0.0 启动中...
2026-05-18 22:14:56.199 | INFO     | app.main:lifespan:85 | ============================================================
2026-05-18 22:14:56.679 | INFO     | app.main:setup_logging:77 | 日志系统已初始化 | 文件: ./logs/app.log | 错误: logs\app.error.log
2026-05-18 22:14:56.680 | INFO     | app.main:lifespan:83 | ============================================================
2026-05-18 22:14:56.681 | INFO     | app.main:lifespan:84 | 🚀 书房管理系统 v2.0.0 启动中...
2026-05-18 22:14:56.681 | INFO     | app.main:lifespan:85 | ============================================================
2026-05-18 22:14:56.699 | INFO     | app.main:lifespan:91 | [Startup] ✅ 数据库表初始化完成
2026-05-18 22:14:56.764 | INFO     | app.main:lifespan:100 | [Startup] ✅ 种子数据初始化完成
2026-05-18 22:14:56.764 | INFO     | app.main:lifespan:104 | [Startup] ✅ http://0.0.0.0:8000 | /docs | /health
2026-05-18 22:14:56.765 | INFO     | app.main:lifespan:105 | ============================================================
2026-05-18 22:14:59.053 | INFO     | app.main:lifespan:107 | ============================================================
2026-05-18 22:14:59.054 | INFO     | app.main:lifespan:108 | 🛑 书房管理系统 正在关闭...
2026-05-18 22:14:59.054 | INFO     | app.main:lifespan:109 | ============================================================
2026-05-18 22:14:59.059 | INFO     | app.main:lifespan:111 | [Shutdown] ✅ 已安全关闭
2026-05-18 22:14:59.060 | INFO     | app.main:lifespan:112 | ============================================================
2026-05-18 22:15:03.471 | INFO     | app.main:setup_logging:77 | 日志系统已初始化 | 文件: ./logs/app.log | 错误: logs\app.error.log
2026-05-18 22:15:03.472 | INFO     | app.main:lifespan:83 | ============================================================
2026-05-18 22:15:03.472 | INFO     | app.main:lifespan:84 | 🚀 书房管理系统 v2.0.0 启动中...
2026-05-18 22:15:03.473 | INFO     | app.main:lifespan:85 | ============================================================
2026-05-18 22:15:03.885 | INFO     | app.main:setup_logging:77 | 日志系统已初始化 | 文件: ./logs/app.log | 错误: logs\app.error.log
2026-05-18 22:15:03.886 | INFO     | app.main:lifespan:83 | ============================================================
2026-05-18 22:15:03.887 | INFO     | app.main:lifespan:84 | 🚀 书房管理系统 v2.0.0 启动中...
2026-05-18 22:15:03.887 | INFO     | app.main:lifespan:85 | ============================================================
2026-05-18 22:15:03.900 | INFO     | app.main:lifespan:91 | [Startup] ✅ 数据库表初始化完成
2026-05-18 22:15:03.993 | INFO     | app.main:lifespan:100 | [Startup] ✅ 种子数据初始化完成
2026-05-18 22:15:03.993 | INFO     | app.main:lifespan:104 | [Startup] ✅ http://0.0.0.0:8000 | /docs | /health
2026-05-18 22:15:03.994 | INFO     | app.main:lifespan:105 | ============================================================
2026-05-18 22:15:06.076 | INFO     | app.main:lifespan:107 | ============================================================
2026-05-18 22:15:06.077 | INFO     | app.main:lifespan:108 | 🛑 书房管理系统 正在关闭...
2026-05-18 22:15:06.078 | INFO     | app.main:lifespan:109 | ============================================================
2026-05-18 22:15:06.085 | INFO     | app.main:lifespan:111 | [Shutdown] ✅ 已安全关闭
2026-05-18 22:15:06.085 | INFO     | app.main:lifespan:112 | ============================================================
2026-05-18 22:15:10.254 | INFO     | app.main:setup_logging:77 | 日志系统已初始化 | 文件: ./logs/app.log | 错误: logs\app.error.log
2026-05-18 22:15:10.254 | INFO     | app.main:lifespan:83 | ============================================================
2026-05-18 22:15:10.255 | INFO     | app.main:lifespan:84 | 🚀 书房管理系统 v2.0.0 启动中...
2026-05-18 22:15:10.255 | INFO     | app.main:lifespan:85 | ============================================================
2026-05-18 22:15:10.721 | INFO     | app.main:setup_logging:77 | 日志系统已初始化 | 文件: ./logs/app.log | 错误: logs\app.error.log
2026-05-18 22:15:10.721 | INFO     | app.main:lifespan:83 | ============================================================
2026-05-18 22:15:10.721 | INFO     | app.main:lifespan:84 | 🚀 书房管理系统 v2.0.0 启动中...
2026-05-18 22:15:10.722 | INFO     | app.main:lifespan:85 | ============================================================
2026-05-18 22:15:10.729 | INFO     | app.main:lifespan:91 | [Startup] ✅ 数据库表初始化完成
2026-05-18 22:15:10.797 | INFO     | app.main:lifespan:100 | [Startup] ✅ 种子数据初始化完成
2026-05-18 22:15:10.797 | INFO     | app.main:lifespan:104 | [Startup] ✅ http://0.0.0.0:8000 | /docs | /health
2026-05-18 22:15:10.798 | INFO     | app.main:lifespan:105 | ============================================================
2026-05-18 22:15:14.936 | INFO     | app.main:lifespan:107 | ============================================================
2026-05-18 22:15:14.937 | INFO     | app.main:lifespan:108 | 🛑 书房管理系统 正在关闭...
2026-05-18 22:15:14.937 | INFO     | app.main:lifespan:109 | ============================================================
2026-05-18 22:15:14.942 | INFO     | app.main:lifespan:111 | [Shutdown] ✅ 已安全关闭
2026-05-18 22:15:14.944 | INFO     | app.main:lifespan:112 | ============================================================
2026-05-18 22:15:18.873 | INFO     | app.main:setup_logging:77 | 日志系统已初始化 | 文件: ./logs/app.log | 错误: logs\app.error.log
2026-05-18 22:15:18.873 | INFO     | app.main:lifespan:83 | ============================================================
2026-05-18 22:15:18.873 | INFO     | app.main:lifespan:84 | 🚀 书房管理系统 v2.0.0 启动中...
2026-05-18 22:15:18.874 | INFO     | app.main:lifespan:85 | ============================================================
2026-05-18 22:15:19.290 | INFO     | app.main:setup_logging:77 | 日志系统已初始化 | 文件: ./logs/app.log | 错误: logs\app.error.log
2026-05-18 22:15:19.291 | INFO     | app.main:lifespan:83 | ============================================================
2026-05-18 22:15:19.291 | INFO     | app.main:lifespan:84 | 🚀 书房管理系统 v2.0.0 启动中...
2026-05-18 22:15:19.292 | INFO     | app.main:lifespan:85 | ============================================================
2026-05-18 22:15:19.301 | INFO     | app.main:lifespan:91 | [Startup] ✅ 数据库表初始化完成
2026-05-18 22:15:19.360 | INFO     | app.main:lifespan:100 | [Startup] ✅ 种子数据初始化完成
2026-05-18 22:15:19.360 | INFO     | app.main:lifespan:104 | [Startup] ✅ http://0.0.0.0:8000 | /docs | /health
2026-05-18 22:15:19.360 | INFO     | app.main:lifespan:105 | ============================================================
2026-05-18 22:15:22.189 | INFO     | app.main:lifespan:107 | ============================================================
2026-05-18 22:15:22.189 | INFO     | app.main:lifespan:108 | 🛑 书房管理系统 正在关闭...
2026-05-18 22:15:22.190 | INFO     | app.main:lifespan:109 | ============================================================
2026-05-18 22:15:22.194 | INFO     | app.main:lifespan:111 | [Shutdown] ✅ 已安全关闭
2026-05-18 22:15:22.195 | INFO     | app.main:lifespan:112 | ============================================================
2026-05-18 22:15:25.963 | INFO     | app.main:setup_logging:77 | 日志系统已初始化 | 文件: ./logs/app.log | 错误: logs\app.error.log
2026-05-18 22:15:25.963 | INFO     | app.main:lifespan:83 | ============================================================
2026-05-18 22:15:25.964 | INFO     | app.main:lifespan:84 | 🚀 书房管理系统 v2.0.0 启动中...
2026-05-18 22:15:25.964 | INFO     | app.main:lifespan:85 | ============================================================
2026-05-18 22:15:26.389 | INFO     | app.main:setup_logging:77 | 日志系统已初始化 | 文件: ./logs/app.log | 错误: logs\app.error.log
2026-05-18 22:15:26.390 | INFO     | app.main:lifespan:83 | ============================================================
2026-05-18 22:15:26.390 | INFO     | app.main:lifespan:84 | 🚀 书房管理系统 v2.0.0 启动中...
2026-05-18 22:15:26.391 | INFO     | app.main:lifespan:85 | ============================================================
2026-05-18 22:15:26.411 | INFO     | app.main:lifespan:91 | [Startup] ✅ 数据库表初始化完成
2026-05-18 22:15:26.487 | INFO     | app.main:lifespan:100 | [Startup] ✅ 种子数据初始化完成
2026-05-18 22:15:26.487 | INFO     | app.main:lifespan:104 | [Startup] ✅ http://0.0.0.0:8000 | /docs | /health
2026-05-18 22:15:26.488 | INFO     | app.main:lifespan:105 | ============================================================
2026-05-18 22:15:29.764 | INFO     | app.main:lifespan:107 | ============================================================
2026-05-18 22:15:29.765 | INFO     | app.main:lifespan:108 | 🛑 书房管理系统 正在关闭...
2026-05-18 22:15:29.765 | INFO     | app.main:lifespan:109 | ============================================================
2026-05-18 22:15:29.768 | INFO     | app.main:lifespan:111 | [Shutdown] ✅ 已安全关闭
2026-05-18 22:15:29.769 | INFO     | app.main:lifespan:112 | ============================================================
2026-05-18 22:15:33.638 | INFO     | app.main:setup_logging:77 | 日志系统已初始化 | 文件: ./logs/app.log | 错误: logs\app.error.log
2026-05-18 22:15:33.638 | INFO     | app.main:lifespan:83 | ============================================================
2026-05-18 22:15:33.638 | INFO     | app.main:lifespan:84 | 🚀 书房管理系统 v2.0.0 启动中...
2026-05-18 22:15:33.639 | INFO     | app.main:lifespan:85 | ============================================================
2026-05-18 22:15:34.083 | INFO     | app.main:setup_logging:77 | 日志系统已初始化 | 文件: ./logs/app.log | 错误: logs\app.error.log
2026-05-18 22:15:34.085 | INFO     | app.main:lifespan:83 | ============================================================
2026-05-18 22:15:34.085 | INFO     | app.main:lifespan:84 | 🚀 书房管理系统 v2.0.0 启动中...
2026-05-18 22:15:34.086 | INFO     | app.main:lifespan:85 | ============================================================
2026-05-18 22:15:34.097 | INFO     | app.main:lifespan:91 | [Startup] ✅ 数据库表初始化完成
2026-05-18 22:15:34.166 | INFO     | app.main:lifespan:100 | [Startup] ✅ 种子数据初始化完成
2026-05-18 22:15:34.167 | INFO     | app.main:lifespan:104 | [Startup] ✅ http://0.0.0.0:8000 | /docs | /health
2026-05-18 22:15:34.167 | INFO     | app.main:lifespan:105 | ============================================================
2026-05-18 22:15:39.938 | INFO     | app.main:lifespan:107 | ============================================================
2026-05-18 22:15:39.939 | INFO     | app.main:lifespan:108 | 🛑 书房管理系统 正在关闭...
2026-05-18 22:15:39.940 | INFO     | app.main:lifespan:109 | ============================================================
2026-05-18 22:15:39.943 | INFO     | app.main:lifespan:111 | [Shutdown] ✅ 已安全关闭
2026-05-18 22:15:39.943 | INFO     | app.main:lifespan:112 | ============================================================
2026-05-18 22:15:43.820 | INFO     | app.main:setup_logging:77 | 日志系统已初始化 | 文件: ./logs/app.log | 错误: logs\app.error.log
2026-05-18 22:15:43.821 | INFO     | app.main:lifespan:83 | ============================================================
2026-05-18 22:15:43.821 | INFO     | app.main:lifespan:84 | 🚀 书房管理系统 v2.0.0 启动中...
2026-05-18 22:15:43.821 | INFO     | app.main:lifespan:85 | ============================================================
2026-05-18 22:15:44.260 | INFO     | app.main:setup_logging:77 | 日志系统已初始化 | 文件: ./logs/app.log | 错误: logs\app.error.log
2026-05-18 22:15:44.260 | INFO     | app.main:lifespan:83 | ============================================================
2026-05-18 22:15:44.261 | INFO     | app.main:lifespan:84 | 🚀 书房管理系统 v2.0.0 启动中...
2026-05-18 22:15:44.261 | INFO     | app.main:lifespan:85 | ============================================================
2026-05-18 22:15:44.278 | INFO     | app.main:lifespan:91 | [Startup] ✅ 数据库表初始化完成
2026-05-18 22:15:44.340 | INFO     | app.main:lifespan:100 | [Startup] ✅ 种子数据初始化完成
2026-05-18 22:15:44.340 | INFO     | app.main:lifespan:104 | [Startup] ✅ http://0.0.0.0:8000 | /docs | /health
2026-05-18 22:15:44.341 | INFO     | app.main:lifespan:105 | ============================================================
2026-05-18 22:15:47.825 | INFO     | app.main:lifespan:107 | ============================================================
2026-05-18 22:15:47.826 | INFO     | app.main:lifespan:108 | 🛑 书房管理系统 正在关闭...
2026-05-18 22:15:47.826 | INFO     | app.main:lifespan:109 | ============================================================
2026-05-18 22:15:47.830 | INFO     | app.main:lifespan:111 | [Shutdown] ✅ 已安全关闭
2026-05-18 22:15:47.831 | INFO     | app.main:lifespan:112 | ============================================================
2026-05-18 22:15:51.870 | INFO     | app.main:setup_logging:77 | 日志系统已初始化 | 文件: ./logs/app.log | 错误: logs\app.error.log
2026-05-18 22:15:51.870 | INFO     | app.main:lifespan:83 | ============================================================
2026-05-18 22:15:51.871 | INFO     | app.main:lifespan:84 | 🚀 书房管理系统 v2.0.0 启动中...
2026-05-18 22:15:51.871 | INFO     | app.main:lifespan:85 | ============================================================
2026-05-18 22:15:52.322 | INFO     | app.main:setup_logging:77 | 日志系统已初始化 | 文件: ./logs/app.log | 错误: logs\app.error.log
2026-05-18 22:15:52.322 | INFO     | app.main:lifespan:83 | ============================================================
2026-05-18 22:15:52.323 | INFO     | app.main:lifespan:84 | 🚀 书房管理系统 v2.0.0 启动中...
2026-05-18 22:15:52.323 | INFO     | app.main:lifespan:85 | ============================================================
2026-05-18 22:15:52.333 | INFO     | app.main:lifespan:91 | [Startup] ✅ 数据库表初始化完成
2026-05-18 22:15:52.407 | INFO     | app.main:lifespan:100 | [Startup] ✅ 种子数据初始化完成
2026-05-18 22:15:52.408 | INFO     | app.main:lifespan:104 | [Startup] ✅ http://0.0.0.0:8000 | /docs | /health
2026-05-18 22:15:52.408 | INFO     | app.main:lifespan:105 | ============================================================
2026-05-18 22:15:58.192 | INFO     | app.main:lifespan:107 | ============================================================
2026-05-18 22:15:58.193 | INFO     | app.main:lifespan:108 | 🛑 书房管理系统 正在关闭...
2026-05-18 22:15:58.193 | INFO     | app.main:lifespan:109 | ============================================================
2026-05-18 22:15:58.203 | INFO     | app.main:lifespan:111 | [Shutdown] ✅ 已安全关闭
2026-05-18 22:15:58.204 | INFO     | app.main:lifespan:112 | ============================================================
2026-05-18 22:16:02.158 | INFO     | app.main:setup_logging:77 | 日志系统已初始化 | 文件: ./logs/app.log | 错误: logs\app.error.log
2026-05-18 22:16:02.159 | INFO     | app.main:lifespan:83 | ============================================================
2026-05-18 22:16:02.159 | INFO     | app.main:lifespan:84 | 🚀 书房管理系统 v2.0.0 启动中...
2026-05-18 22:16:02.159 | INFO     | app.main:lifespan:85 | ============================================================
2026-05-18 22:16:02.508 | INFO     | app.main:setup_logging:77 | 日志系统已初始化 | 文件: ./logs/app.log | 错误: logs\app.error.log
2026-05-18 22:16:02.509 | INFO     | app.main:lifespan:83 | ============================================================
2026-05-18 22:16:02.509 | INFO     | app.main:lifespan:84 | 🚀 书房管理系统 v2.0.0 启动中...
2026-05-18 22:16:02.510 | INFO     | app.main:lifespan:85 | ============================================================
2026-05-18 22:16:02.519 | INFO     | app.main:lifespan:91 | [Startup] ✅ 数据库表初始化完成
2026-05-18 22:16:02.580 | INFO     | app.main:lifespan:100 | [Startup] ✅ 种子数据初始化完成
2026-05-18 22:16:02.581 | INFO     | app.main:lifespan:104 | [Startup] ✅ http://0.0.0.0:8000 | /docs | /health
2026-05-18 22:16:02.581 | INFO     | app.main:lifespan:105 | ============================================================
2026-05-18 22:16:38.346 | INFO     | app.main:setup_logging:77 | 日志系统已初始化 | 文件: ./logs/app.log | 错误: logs\app.error.log
2026-05-18 22:16:38.346 | INFO     | app.main:lifespan:83 | ============================================================
2026-05-18 22:16:38.347 | INFO     | app.main:lifespan:84 | 🚀 书房管理系统 v2.0.0 启动中...
2026-05-18 22:16:38.347 | INFO     | app.main:lifespan:85 | ============================================================
2026-05-18 22:17:57.007 | INFO     | app.main:lifespan:107 | ============================================================
2026-05-18 22:17:57.007 | INFO     | app.main:lifespan:108 | 🛑 书房管理系统 正在关闭...
2026-05-18 22:17:57.008 | INFO     | app.main:lifespan:109 | ============================================================
2026-05-18 22:17:57.011 | INFO     | app.main:lifespan:111 | [Shutdown] ✅ 已安全关闭
2026-05-18 22:17:57.012 | INFO     | app.main:lifespan:112 | ============================================================
2026-05-18 22:18:01.213 | INFO     | app.main:setup_logging:77 | 日志系统已初始化 | 文件: ./logs/app.log | 错误: logs\app.error.log
2026-05-18 22:18:01.213 | INFO     | app.main:lifespan:83 | ============================================================
2026-05-18 22:18:01.213 | INFO     | app.main:lifespan:84 | 🚀 书房管理系统 v2.0.0 启动中...
2026-05-18 22:18:01.214 | INFO     | app.main:lifespan:85 | ============================================================
2026-05-18 22:18:01.557 | INFO     | app.main:setup_logging:77 | 日志系统已初始化 | 文件: ./logs/app.log | 错误: logs\app.error.log
2026-05-18 22:18:01.558 | INFO     | app.main:lifespan:83 | ============================================================
2026-05-18 22:18:01.558 | INFO     | app.main:lifespan:84 | 🚀 书房管理系统 v2.0.0 启动中...
2026-05-18 22:18:01.558 | INFO     | app.main:lifespan:85 | ============================================================
2026-05-18 22:18:01.568 | INFO     | app.main:lifespan:91 | [Startup] ✅ 数据库表初始化完成
2026-05-18 22:18:01.641 | INFO     | app.main:lifespan:100 | [Startup] ✅ 种子数据初始化完成
2026-05-18 22:18:01.641 | INFO     | app.main:lifespan:104 | [Startup] ✅ http://0.0.0.0:8000 | /docs | /health
2026-05-18 22:18:01.642 | INFO     | app.main:lifespan:105 | ============================================================
2026-05-18 22:18:07.965 | INFO     | app.main:lifespan:107 | ============================================================
2026-05-18 22:18:07.966 | INFO     | app.main:lifespan:108 | 🛑 书房管理系统 正在关闭...
2026-05-18 22:18:07.966 | INFO     | app.main:lifespan:109 | ============================================================
2026-05-18 22:18:07.969 | INFO     | app.main:lifespan:111 | [Shutdown] ✅ 已安全关闭
2026-05-18 22:18:07.970 | INFO     | app.main:lifespan:112 | ============================================================
2026-05-18 22:18:11.767 | INFO     | app.main:setup_logging:77 | 日志系统已初始化 | 文件: ./logs/app.log | 错误: logs\app.error.log
2026-05-18 22:18:11.768 | INFO     | app.main:lifespan:83 | ============================================================
2026-05-18 22:18:11.768 | INFO     | app.main:lifespan:84 | 🚀 书房管理系统 v2.0.0 启动中...
2026-05-18 22:18:11.769 | INFO     | app.main:lifespan:85 | ============================================================
2026-05-18 22:18:12.190 | INFO     | app.main:setup_logging:77 | 日志系统已初始化 | 文件: ./logs/app.log | 错误: logs\app.error.log
2026-05-18 22:18:12.191 | INFO     | app.main:lifespan:83 | ============================================================
2026-05-18 22:18:12.191 | INFO     | app.main:lifespan:84 | 🚀 书房管理系统 v2.0.0 启动中...
2026-05-18 22:18:12.192 | INFO     | app.main:lifespan:85 | ============================================================
2026-05-18 22:18:12.200 | INFO     | app.main:lifespan:91 | [Startup] ✅ 数据库表初始化完成
2026-05-18 22:18:12.265 | INFO     | app.main:lifespan:100 | [Startup] ✅ 种子数据初始化完成
2026-05-18 22:18:12.266 | INFO     | app.main:lifespan:104 | [Startup] ✅ http://0.0.0.0:8000 | /docs | /health
2026-05-18 22:18:12.266 | INFO     | app.main:lifespan:105 | ============================================================
2026-05-18 22:18:15.211 | INFO     | app.main:lifespan:107 | ============================================================
2026-05-18 22:18:15.212 | INFO     | app.main:lifespan:108 | 🛑 书房管理系统 正在关闭...
2026-05-18 22:18:15.212 | INFO     | app.main:lifespan:109 | ============================================================
2026-05-18 22:18:15.215 | INFO     | app.main:lifespan:111 | [Shutdown] ✅ 已安全关闭
2026-05-18 22:18:15.216 | INFO     | app.main:lifespan:112 | ============================================================
2026-05-18 22:18:18.922 | INFO     | app.main:setup_logging:77 | 日志系统已初始化 | 文件: ./logs/app.log | 错误: logs\app.error.log
2026-05-18 22:18:18.922 | INFO     | app.main:lifespan:83 | ============================================================
2026-05-18 22:18:18.922 | INFO     | app.main:lifespan:84 | 🚀 书房管理系统 v2.0.0 启动中...
2026-05-18 22:18:18.923 | INFO     | app.main:lifespan:85 | ============================================================
2026-05-18 22:18:19.362 | INFO     | app.main:setup_logging:77 | 日志系统已初始化 | 文件: ./logs/app.log | 错误: logs\app.error.log
2026-05-18 22:18:19.363 | INFO     | app.main:lifespan:83 | ============================================================
2026-05-18 22:18:19.363 | INFO     | app.main:lifespan:84 | 🚀 书房管理系统 v2.0.0 启动中...
2026-05-18 22:18:19.364 | INFO     | app.main:lifespan:85 | ============================================================
2026-05-18 22:18:19.374 | INFO     | app.main:lifespan:91 | [Startup] ✅ 数据库表初始化完成
2026-05-18 22:18:19.432 | INFO     | app.main:lifespan:100 | [Startup] ✅ 种子数据初始化完成
2026-05-18 22:18:19.433 | INFO     | app.main:lifespan:104 | [Startup] ✅ http://0.0.0.0:8000 | /docs | /health
2026-05-18 22:18:19.433 | INFO     | app.main:lifespan:105 | ============================================================
2026-05-18 22:18:21.832 | INFO     | app.main:lifespan:107 | ============================================================
2026-05-18 22:18:21.833 | INFO     | app.main:lifespan:108 | 🛑 书房管理系统 正在关闭...
2026-05-18 22:18:21.833 | INFO     | app.main:lifespan:109 | ============================================================
2026-05-18 22:18:21.836 | INFO     | app.main:lifespan:111 | [Shutdown] ✅ 已安全关闭
2026-05-18 22:18:21.837 | INFO     | app.main:lifespan:112 | ============================================================
2026-05-18 22:18:25.756 | INFO     | app.main:setup_logging:77 | 日志系统已初始化 | 文件: ./logs/app.log | 错误: logs\app.error.log
2026-05-18 22:18:25.756 | INFO     | app.main:lifespan:83 | ============================================================
2026-05-18 22:18:25.757 | INFO     | app.main:lifespan:84 | 🚀 书房管理系统 v2.0.0 启动中...
2026-05-18 22:18:25.757 | INFO     | app.main:lifespan:85 | ============================================================
2026-05-18 22:18:26.210 | INFO     | app.main:setup_logging:77 | 日志系统已初始化 | 文件: ./logs/app.log | 错误: logs\app.error.log
2026-05-18 22:18:26.211 | INFO     | app.main:lifespan:83 | ============================================================
2026-05-18 22:18:26.211 | INFO     | app.main:lifespan:84 | 🚀 书房管理系统 v2.0.0 启动中...
2026-05-18 22:18:26.212 | INFO     | app.main:lifespan:85 | ============================================================
2026-05-18 22:18:26.219 | INFO     | app.main:lifespan:91 | [Startup] ✅ 数据库表初始化完成
2026-05-18 22:18:26.287 | INFO     | app.main:lifespan:100 | [Startup] ✅ 种子数据初始化完成
2026-05-18 22:18:26.287 | INFO     | app.main:lifespan:104 | [Startup] ✅ http://0.0.0.0:8000 | /docs | /health
2026-05-18 22:18:26.288 | INFO     | app.main:lifespan:105 | ============================================================
2026-05-18 22:18:30.103 | INFO     | app.main:lifespan:107 | ============================================================
2026-05-18 22:18:30.104 | INFO     | app.main:lifespan:108 | 🛑 书房管理系统 正在关闭...
2026-05-18 22:18:30.104 | INFO     | app.main:lifespan:109 | ============================================================
2026-05-18 22:18:30.108 | INFO     | app.main:lifespan:111 | [Shutdown] ✅ 已安全关闭
2026-05-18 22:18:30.108 | INFO     | app.main:lifespan:112 | ============================================================
2026-05-18 22:18:33.953 | INFO     | app.main:setup_logging:77 | 日志系统已初始化 | 文件: ./logs/app.log | 错误: logs\app.error.log
2026-05-18 22:18:33.953 | INFO     | app.main:lifespan:83 | ============================================================
2026-05-18 22:18:33.953 | INFO     | app.main:lifespan:84 | 🚀 书房管理系统 v2.0.0 启动中...
2026-05-18 22:18:33.954 | INFO     | app.main:lifespan:85 | ============================================================
2026-05-18 22:18:33.963 | ERROR    | app.main:lifespan:93 | [Startup] ❌ 数据库初始化失败: 'gbk' codec can't encode character '\u2705' in position 11: illegal multibyte sequence
2026-05-18 22:18:34.037 | WARNING  | app.main:lifespan:102 | [Startup] ⚠️ 种子数据初始化失败: 'gbk' codec can't encode character '\U0001f4a1' in position 7: illegal multibyte sequence
2026-05-18 22:18:34.037 | INFO     | app.main:lifespan:104 | [Startup] ✅ http://0.0.0.0:8000 | /docs | /health
2026-05-18 22:18:34.037 | INFO     | app.main:lifespan:105 | ============================================================
2026-05-18 22:18:34.473 | INFO     | app.main:setup_logging:77 | 日志系统已初始化 | 文件: ./logs/app.log | 错误: logs\app.error.log
2026-05-18 22:18:34.474 | INFO     | app.main:lifespan:83 | ============================================================
2026-05-18 22:18:34.474 | INFO     | app.main:lifespan:84 | 🚀 书房管理系统 v2.0.0 启动中...
2026-05-18 22:18:34.474 | INFO     | app.main:lifespan:85 | ============================================================
2026-05-18 22:18:34.488 | INFO     | app.main:lifespan:91 | [Startup] ✅ 数据库表初始化完成
2026-05-18 22:18:34.554 | INFO     | app.main:lifespan:100 | [Startup] ✅ 种子数据初始化完成
2026-05-18 22:18:34.554 | INFO     | app.main:lifespan:104 | [Startup] ✅ http://0.0.0.0:8000 | /docs | /health
2026-05-18 22:18:34.555 | INFO     | app.main:lifespan:105 | ============================================================
2026-05-18 22:19:27.357 | INFO     | app.main:lifespan:107 | ============================================================
2026-05-18 22:19:27.358 | INFO     | app.main:lifespan:108 | 🛑 书房管理系统 正在关闭...
2026-05-18 22:19:27.358 | INFO     | app.main:lifespan:109 | ============================================================
2026-05-18 22:19:27.360 | INFO     | app.main:lifespan:111 | [Shutdown] ✅ 已安全关闭
2026-05-18 22:19:27.360 | INFO     | app.main:lifespan:112 | ============================================================
2026-05-18 22:19:31.052 | INFO     | app.main:setup_logging:77 | 日志系统已初始化 | 文件: ./logs/app.log | 错误: logs\app.error.log
2026-05-18 22:19:31.052 | INFO     | app.main:lifespan:83 | ============================================================
2026-05-18 22:19:31.053 | INFO     | app.main:lifespan:84 | 🚀 书房管理系统 v2.0.0 启动中...
2026-05-18 22:19:31.053 | INFO     | app.main:lifespan:85 | ============================================================
2026-05-18 22:19:31.061 | INFO     | app.main:lifespan:91 | [Startup] ✅ 数据库表初始化完成
2026-05-18 22:19:31.137 | INFO     | app.main:lifespan:100 | [Startup] ✅ 种子数据初始化完成
2026-05-18 22:19:31.137 | INFO     | app.main:lifespan:104 | [Startup] ✅ http://0.0.0.0:8000 | /docs | /health
2026-05-18 22:19:31.138 | INFO     | app.main:lifespan:105 | ============================================================
2026-05-18 22:19:34.840 | INFO     | app.main:lifespan:107 | ============================================================
2026-05-18 22:19:34.841 | INFO     | app.main:lifespan:108 | 🛑 书房管理系统 正在关闭...
2026-05-18 22:19:34.841 | INFO     | app.main:lifespan:109 | ============================================================
2026-05-18 22:19:34.843 | INFO     | app.main:lifespan:111 | [Shutdown] ✅ 已安全关闭
2026-05-18 22:19:34.843 | INFO     | app.main:lifespan:112 | ============================================================
2026-05-18 22:19:38.513 | INFO     | app.main:setup_logging:77 | 日志系统已初始化 | 文件: ./logs/app.log | 错误: logs\app.error.log
2026-05-18 22:19:38.514 | INFO     | app.main:lifespan:83 | ============================================================
2026-05-18 22:19:38.514 | INFO     | app.main:lifespan:84 | 🚀 书房管理系统 v2.0.0 启动中...
2026-05-18 22:19:38.515 | INFO     | app.main:lifespan:85 | ============================================================
2026-05-18 22:19:38.523 | INFO     | app.main:lifespan:91 | [Startup] ✅ 数据库表初始化完成
2026-05-18 22:19:38.576 | INFO     | app.main:lifespan:100 | [Startup] ✅ 种子数据初始化完成
2026-05-18 22:19:38.577 | INFO     | app.main:lifespan:104 | [Startup] ✅ http://0.0.0.0:8000 | /docs | /health
2026-05-18 22:19:38.577 | INFO     | app.main:lifespan:105 | ============================================================
2026-05-18 22:19:41.962 | INFO     | app.main:lifespan:107 | ============================================================
2026-05-18 22:19:41.962 | INFO     | app.main:lifespan:108 | 🛑 书房管理系统 正在关闭...
2026-05-18 22:19:41.963 | INFO     | app.main:lifespan:109 | ============================================================
2026-05-18 22:19:41.964 | INFO     | app.main:lifespan:111 | [Shutdown] ✅ 已安全关闭
2026-05-18 22:19:41.964 | INFO     | app.main:lifespan:112 | ============================================================
2026-05-18 22:19:45.739 | INFO     | app.main:setup_logging:77 | 日志系统已初始化 | 文件: ./logs/app.log | 错误: logs\app.error.log
2026-05-18 22:19:45.740 | INFO     | app.main:lifespan:83 | ============================================================
2026-05-18 22:19:45.740 | INFO     | app.main:lifespan:84 | 🚀 书房管理系统 v2.0.0 启动中...
2026-05-18 22:19:45.741 | INFO     | app.main:lifespan:85 | ============================================================
2026-05-18 22:19:45.748 | INFO     | app.main:lifespan:91 | [Startup] ✅ 数据库表初始化完成
2026-05-18 22:19:45.807 | INFO     | app.main:lifespan:100 | [Startup] ✅ 种子数据初始化完成
2026-05-18 22:19:45.808 | INFO     | app.main:lifespan:104 | [Startup] ✅ http://0.0.0.0:8000 | /docs | /health
2026-05-18 22:19:45.808 | INFO     | app.main:lifespan:105 | ============================================================
2026-05-18 22:19:48.415 | INFO     | app.main:lifespan:107 | ============================================================
2026-05-18 22:19:48.416 | INFO     | app.main:lifespan:108 | 🛑 书房管理系统 正在关闭...
2026-05-18 22:19:48.416 | INFO     | app.main:lifespan:109 | ============================================================
2026-05-18 22:19:48.417 | INFO     | app.main:lifespan:111 | [Shutdown] ✅ 已安全关闭
2026-05-18 22:19:48.418 | INFO     | app.main:lifespan:112 | ============================================================
2026-05-18 22:19:52.175 | INFO     | app.main:setup_logging:77 | 日志系统已初始化 | 文件: ./logs/app.log | 错误: logs\app.error.log
2026-05-18 22:19:52.175 | INFO     | app.main:lifespan:83 | ============================================================
2026-05-18 22:19:52.176 | INFO     | app.main:lifespan:84 | 🚀 书房管理系统 v2.0.0 启动中...
2026-05-18 22:19:52.177 | INFO     | app.main:lifespan:85 | ============================================================
2026-05-18 22:19:52.187 | INFO     | app.main:lifespan:91 | [Startup] ✅ 数据库表初始化完成
2026-05-18 22:19:52.252 | INFO     | app.main:lifespan:100 | [Startup] ✅ 种子数据初始化完成
2026-05-18 22:19:52.252 | INFO     | app.main:lifespan:104 | [Startup] ✅ http://0.0.0.0:8000 | /docs | /health
2026-05-18 22:19:52.253 | INFO     | app.main:lifespan:105 | ============================================================
2026-05-18 22:20:01.176 | INFO     | app.main:lifespan:107 | ============================================================
2026-05-18 22:20:01.177 | INFO     | app.main:lifespan:108 | 🛑 书房管理系统 正在关闭...
2026-05-18 22:20:01.178 | INFO     | app.main:lifespan:109 | ============================================================
2026-05-18 22:20:01.179 | INFO     | app.main:lifespan:111 | [Shutdown] ✅ 已安全关闭
2026-05-18 22:20:01.179 | INFO     | app.main:lifespan:112 | ============================================================
2026-05-18 22:20:05.143 | INFO     | app.main:setup_logging:77 | 日志系统已初始化 | 文件: ./logs/app.log | 错误: logs\app.error.log
2026-05-18 22:20:05.144 | INFO     | app.main:lifespan:83 | ============================================================
2026-05-18 22:20:05.144 | INFO     | app.main:lifespan:84 | 🚀 书房管理系统 v2.0.0 启动中...
2026-05-18 22:20:05.145 | INFO     | app.main:lifespan:85 | ============================================================
2026-05-18 22:20:05.152 | INFO     | app.main:lifespan:91 | [Startup] ✅ 数据库表初始化完成
2026-05-18 22:20:05.219 | INFO     | app.main:lifespan:100 | [Startup] ✅ 种子数据初始化完成
2026-05-18 22:20:05.220 | INFO     | app.main:lifespan:104 | [Startup] ✅ http://0.0.0.0:8000 | /docs | /health
2026-05-18 22:20:05.220 | INFO     | app.main:lifespan:105 | ============================================================
2026-05-18 22:20:08.609 | INFO     | app.main:lifespan:107 | ============================================================
2026-05-18 22:20:08.611 | INFO     | app.main:lifespan:108 | 🛑 书房管理系统 正在关闭...
2026-05-18 22:20:08.611 | INFO     | app.main:lifespan:109 | ============================================================
2026-05-18 22:20:08.613 | INFO     | app.main:lifespan:111 | [Shutdown] ✅ 已安全关闭
2026-05-18 22:20:08.613 | INFO     | app.main:lifespan:112 | ============================================================
2026-05-18 22:20:12.406 | INFO     | app.main:setup_logging:77 | 日志系统已初始化 | 文件: ./logs/app.log | 错误: logs\app.error.log
2026-05-18 22:20:12.407 | INFO     | app.main:lifespan:83 | ============================================================
2026-05-18 22:20:12.407 | INFO     | app.main:lifespan:84 | 🚀 书房管理系统 v2.0.0 启动中...
2026-05-18 22:20:12.407 | INFO     | app.main:lifespan:85 | ============================================================
2026-05-18 22:20:12.414 | INFO     | app.main:lifespan:91 | [Startup] ✅ 数据库表初始化完成
2026-05-18 22:20:12.476 | INFO     | app.main:lifespan:100 | [Startup] ✅ 种子数据初始化完成
2026-05-18 22:20:12.476 | INFO     | app.main:lifespan:104 | [Startup] ✅ http://0.0.0.0:8000 | /docs | /health
2026-05-18 22:20:12.477 | INFO     | app.main:lifespan:105 | ============================================================
2026-05-18 22:20:16.499 | INFO     | app.main:lifespan:107 | ============================================================
2026-05-18 22:20:16.499 | INFO     | app.main:lifespan:108 | 🛑 书房管理系统 正在关闭...
2026-05-18 22:20:16.500 | INFO     | app.main:lifespan:109 | ============================================================
2026-05-18 22:20:16.501 | INFO     | app.main:lifespan:111 | [Shutdown] ✅ 已安全关闭
2026-05-18 22:20:16.502 | INFO     | app.main:lifespan:112 | ============================================================
2026-05-18 22:20:20.407 | INFO     | app.main:setup_logging:77 | 日志系统已初始化 | 文件: ./logs/app.log | 错误: logs\app.error.log
2026-05-18 22:20:20.407 | INFO     | app.main:lifespan:83 | ============================================================
2026-05-18 22:20:20.408 | INFO     | app.main:lifespan:84 | 🚀 书房管理系统 v2.0.0 启动中...
2026-05-18 22:20:20.408 | INFO     | app.main:lifespan:85 | ============================================================
2026-05-18 22:20:20.415 | INFO     | app.main:lifespan:91 | [Startup] ✅ 数据库表初始化完成
2026-05-18 22:20:20.474 | INFO     | app.main:lifespan:100 | [Startup] ✅ 种子数据初始化完成
2026-05-18 22:20:20.475 | INFO     | app.main:lifespan:104 | [Startup] ✅ http://0.0.0.0:8000 | /docs | /health
2026-05-18 22:20:20.475 | INFO     | app.main:lifespan:105 | ============================================================
2026-05-18 22:20:25.708 | INFO     | app.main:lifespan:107 | ============================================================
2026-05-18 22:20:25.708 | INFO     | app.main:lifespan:108 | 🛑 书房管理系统 正在关闭...
2026-05-18 22:20:25.708 | INFO     | app.main:lifespan:109 | ============================================================
2026-05-18 22:20:25.710 | INFO     | app.main:lifespan:111 | [Shutdown] ✅ 已安全关闭
2026-05-18 22:20:25.710 | INFO     | app.main:lifespan:112 | ============================================================
2026-05-18 22:20:29.975 | INFO     | app.main:setup_logging:77 | 日志系统已初始化 | 文件: ./logs/app.log | 错误: logs\app.error.log
2026-05-18 22:20:29.976 | INFO     | app.main:lifespan:83 | ============================================================
2026-05-18 22:20:29.976 | INFO     | app.main:lifespan:84 | 🚀 书房管理系统 v2.0.0 启动中...
2026-05-18 22:20:29.977 | INFO     | app.main:lifespan:85 | ============================================================
2026-05-18 22:20:29.984 | INFO     | app.main:lifespan:91 | [Startup] ✅ 数据库表初始化完成
2026-05-18 22:20:30.060 | INFO     | app.main:lifespan:100 | [Startup] ✅ 种子数据初始化完成
2026-05-18 22:20:30.060 | INFO     | app.main:lifespan:104 | [Startup] ✅ http://0.0.0.0:8000 | /docs | /health
2026-05-18 22:20:30.061 | INFO     | app.main:lifespan:105 | ============================================================
2026-05-18 22:20:33.858 | INFO     | app.main:lifespan:107 | ============================================================
2026-05-18 22:20:33.858 | INFO     | app.main:lifespan:108 | 🛑 书房管理系统 正在关闭...
2026-05-18 22:20:33.859 | INFO     | app.main:lifespan:109 | ============================================================
2026-05-18 22:20:33.860 | INFO     | app.main:lifespan:111 | [Shutdown] ✅ 已安全关闭
2026-05-18 22:20:33.861 | INFO     | app.main:lifespan:112 | ============================================================
2026-05-18 22:20:37.764 | INFO     | app.main:setup_logging:77 | 日志系统已初始化 | 文件: ./logs/app.log | 错误: logs\app.error.log
2026-05-18 22:20:37.765 | INFO     | app.main:lifespan:83 | ============================================================
2026-05-18 22:20:37.765 | INFO     | app.main:lifespan:84 | 🚀 书房管理系统 v2.0.0 启动中...
2026-05-18 22:20:37.766 | INFO     | app.main:lifespan:85 | ============================================================
2026-05-18 22:20:37.773 | INFO     | app.main:lifespan:91 | [Startup] ✅ 数据库表初始化完成
2026-05-18 22:20:37.840 | INFO     | app.main:lifespan:100 | [Startup] ✅ 种子数据初始化完成
2026-05-18 22:20:37.841 | INFO     | app.main:lifespan:104 | [Startup] ✅ http://0.0.0.0:8000 | /docs | /health
2026-05-18 22:20:37.841 | INFO     | app.main:lifespan:105 | ============================================================
2026-05-18 22:20:51.276 | INFO     | app.main:setup_logging:77 | 日志系统已初始化 | 文件: ./logs/app.log | 错误: logs\app.error.log
2026-05-18 22:20:51.277 | INFO     | app.main:lifespan:83 | ============================================================
2026-05-18 22:20:51.277 | INFO     | app.main:lifespan:84 | 🚀 书房管理系统 v2.0.0 启动中...
2026-05-18 22:20:51.277 | INFO     | app.main:lifespan:85 | ============================================================
2026-05-18 22:20:51.282 | INFO     | app.main:lifespan:91 | [Startup] ✅ 数据库表初始化完成
2026-05-18 22:20:51.341 | INFO     | app.main:lifespan:100 | [Startup] ✅ 种子数据初始化完成
2026-05-18 22:20:51.341 | INFO     | app.main:lifespan:104 | [Startup] ✅ http://0.0.0.0:8000 | /docs | /health
2026-05-18 22:20:51.341 | INFO     | app.main:lifespan:105 | ============================================================
2026-05-18 22:21:40.632 | INFO     | app.main:lifespan:107 | ============================================================
2026-05-18 22:21:40.632 | INFO     | app.main:lifespan:108 | 🛑 书房管理系统 正在关闭...
2026-05-18 22:21:40.633 | INFO     | app.main:lifespan:109 | ============================================================
2026-05-18 22:21:40.634 | INFO     | app.main:lifespan:111 | [Shutdown] ✅ 已安全关闭
2026-05-18 22:21:40.634 | INFO     | app.main:lifespan:112 | ============================================================
2026-05-18 22:21:44.534 | INFO     | app.main:setup_logging:77 | 日志系统已初始化 | 文件: ./logs/app.log | 错误: logs\app.error.log
2026-05-18 22:21:44.535 | INFO     | app.main:lifespan:83 | ============================================================
2026-05-18 22:21:44.535 | INFO     | app.main:lifespan:84 | [START] 书房管理系统 v2.0.0 启动中...
2026-05-18 22:21:44.536 | INFO     | app.main:lifespan:85 | ============================================================
2026-05-18 22:21:44.542 | INFO     | app.main:lifespan:91 | [Startup] ✅ 数据库表初始化完成
2026-05-18 22:21:44.601 | INFO     | app.main:lifespan:100 | [Startup] ✅ 种子数据初始化完成
2026-05-18 22:21:44.602 | INFO     | app.main:lifespan:104 | [Startup] ✅ http://0.0.0.0:8000 | /docs | /health
2026-05-18 22:21:44.602 | INFO     | app.main:lifespan:105 | ============================================================
2026-05-18 22:21:51.367 | INFO     | app.main:lifespan:107 | ============================================================
2026-05-18 22:21:51.368 | INFO     | app.main:lifespan:108 | 🛑 书房管理系统 正在关闭...
2026-05-18 22:21:51.368 | INFO     | app.main:lifespan:109 | ============================================================
2026-05-18 22:21:51.369 | INFO     | app.main:lifespan:111 | [Shutdown] ✅ 已安全关闭
2026-05-18 22:21:51.370 | INFO     | app.main:lifespan:112 | ============================================================
2026-05-18 22:21:55.286 | INFO     | app.main:setup_logging:77 | 日志系统已初始化 | 文件: ./logs/app.log | 错误: logs\app.error.log
2026-05-18 22:21:55.286 | INFO     | app.main:lifespan:83 | ============================================================
2026-05-18 22:21:55.286 | INFO     | app.main:lifespan:84 | [START] 书房管理系统 v2.0.0 启动中...
2026-05-18 22:21:55.287 | INFO     | app.main:lifespan:85 | ============================================================
2026-05-18 22:21:55.294 | INFO     | app.main:lifespan:91 | [Startup] [OK] 数据库表初始化完成
2026-05-18 22:21:55.351 | INFO     | app.main:lifespan:100 | [Startup] [OK] 种子数据初始化完成
2026-05-18 22:21:55.351 | INFO     | app.main:lifespan:104 | [Startup] [OK] http://0.0.0.0:8000 | /docs | /health
2026-05-18 22:21:55.352 | INFO     | app.main:lifespan:105 | ============================================================
2026-05-18 22:22:04.714 | INFO     | app.main:lifespan:107 | ============================================================
2026-05-18 22:22:04.715 | INFO     | app.main:lifespan:108 | 🛑 书房管理系统 正在关闭...
2026-05-18 22:22:04.715 | INFO     | app.main:lifespan:109 | ============================================================
2026-05-18 22:22:04.716 | INFO     | app.main:lifespan:111 | [Shutdown] [OK] 已安全关闭
2026-05-18 22:22:04.717 | INFO     | app.main:lifespan:112 | ============================================================
2026-05-18 22:22:08.662 | INFO     | app.main:setup_logging:77 | 日志系统已初始化 | 文件: ./logs/app.log | 错误: logs\app.error.log
2026-05-18 22:22:08.662 | INFO     | app.main:lifespan:83 | ============================================================
2026-05-18 22:22:08.663 | INFO     | app.main:lifespan:84 | [START] 书房管理系统 v2.0.0 启动中...
2026-05-18 22:22:08.663 | INFO     | app.main:lifespan:85 | ============================================================
2026-05-18 22:22:08.669 | INFO     | app.main:lifespan:91 | [Startup] [OK] 数据库表初始化完成
2026-05-18 22:22:08.798 | INFO     | app.main:lifespan:100 | [Startup] [OK] 种子数据初始化完成
2026-05-18 22:22:08.798 | INFO     | app.main:lifespan:104 | [Startup] [OK] http://0.0.0.0:8000 | /docs | /health
2026-05-18 22:22:08.798 | INFO     | app.main:lifespan:105 | ============================================================
2026-05-18 22:22:11.634 | INFO     | app.main:lifespan:107 | ============================================================
2026-05-18 22:22:11.635 | INFO     | app.main:lifespan:108 | 🛑 书房管理系统 正在关闭...
2026-05-18 22:22:11.635 | INFO     | app.main:lifespan:109 | ============================================================
2026-05-18 22:22:11.636 | INFO     | app.main:lifespan:111 | [Shutdown] [OK] 已安全关闭
2026-05-18 22:22:11.637 | INFO     | app.main:lifespan:112 | ============================================================
2026-05-18 22:22:15.316 | INFO     | app.main:setup_logging:77 | 日志系统已初始化 | 文件: ./logs/app.log | 错误: logs\app.error.log
2026-05-18 22:22:15.316 | INFO     | app.main:lifespan:83 | ============================================================
2026-05-18 22:22:15.317 | INFO     | app.main:lifespan:84 | [START] 书房管理系统 v2.0.0 启动中...
2026-05-18 22:22:15.317 | INFO     | app.main:lifespan:85 | ============================================================
2026-05-18 22:22:15.323 | INFO     | app.main:lifespan:91 | [Startup] [OK] 数据库表初始化完成
2026-05-18 22:22:15.380 | INFO     | app.main:lifespan:100 | [Startup] [OK] 种子数据初始化完成
2026-05-18 22:22:15.380 | INFO     | app.main:lifespan:104 | [Startup] [OK] http://0.0.0.0:8000 | /docs | /health
2026-05-18 22:22:15.381 | INFO     | app.main:lifespan:105 | ============================================================
2026-05-18 22:22:18.544 | INFO     | app.main:lifespan:107 | ============================================================
2026-05-18 22:22:18.544 | INFO     | app.main:lifespan:108 | 🛑 书房管理系统 正在关闭...
2026-05-18 22:22:18.545 | INFO     | app.main:lifespan:109 | ============================================================
2026-05-18 22:22:18.546 | INFO     | app.main:lifespan:111 | [Shutdown] [OK] 已安全关闭
2026-05-18 22:22:18.546 | INFO     | app.main:lifespan:112 | ============================================================
2026-05-18 22:22:22.467 | INFO     | app.main:setup_logging:77 | 日志系统已初始化 | 文件: ./logs/app.log | 错误: logs\app.error.log
2026-05-18 22:22:22.468 | INFO     | app.main:lifespan:83 | ============================================================
2026-05-18 22:22:22.468 | INFO     | app.main:lifespan:84 | [START] 书房管理系统 v2.0.0 启动中...
2026-05-18 22:22:22.469 | INFO     | app.main:lifespan:85 | ============================================================
2026-05-18 22:22:22.476 | INFO     | app.main:lifespan:91 | [Startup] [OK] 数据库表初始化完成
2026-05-18 22:22:22.616 | INFO     | app.main:lifespan:100 | [Startup] [OK] 种子数据初始化完成
2026-05-18 22:22:22.617 | INFO     | app.main:lifespan:104 | [Startup] [OK] http://0.0.0.0:8000 | /docs | /health
2026-05-18 22:22:22.619 | INFO     | app.main:lifespan:105 | ============================================================
2026-05-18 22:22:33.742 | INFO     | app.main:lifespan:107 | ============================================================
2026-05-18 22:22:33.743 | INFO     | app.main:lifespan:108 | [STOP] 书房管理系统 正在关闭...
2026-05-18 22:22:33.743 | INFO     | app.main:lifespan:109 | ============================================================
2026-05-18 22:22:33.744 | INFO     | app.main:lifespan:111 | [Shutdown] [OK] 已安全关闭
2026-05-18 22:22:33.744 | INFO     | app.main:lifespan:112 | ============================================================
2026-05-18 22:22:37.657 | INFO     | app.main:setup_logging:77 | 日志系统已初始化 | 文件: ./logs/app.log | 错误: logs\app.error.log
2026-05-18 22:22:37.657 | INFO     | app.main:lifespan:83 | ============================================================
2026-05-18 22:22:37.658 | INFO     | app.main:lifespan:84 | [START] 书房管理系统 v2.0.0 启动中...
2026-05-18 22:22:37.658 | INFO     | app.main:lifespan:85 | ============================================================
2026-05-18 22:22:37.666 | INFO     | app.main:lifespan:91 | [Startup] [OK] 数据库表初始化完成
2026-05-18 22:22:37.740 | INFO     | app.main:lifespan:100 | [Startup] [OK] 种子数据初始化完成
2026-05-18 22:22:37.740 | INFO     | app.main:lifespan:104 | [Startup] [OK] http://0.0.0.0:8000 | /docs | /health
2026-05-18 22:22:37.741 | INFO     | app.main:lifespan:105 | ============================================================
2026-05-18 22:22:40.684 | INFO     | app.main:lifespan:107 | ============================================================
2026-05-18 22:22:40.685 | INFO     | app.main:lifespan:108 | [STOP] 书房管理系统 正在关闭...
2026-05-18 22:22:40.685 | INFO     | app.main:lifespan:109 | ============================================================
2026-05-18 22:22:40.686 | INFO     | app.main:lifespan:111 | [Shutdown] [OK] 已安全关闭
2026-05-18 22:22:40.687 | INFO     | app.main:lifespan:112 | ============================================================
2026-05-18 22:22:44.883 | INFO     | app.main:setup_logging:77 | 日志系统已初始化 | 文件: ./logs/app.log | 错误: logs\app.error.log
2026-05-18 22:22:44.884 | INFO     | app.main:lifespan:83 | ============================================================
2026-05-18 22:22:44.884 | INFO     | app.main:lifespan:84 | [START] 书房管理系统 v2.0.0 启动中...
2026-05-18 22:22:44.885 | INFO     | app.main:lifespan:85 | ============================================================
2026-05-18 22:22:44.891 | INFO     | app.main:lifespan:91 | [Startup] [OK] 数据库表初始化完成
2026-05-18 22:22:44.951 | INFO     | app.main:lifespan:100 | [Startup] [OK] 种子数据初始化完成
2026-05-18 22:22:44.952 | INFO     | app.main:lifespan:104 | [Startup] [OK] http://0.0.0.0:8000 | /docs | /health
2026-05-18 22:22:44.952 | INFO     | app.main:lifespan:105 | ============================================================
2026-05-18 22:22:56.646 | INFO     | app.main:setup_logging:77 | 日志系统已初始化 | 文件: ./logs/app.log | 错误: logs\app.error.log
2026-05-18 22:22:56.647 | INFO     | app.main:lifespan:83 | ============================================================
2026-05-18 22:22:56.648 | INFO     | app.main:lifespan:84 | [START] 书房管理系统 v2.0.0 启动中...
2026-05-18 22:22:56.648 | INFO     | app.main:lifespan:85 | ============================================================
2026-05-18 22:22:56.654 | INFO     | app.main:lifespan:91 | [Startup] [OK] 数据库表初始化完成
2026-05-18 22:22:56.718 | INFO     | app.main:lifespan:100 | [Startup] [OK] 种子数据初始化完成
2026-05-18 22:22:56.719 | INFO     | app.main:lifespan:104 | [Startup] [OK] http://0.0.0.0:8000 | /docs | /health
2026-05-18 22:22:56.719 | INFO     | app.main:lifespan:105 | ============================================================
2026-05-19 08:42:58.886 | INFO     | app.main:lifespan:107 | ============================================================
2026-05-19 08:42:58.907 | INFO     | app.main:lifespan:108 | [STOP] 书房管理系统 正在关闭...
2026-05-19 08:42:58.915 | INFO     | app.main:lifespan:109 | ============================================================
2026-05-19 08:42:58.957 | INFO     | app.main:lifespan:111 | [Shutdown] [OK] 已安全关闭
2026-05-19 08:42:58.957 | INFO     | app.main:lifespan:112 | ============================================================
2026-05-19 08:43:10.415 | INFO     | app.main:setup_logging:77 | 日志系统已初始化 | 文件: ./logs/app.log | 错误: logs\app.error.log
2026-05-19 08:43:10.416 | INFO     | app.main:lifespan:83 | ============================================================
2026-05-19 08:43:10.416 | INFO     | app.main:lifespan:84 | [START] 书房管理系统 v2.0.0 启动中...
2026-05-19 08:43:10.417 | INFO     | app.main:lifespan:85 | ============================================================
2026-05-19 08:43:10.427 | INFO     | app.main:lifespan:91 | [Startup] [OK] 数据库表初始化完成
2026-05-19 08:43:10.498 | INFO     | app.main:lifespan:100 | [Startup] [OK] 种子数据初始化完成
2026-05-19 08:43:10.499 | INFO     | app.main:lifespan:104 | [Startup] [OK] http://0.0.0.0:8000 | /docs | /health
2026-05-19 08:43:10.499 | INFO     | app.main:lifespan:105 | ============================================================
2026-05-19 08:43:25.386 | INFO     | app.main:lifespan:107 | ============================================================
2026-05-19 08:43:25.387 | INFO     | app.main:lifespan:108 | [STOP] 书房管理系统 正在关闭...
2026-05-19 08:43:25.387 | INFO     | app.main:lifespan:109 | ============================================================
2026-05-19 08:43:25.389 | INFO     | app.main:lifespan:111 | [Shutdown] [OK] 已安全关闭
2026-05-19 08:43:25.389 | INFO     | app.main:lifespan:112 | ============================================================
2026-05-19 08:43:29.701 | INFO     | app.main:setup_logging:77 | 日志系统已初始化 | 文件: ./logs/app.log | 错误: logs\app.error.log
2026-05-19 08:43:29.702 | INFO     | app.main:lifespan:83 | ============================================================
2026-05-19 08:43:29.702 | INFO     | app.main:lifespan:84 | [START] 书房管理系统 v2.0.0 启动中...
2026-05-19 08:43:29.702 | INFO     | app.main:lifespan:85 | ============================================================
2026-05-19 08:43:29.710 | INFO     | app.main:lifespan:91 | [Startup] [OK] 数据库表初始化完成
2026-05-19 08:43:29.790 | INFO     | app.main:lifespan:100 | [Startup] [OK] 种子数据初始化完成
2026-05-19 08:43:29.790 | INFO     | app.main:lifespan:104 | [Startup] [OK] http://0.0.0.0:8000 | /docs | /health
2026-05-19 08:43:29.791 | INFO     | app.main:lifespan:105 | ============================================================
2026-05-19 08:44:02.078 | INFO     | app.main:lifespan:107 | ============================================================
2026-05-19 08:44:02.078 | INFO     | app.main:lifespan:108 | [STOP] 书房管理系统 正在关闭...
2026-05-19 08:44:02.078 | INFO     | app.main:lifespan:109 | ============================================================
2026-05-19 08:44:02.079 | INFO     | app.main:lifespan:111 | [Shutdown] [OK] 已安全关闭
2026-05-19 08:44:02.080 | INFO     | app.main:lifespan:112 | ============================================================
2026-05-19 08:44:06.437 | INFO     | app.main:setup_logging:77 | 日志系统已初始化 | 文件: ./logs/app.log | 错误: logs\app.error.log
2026-05-19 08:44:06.437 | INFO     | app.main:lifespan:83 | ============================================================
2026-05-19 08:44:06.438 | INFO     | app.main:lifespan:84 | [START] 书房管理系统 v2.0.0 启动中...
2026-05-19 08:44:06.438 | INFO     | app.main:lifespan:85 | ============================================================
2026-05-19 08:44:06.446 | INFO     | app.main:lifespan:91 | [Startup] [OK] 数据库表初始化完成
2026-05-19 08:44:06.518 | INFO     | app.main:lifespan:100 | [Startup] [OK] 种子数据初始化完成
2026-05-19 08:44:06.518 | INFO     | app.main:lifespan:104 | [Startup] [OK] http://0.0.0.0:8000 | /docs | /health
2026-05-19 08:44:06.519 | INFO     | app.main:lifespan:105 | ============================================================
2026-05-19 08:44:34.759 | INFO     | app.main:lifespan:107 | ============================================================
2026-05-19 08:44:34.760 | INFO     | app.main:lifespan:108 | [STOP] 书房管理系统 正在关闭...
2026-05-19 08:44:34.760 | INFO     | app.main:lifespan:109 | ============================================================
2026-05-19 08:44:34.761 | INFO     | app.main:lifespan:111 | [Shutdown] [OK] 已安全关闭
2026-05-19 08:44:34.762 | INFO     | app.main:lifespan:112 | ============================================================
2026-05-19 08:44:39.416 | INFO     | app.main:setup_logging:77 | 日志系统已初始化 | 文件: ./logs/app.log | 错误: logs\app.error.log
2026-05-19 08:44:39.416 | INFO     | app.main:lifespan:83 | ============================================================
2026-05-19 08:44:39.417 | INFO     | app.main:lifespan:84 | [START] 书房管理系统 v2.0.0 启动中...
2026-05-19 08:44:39.417 | INFO     | app.main:lifespan:85 | ============================================================
2026-05-19 08:44:39.425 | INFO     | app.main:lifespan:91 | [Startup] [OK] 数据库表初始化完成
2026-05-19 08:44:39.489 | INFO     | app.main:lifespan:100 | [Startup] [OK] 种子数据初始化完成
2026-05-19 08:44:39.490 | INFO     | app.main:lifespan:104 | [Startup] [OK] http://0.0.0.0:8000 | /docs | /health
2026-05-19 08:44:39.490 | INFO     | app.main:lifespan:105 | ============================================================
2026-05-19 08:44:49.161 | INFO     | app.main:lifespan:107 | ============================================================
2026-05-19 08:44:49.161 | INFO     | app.main:lifespan:108 | [STOP] 书房管理系统 正在关闭...
2026-05-19 08:44:49.162 | INFO     | app.main:lifespan:109 | ============================================================
2026-05-19 08:44:49.163 | INFO     | app.main:lifespan:111 | [Shutdown] [OK] 已安全关闭
2026-05-19 08:44:49.163 | INFO     | app.main:lifespan:112 | ============================================================
2026-05-19 08:44:53.624 | INFO     | app.main:setup_logging:77 | 日志系统已初始化 | 文件: ./logs/app.log | 错误: logs\app.error.log
2026-05-19 08:44:53.625 | INFO     | app.main:lifespan:83 | ============================================================
2026-05-19 08:44:53.626 | INFO     | app.main:lifespan:84 | [START] 书房管理系统 v2.0.0 启动中...
2026-05-19 08:44:53.626 | INFO     | app.main:lifespan:85 | ============================================================
2026-05-19 08:44:53.634 | INFO     | app.main:lifespan:91 | [Startup] [OK] 数据库表初始化完成
2026-05-19 08:44:53.708 | INFO     | app.main:lifespan:100 | [Startup] [OK] 种子数据初始化完成
2026-05-19 08:44:53.709 | INFO     | app.main:lifespan:104 | [Startup] [OK] http://0.0.0.0:8000 | /docs | /health
2026-05-19 08:44:53.710 | INFO     | app.main:lifespan:105 | ============================================================
2026-05-19 08:45:03.485 | INFO     | app.main:lifespan:107 | ============================================================
2026-05-19 08:45:03.485 | INFO     | app.main:lifespan:108 | [STOP] 书房管理系统 正在关闭...
2026-05-19 08:45:03.485 | INFO     | app.main:lifespan:109 | ============================================================
2026-05-19 08:45:03.486 | INFO     | app.main:lifespan:111 | [Shutdown] [OK] 已安全关闭
2026-05-19 08:45:03.487 | INFO     | app.main:lifespan:112 | ============================================================
2026-05-19 08:45:08.379 | INFO     | app.main:setup_logging:77 | 日志系统已初始化 | 文件: ./logs/app.log | 错误: logs\app.error.log
2026-05-19 08:45:08.380 | INFO     | app.main:lifespan:83 | ============================================================
2026-05-19 08:45:08.380 | INFO     | app.main:lifespan:84 | [START] 书房管理系统 v2.0.0 启动中...
2026-05-19 08:45:08.381 | INFO     | app.main:lifespan:85 | ============================================================
2026-05-19 08:45:08.388 | INFO     | app.main:lifespan:91 | [Startup] [OK] 数据库表初始化完成
2026-05-19 08:45:08.463 | INFO     | app.main:lifespan:100 | [Startup] [OK] 种子数据初始化完成
2026-05-19 08:45:08.464 | INFO     | app.main:lifespan:104 | [Startup] [OK] http://0.0.0.0:8000 | /docs | /health
2026-05-19 08:45:08.465 | INFO     | app.main:lifespan:105 | ============================================================
2026-05-19 08:45:28.806 | INFO     | app.main:lifespan:107 | ============================================================
2026-05-19 08:45:28.807 | INFO     | app.main:lifespan:108 | [STOP] 书房管理系统 正在关闭...
2026-05-19 08:45:28.808 | INFO     | app.main:lifespan:109 | ============================================================
2026-05-19 08:45:28.810 | INFO     | app.main:lifespan:111 | [Shutdown] [OK] 已安全关闭
2026-05-19 08:45:28.811 | INFO     | app.main:lifespan:112 | ============================================================
2026-05-19 08:45:33.299 | INFO     | app.main:setup_logging:77 | 日志系统已初始化 | 文件: ./logs/app.log | 错误: logs\app.error.log
2026-05-19 08:45:33.299 | INFO     | app.main:lifespan:83 | ============================================================
2026-05-19 08:45:33.300 | INFO     | app.main:lifespan:84 | [START] 书房管理系统 v2.0.0 启动中...
2026-05-19 08:45:33.300 | INFO     | app.main:lifespan:85 | ============================================================
2026-05-19 08:45:33.308 | INFO     | app.main:lifespan:91 | [Startup] [OK] 数据库表初始化完成
2026-05-19 08:45:33.381 | INFO     | app.main:lifespan:100 | [Startup] [OK] 种子数据初始化完成
2026-05-19 08:45:33.382 | INFO     | app.main:lifespan:104 | [Startup] [OK] http://0.0.0.0:8000 | /docs | /health
2026-05-19 08:45:33.382 | INFO     | app.main:lifespan:105 | ============================================================
2026-05-19 08:45:43.485 | INFO     | app.main:lifespan:107 | ============================================================
2026-05-19 08:45:43.486 | INFO     | app.main:lifespan:108 | [STOP] 书房管理系统 正在关闭...
2026-05-19 08:45:43.486 | INFO     | app.main:lifespan:109 | ============================================================
2026-05-19 08:45:43.487 | INFO     | app.main:lifespan:111 | [Shutdown] [OK] 已安全关闭
2026-05-19 08:45:43.487 | INFO     | app.main:lifespan:112 | ============================================================
2026-05-19 08:45:48.012 | INFO     | app.main:setup_logging:77 | 日志系统已初始化 | 文件: ./logs/app.log | 错误: logs\app.error.log
2026-05-19 08:45:48.012 | INFO     | app.main:lifespan:83 | ============================================================
2026-05-19 08:45:48.013 | INFO     | app.main:lifespan:84 | [START] 书房管理系统 v2.0.0 启动中...
2026-05-19 08:45:48.013 | INFO     | app.main:lifespan:85 | ============================================================
2026-05-19 08:45:48.020 | INFO     | app.main:lifespan:91 | [Startup] [OK] 数据库表初始化完成
2026-05-19 08:45:48.099 | INFO     | app.main:lifespan:100 | [Startup] [OK] 种子数据初始化完成
2026-05-19 08:45:48.099 | INFO     | app.main:lifespan:104 | [Startup] [OK] http://0.0.0.0:8000 | /docs | /health
2026-05-19 08:45:48.100 | INFO     | app.main:lifespan:105 | ============================================================
2026-05-19 08:45:58.869 | INFO     | app.main:lifespan:107 | ============================================================
2026-05-19 08:45:58.869 | INFO     | app.main:lifespan:108 | [STOP] 书房管理系统 正在关闭...
2026-05-19 08:45:58.869 | INFO     | app.main:lifespan:109 | ============================================================
2026-05-19 08:45:58.871 | INFO     | app.main:lifespan:111 | [Shutdown] [OK] 已安全关闭
2026-05-19 08:45:58.872 | INFO     | app.main:lifespan:112 | ============================================================
2026-05-19 08:46:03.555 | INFO     | app.main:setup_logging:77 | 日志系统已初始化 | 文件: ./logs/app.log | 错误: logs\app.error.log
2026-05-19 08:46:03.556 | INFO     | app.main:lifespan:83 | ============================================================
2026-05-19 08:46:03.557 | INFO     | app.main:lifespan:84 | [START] 书房管理系统 v2.0.0 启动中...
2026-05-19 08:46:03.557 | INFO     | app.main:lifespan:85 | ============================================================
2026-05-19 08:46:03.567 | INFO     | app.main:lifespan:91 | [Startup] [OK] 数据库表初始化完成
2026-05-19 08:46:03.648 | INFO     | app.main:lifespan:100 | [Startup] [OK] 种子数据初始化完成
2026-05-19 08:46:03.648 | INFO     | app.main:lifespan:104 | [Startup] [OK] http://0.0.0.0:8000 | /docs | /health
2026-05-19 08:46:03.648 | INFO     | app.main:lifespan:105 | ============================================================
2026-05-19 08:46:12.001 | INFO     | app.main:lifespan:107 | ============================================================
2026-05-19 08:46:12.002 | INFO     | app.main:lifespan:108 | [STOP] 书房管理系统 正在关闭...
2026-05-19 08:46:12.002 | INFO     | app.main:lifespan:109 | ============================================================
2026-05-19 08:46:12.003 | INFO     | app.main:lifespan:111 | [Shutdown] [OK] 已安全关闭
2026-05-19 08:46:12.004 | INFO     | app.main:lifespan:112 | ============================================================
2026-05-19 08:46:16.529 | INFO     | app.main:setup_logging:77 | 日志系统已初始化 | 文件: ./logs/app.log | 错误: logs\app.error.log
2026-05-19 08:46:16.529 | INFO     | app.main:lifespan:83 | ============================================================
2026-05-19 08:46:16.530 | INFO     | app.main:lifespan:84 | [START] 书房管理系统 v2.0.0 启动中...
2026-05-19 08:46:16.530 | INFO     | app.main:lifespan:85 | ============================================================
2026-05-19 08:46:16.536 | INFO     | app.main:lifespan:91 | [Startup] [OK] 数据库表初始化完成
2026-05-19 08:46:16.611 | INFO     | app.main:lifespan:100 | [Startup] [OK] 种子数据初始化完成
2026-05-19 08:46:16.611 | INFO     | app.main:lifespan:104 | [Startup] [OK] http://0.0.0.0:8000 | /docs | /health
2026-05-19 08:46:16.612 | INFO     | app.main:lifespan:105 | ============================================================
2026-05-19 08:46:27.814 | INFO     | app.main:lifespan:107 | ============================================================
2026-05-19 08:46:27.814 | INFO     | app.main:lifespan:108 | [STOP] 书房管理系统 正在关闭...
2026-05-19 08:46:27.815 | INFO     | app.main:lifespan:109 | ============================================================
2026-05-19 08:46:27.816 | INFO     | app.main:lifespan:111 | [Shutdown] [OK] 已安全关闭
2026-05-19 08:46:27.816 | INFO     | app.main:lifespan:112 | ============================================================
2026-05-19 08:46:32.593 | INFO     | app.main:setup_logging:77 | 日志系统已初始化 | 文件: ./logs/app.log | 错误: logs\app.error.log
2026-05-19 08:46:32.593 | INFO     | app.main:lifespan:83 | ============================================================
2026-05-19 08:46:32.594 | INFO     | app.main:lifespan:84 | [START] 书房管理系统 v2.0.0 启动中...
2026-05-19 08:46:32.595 | INFO     | app.main:lifespan:85 | ============================================================
2026-05-19 08:46:32.606 | INFO     | app.main:lifespan:91 | [Startup] [OK] 数据库表初始化完成
2026-05-19 08:46:32.692 | INFO     | app.main:lifespan:100 | [Startup] [OK] 种子数据初始化完成
2026-05-19 08:46:32.692 | INFO     | app.main:lifespan:104 | [Startup] [OK] http://0.0.0.0:8000 | /docs | /health
2026-05-19 08:46:32.693 | INFO     | app.main:lifespan:105 | ============================================================
2026-05-19 08:46:55.920 | INFO     | app.main:lifespan:107 | ============================================================
2026-05-19 08:46:55.921 | INFO     | app.main:lifespan:108 | [STOP] 书房管理系统 正在关闭...
2026-05-19 08:46:55.921 | INFO     | app.main:lifespan:109 | ============================================================
2026-05-19 08:46:55.923 | INFO     | app.main:lifespan:111 | [Shutdown] [OK] 已安全关闭
2026-05-19 08:46:55.923 | INFO     | app.main:lifespan:112 | ============================================================
2026-05-19 08:47:00.740 | INFO     | app.main:setup_logging:77 | 日志系统已初始化 | 文件: ./logs/app.log | 错误: logs\app.error.log
2026-05-19 08:47:00.741 | INFO     | app.main:lifespan:83 | ============================================================
2026-05-19 08:47:00.741 | INFO     | app.main:lifespan:84 | [START] 书房管理系统 v2.0.0 启动中...
2026-05-19 08:47:00.741 | INFO     | app.main:lifespan:85 | ============================================================
2026-05-19 08:47:00.749 | INFO     | app.main:lifespan:91 | [Startup] [OK] 数据库表初始化完成
2026-05-19 08:47:00.824 | INFO     | app.main:lifespan:99 | [Startup] [OK] 种子数据初始化完成
2026-05-19 08:47:00.825 | INFO     | app.main:lifespan:105 | [Startup] [OK] http://0.0.0.0:8000 | /docs | /health
2026-05-19 08:47:00.825 | INFO     | app.main:lifespan:106 | ============================================================
2026-05-19 08:47:07.553 | INFO     | app.main:lifespan:108 | ============================================================
2026-05-19 08:47:07.553 | INFO     | app.main:lifespan:109 | [STOP] 书房管理系统 正在关闭...
2026-05-19 08:47:07.554 | INFO     | app.main:lifespan:110 | ============================================================
2026-05-19 08:47:07.556 | INFO     | app.main:lifespan:116 | [Shutdown] [OK] 已安全关闭
2026-05-19 08:47:07.557 | INFO     | app.main:lifespan:117 | ============================================================
2026-05-19 08:47:12.337 | INFO     | app.main:setup_logging:77 | 日志系统已初始化 | 文件: ./logs/app.log | 错误: logs\app.error.log
2026-05-19 08:47:12.337 | INFO     | app.main:lifespan:83 | ============================================================
2026-05-19 08:47:12.338 | INFO     | app.main:lifespan:84 | [START] 书房管理系统 v2.0.0 启动中...
2026-05-19 08:47:12.338 | INFO     | app.main:lifespan:85 | ============================================================
2026-05-19 08:47:12.345 | INFO     | app.main:lifespan:91 | [Startup] [OK] 数据库表初始化完成
2026-05-19 08:47:12.425 | INFO     | app.main:lifespan:99 | [Startup] [OK] 种子数据初始化完成
2026-05-19 08:47:12.426 | INFO     | app.main:lifespan:105 | [Startup] [OK] http://0.0.0.0:8000 | /docs | /health
2026-05-19 08:47:12.426 | INFO     | app.main:lifespan:106 | ============================================================
2026-05-19 08:47:43.157 | INFO     | app.main:lifespan:108 | ============================================================
2026-05-19 08:47:43.158 | INFO     | app.main:lifespan:109 | [STOP] 书房管理系统 正在关闭...
2026-05-19 08:47:43.158 | INFO     | app.main:lifespan:110 | ============================================================
2026-05-19 08:47:43.159 | INFO     | app.main:lifespan:116 | [Shutdown] [OK] 已安全关闭
2026-05-19 08:47:43.160 | INFO     | app.main:lifespan:117 | ============================================================
2026-05-19 08:47:47.731 | INFO     | app.main:setup_logging:77 | 日志系统已初始化 | 文件: ./logs/app.log | 错误: logs\app.error.log
2026-05-19 08:47:47.732 | INFO     | app.main:lifespan:83 | ============================================================
2026-05-19 08:47:47.733 | INFO     | app.main:lifespan:84 | [START] 书房管理系统 v2.0.0 启动中...
2026-05-19 08:47:47.735 | INFO     | app.main:lifespan:85 | ============================================================
2026-05-19 08:47:47.743 | INFO     | app.main:lifespan:91 | [Startup] [OK] 数据库表初始化完成
2026-05-19 08:47:47.831 | INFO     | app.main:lifespan:99 | [Startup] [OK] 种子数据初始化完成
2026-05-19 08:47:47.831 | INFO     | app.main:lifespan:105 | [Startup] [OK] http://0.0.0.0:8000 | /docs | /health
2026-05-19 08:47:47.832 | INFO     | app.main:lifespan:106 | ============================================================
2026-05-19 08:47:50.864 | INFO     | app.main:lifespan:108 | ============================================================
2026-05-19 08:47:50.865 | INFO     | app.main:lifespan:109 | [STOP] 书房管理系统 正在关闭...
2026-05-19 08:47:50.865 | INFO     | app.main:lifespan:110 | ============================================================
2026-05-19 08:47:50.867 | INFO     | app.main:lifespan:116 | [Shutdown] [OK] 已安全关闭
2026-05-19 08:47:50.868 | INFO     | app.main:lifespan:117 | ============================================================
2026-05-19 08:47:55.943 | INFO     | app.main:setup_logging:77 | 日志系统已初始化 | 文件: ./logs/app.log | 错误: logs\app.error.log
2026-05-19 08:47:55.944 | INFO     | app.main:lifespan:83 | ============================================================
2026-05-19 08:47:55.944 | INFO     | app.main:lifespan:84 | [START] 书房管理系统 v2.0.0 启动中...
2026-05-19 08:47:55.945 | INFO     | app.main:lifespan:85 | ============================================================
2026-05-19 08:47:55.954 | INFO     | app.main:lifespan:91 | [Startup] [OK] 数据库表初始化完成
2026-05-19 08:47:56.027 | INFO     | app.main:lifespan:99 | [Startup] [OK] 种子数据初始化完成
2026-05-19 08:47:56.028 | INFO     | app.main:lifespan:105 | [Startup] [OK] http://0.0.0.0:8000 | /docs | /health
2026-05-19 08:47:56.028 | INFO     | app.main:lifespan:106 | ============================================================
2026-05-19 08:48:26.370 | INFO     | app.main:lifespan:108 | ============================================================
2026-05-19 08:48:26.371 | INFO     | app.main:lifespan:109 | [STOP] 书房管理系统 正在关闭...
2026-05-19 08:48:26.371 | INFO     | app.main:lifespan:110 | ============================================================
2026-05-19 08:48:26.372 | INFO     | app.main:lifespan:116 | [Shutdown] [OK] 已安全关闭
2026-05-19 08:48:26.372 | INFO     | app.main:lifespan:117 | ============================================================
2026-05-19 08:48:31.309 | INFO     | app.main:setup_logging:77 | 日志系统已初始化 | 文件: ./logs/app.log | 错误: logs\app.error.log
2026-05-19 08:48:31.310 | INFO     | app.main:lifespan:83 | ============================================================
2026-05-19 08:48:31.310 | INFO     | app.main:lifespan:84 | [START] 书房管理系统 v2.0.0 启动中...
2026-05-19 08:48:31.311 | INFO     | app.main:lifespan:85 | ============================================================
2026-05-19 08:48:31.321 | INFO     | app.main:lifespan:91 | [Startup] [OK] 数据库表初始化完成
2026-05-19 08:48:31.406 | INFO     | app.main:lifespan:99 | [Startup] [OK] 种子数据初始化完成
2026-05-19 08:48:31.406 | INFO     | app.main:lifespan:105 | [Startup] [OK] http://0.0.0.0:8000 | /docs | /health
2026-05-19 08:48:31.407 | INFO     | app.main:lifespan:106 | ============================================================
2026-05-19 08:48:49.355 | INFO     | app.main:lifespan:108 | ============================================================
2026-05-19 08:48:49.355 | INFO     | app.main:lifespan:109 | [STOP] 书房管理系统 正在关闭...
2026-05-19 08:48:49.356 | INFO     | app.main:lifespan:110 | ============================================================
2026-05-19 08:48:49.357 | INFO     | app.main:lifespan:116 | [Shutdown] [OK] 已安全关闭
2026-05-19 08:48:49.357 | INFO     | app.main:lifespan:117 | ============================================================
2026-05-19 08:48:54.592 | INFO     | app.main:setup_logging:77 | 日志系统已初始化 | 文件: ./logs/app.log | 错误: logs\app.error.log
2026-05-19 08:48:54.593 | INFO     | app.main:lifespan:83 | ============================================================
2026-05-19 08:48:54.593 | INFO     | app.main:lifespan:84 | [START] 书房管理系统 v2.0.0 启动中...
2026-05-19 08:48:54.594 | INFO     | app.main:lifespan:85 | ============================================================
2026-05-19 08:48:54.603 | INFO     | app.main:lifespan:91 | [Startup] [OK] 数据库表初始化完成
2026-05-19 08:48:54.688 | INFO     | app.main:lifespan:99 | [Startup] [OK] 种子数据初始化完成
2026-05-19 08:48:54.688 | INFO     | app.main:lifespan:105 | [Startup] [OK] http://0.0.0.0:8000 | /docs | /health
2026-05-19 08:48:54.689 | INFO     | app.main:lifespan:106 | ============================================================
2026-05-19 08:48:57.418 | INFO     | app.main:lifespan:108 | ============================================================
2026-05-19 08:48:57.419 | INFO     | app.main:lifespan:109 | [STOP] 书房管理系统 正在关闭...
2026-05-19 08:48:57.419 | INFO     | app.main:lifespan:110 | ============================================================
2026-05-19 08:48:57.420 | INFO     | app.main:lifespan:116 | [Shutdown] [OK] 已安全关闭
2026-05-19 08:48:57.421 | INFO     | app.main:lifespan:117 | ============================================================
2026-05-19 08:49:02.382 | INFO     | app.main:setup_logging:77 | 日志系统已初始化 | 文件: ./logs/app.log | 错误: logs\app.error.log
2026-05-19 08:49:02.383 | INFO     | app.main:lifespan:83 | ============================================================
2026-05-19 08:49:02.383 | INFO     | app.main:lifespan:84 | [START] 书房管理系统 v2.0.0 启动中...
2026-05-19 08:49:02.384 | INFO     | app.main:lifespan:85 | ============================================================
2026-05-19 08:49:02.391 | INFO     | app.main:lifespan:91 | [Startup] [OK] 数据库表初始化完成
2026-05-19 08:49:02.469 | INFO     | app.main:lifespan:99 | [Startup] [OK] 种子数据初始化完成
2026-05-19 08:49:02.470 | INFO     | app.main:lifespan:105 | [Startup] [OK] http://0.0.0.0:8000 | /docs | /health
2026-05-19 08:49:02.470 | INFO     | app.main:lifespan:106 | ============================================================
2026-05-19 08:49:04.640 | INFO     | app.main:lifespan:108 | ============================================================
2026-05-19 08:49:04.640 | INFO     | app.main:lifespan:109 | [STOP] 书房管理系统 正在关闭...
2026-05-19 08:49:04.641 | INFO     | app.main:lifespan:110 | ============================================================
2026-05-19 08:49:04.642 | INFO     | app.main:lifespan:116 | [Shutdown] [OK] 已安全关闭
2026-05-19 08:49:04.643 | INFO     | app.main:lifespan:117 | ============================================================
2026-05-19 08:49:09.658 | INFO     | app.main:setup_logging:77 | 日志系统已初始化 | 文件: ./logs/app.log | 错误: logs\app.error.log
2026-05-19 08:49:09.658 | INFO     | app.main:lifespan:83 | ============================================================
2026-05-19 08:49:09.659 | INFO     | app.main:lifespan:84 | [START] 书房管理系统 v2.0.0 启动中...
2026-05-19 08:49:09.659 | INFO     | app.main:lifespan:85 | ============================================================
2026-05-19 08:49:09.668 | INFO     | app.main:lifespan:91 | [Startup] [OK] 数据库表初始化完成
2026-05-19 08:49:09.751 | INFO     | app.main:lifespan:99 | [Startup] [OK] 种子数据初始化完成
2026-05-19 08:49:09.752 | INFO     | app.main:lifespan:105 | [Startup] [OK] http://0.0.0.0:8000 | /docs | /health
2026-05-19 08:49:09.752 | INFO     | app.main:lifespan:106 | ============================================================
2026-05-19 08:49:11.263 | INFO     | app.main:lifespan:108 | ============================================================
2026-05-19 08:49:11.263 | INFO     | app.main:lifespan:109 | [STOP] 书房管理系统 正在关闭...
2026-05-19 08:49:11.263 | INFO     | app.main:lifespan:110 | ============================================================
2026-05-19 08:49:11.265 | INFO     | app.main:lifespan:116 | [Shutdown] [OK] 已安全关闭
2026-05-19 08:49:11.266 | INFO     | app.main:lifespan:117 | ============================================================
2026-05-19 08:49:16.521 | INFO     | app.main:setup_logging:77 | 日志系统已初始化 | 文件: ./logs/app.log | 错误: logs\app.error.log
2026-05-19 08:49:16.521 | INFO     | app.main:lifespan:83 | ============================================================
2026-05-19 08:49:16.522 | INFO     | app.main:lifespan:84 | [START] 书房管理系统 v2.0.0 启动中...
2026-05-19 08:49:16.522 | INFO     | app.main:lifespan:85 | ============================================================
2026-05-19 08:49:16.532 | INFO     | app.main:lifespan:91 | [Startup] [OK] 数据库表初始化完成
2026-05-19 08:49:16.617 | INFO     | app.main:lifespan:99 | [Startup] [OK] 种子数据初始化完成
2026-05-19 08:49:16.618 | INFO     | app.main:lifespan:105 | [Startup] [OK] http://0.0.0.0:8000 | /docs | /health
2026-05-19 08:49:16.619 | INFO     | app.main:lifespan:106 | ============================================================
2026-05-19 08:49:23.351 | INFO     | app.main:lifespan:108 | ============================================================
2026-05-19 08:49:23.352 | INFO     | app.main:lifespan:109 | [STOP] 书房管理系统 正在关闭...
2026-05-19 08:49:23.352 | INFO     | app.main:lifespan:110 | ============================================================
2026-05-19 08:49:23.353 | INFO     | app.main:lifespan:116 | [Shutdown] [OK] 已安全关闭
2026-05-19 08:49:23.354 | INFO     | app.main:lifespan:117 | ============================================================
2026-05-19 08:49:28.510 | INFO     | app.main:setup_logging:77 | 日志系统已初始化 | 文件: ./logs/app.log | 错误: logs\app.error.log
2026-05-19 08:49:28.511 | INFO     | app.main:lifespan:83 | ============================================================
2026-05-19 08:49:28.513 | INFO     | app.main:lifespan:84 | [START] 书房管理系统 v2.0.0 启动中...
2026-05-19 08:49:28.514 | INFO     | app.main:lifespan:85 | ============================================================
2026-05-19 08:49:28.527 | INFO     | app.main:lifespan:91 | [Startup] [OK] 数据库表初始化完成
2026-05-19 08:49:28.617 | INFO     | app.main:lifespan:99 | [Startup] [OK] 种子数据初始化完成
2026-05-19 08:49:28.618 | INFO     | app.main:lifespan:105 | [Startup] [OK] http://0.0.0.0:8000 | /docs | /health
2026-05-19 08:49:28.618 | INFO     | app.main:lifespan:106 | ============================================================
2026-05-19 08:49:32.860 | INFO     | app.main:lifespan:108 | ============================================================
2026-05-19 08:49:32.862 | INFO     | app.main:lifespan:109 | [STOP] 书房管理系统 正在关闭...
2026-05-19 08:49:32.863 | INFO     | app.main:lifespan:110 | ============================================================
2026-05-19 08:49:32.865 | INFO     | app.main:lifespan:116 | [Shutdown] [OK] 已安全关闭
2026-05-19 08:49:32.866 | INFO     | app.main:lifespan:117 | ============================================================
2026-05-19 08:49:37.743 | INFO     | app.main:setup_logging:77 | 日志系统已初始化 | 文件: ./logs/app.log | 错误: logs\app.error.log
2026-05-19 08:49:37.743 | INFO     | app.main:lifespan:83 | ============================================================
2026-05-19 08:49:37.744 | INFO     | app.main:lifespan:84 | [START] 书房管理系统 v2.0.0 启动中...
2026-05-19 08:49:37.746 | INFO     | app.main:lifespan:85 | ============================================================
2026-05-19 08:49:37.754 | INFO     | app.main:lifespan:91 | [Startup] [OK] 数据库表初始化完成
2026-05-19 08:49:37.833 | INFO     | app.main:lifespan:99 | [Startup] [OK] 种子数据初始化完成
2026-05-19 08:49:37.833 | INFO     | app.main:lifespan:105 | [Startup] [OK] http://0.0.0.0:8000 | /docs | /health
2026-05-19 08:49:37.834 | INFO     | app.main:lifespan:106 | ============================================================
2026-05-19 08:49:39.680 | INFO     | app.main:lifespan:108 | ============================================================
2026-05-19 08:49:39.681 | INFO     | app.main:lifespan:109 | [STOP] 书房管理系统 正在关闭...
2026-05-19 08:49:39.681 | INFO     | app.main:lifespan:110 | ============================================================
2026-05-19 08:49:39.683 | INFO     | app.main:lifespan:116 | [Shutdown] [OK] 已安全关闭
2026-05-19 08:49:39.684 | INFO     | app.main:lifespan:117 | ============================================================
2026-05-19 08:49:44.797 | INFO     | app.main:setup_logging:77 | 日志系统已初始化 | 文件: ./logs/app.log | 错误: logs\app.error.log
2026-05-19 08:49:44.798 | INFO     | app.main:lifespan:83 | ============================================================
2026-05-19 08:49:44.798 | INFO     | app.main:lifespan:84 | [START] 书房管理系统 v2.0.0 启动中...
2026-05-19 08:49:44.799 | INFO     | app.main:lifespan:85 | ============================================================
2026-05-19 08:49:44.809 | INFO     | app.main:lifespan:91 | [Startup] [OK] 数据库表初始化完成
2026-05-19 08:49:44.891 | INFO     | app.main:lifespan:99 | [Startup] [OK] 种子数据初始化完成
2026-05-19 08:49:44.892 | INFO     | app.main:lifespan:105 | [Startup] [OK] http://0.0.0.0:8000 | /docs | /health
2026-05-19 08:49:44.892 | INFO     | app.main:lifespan:106 | ============================================================
2026-05-19 08:49:47.164 | INFO     | app.main:lifespan:108 | ============================================================
2026-05-19 08:49:47.164 | INFO     | app.main:lifespan:109 | [STOP] 书房管理系统 正在关闭...
2026-05-19 08:49:47.165 | INFO     | app.main:lifespan:110 | ============================================================
2026-05-19 08:49:47.166 | INFO     | app.main:lifespan:116 | [Shutdown] [OK] 已安全关闭
2026-05-19 08:49:47.167 | INFO     | app.main:lifespan:117 | ============================================================
2026-05-19 08:49:51.969 | INFO     | app.main:setup_logging:77 | 日志系统已初始化 | 文件: ./logs/app.log | 错误: logs\app.error.log
2026-05-19 08:49:51.969 | INFO     | app.main:lifespan:83 | ============================================================
2026-05-19 08:49:51.970 | INFO     | app.main:lifespan:84 | [START] 书房管理系统 v2.0.0 启动中...
2026-05-19 08:49:51.971 | INFO     | app.main:lifespan:85 | ============================================================
2026-05-19 08:49:51.981 | INFO     | app.main:lifespan:91 | [Startup] [OK] 数据库表初始化完成
2026-05-19 08:49:52.103 | INFO     | app.main:lifespan:99 | [Startup] [OK] 种子数据初始化完成
2026-05-19 08:49:52.105 | INFO     | app.main:lifespan:105 | [Startup] [OK] http://0.0.0.0:8000 | /docs | /health
2026-05-19 08:49:52.106 | INFO     | app.main:lifespan:106 | ============================================================
2026-05-19 08:49:54.397 | INFO     | app.main:lifespan:108 | ============================================================
2026-05-19 08:49:54.398 | INFO     | app.main:lifespan:109 | [STOP] 书房管理系统 正在关闭...
2026-05-19 08:49:54.398 | INFO     | app.main:lifespan:110 | ============================================================
2026-05-19 08:49:54.399 | INFO     | app.main:lifespan:116 | [Shutdown] [OK] 已安全关闭
2026-05-19 08:49:54.399 | INFO     | app.main:lifespan:117 | ============================================================
2026-05-19 08:49:59.271 | INFO     | app.main:setup_logging:77 | 日志系统已初始化 | 文件: ./logs/app.log | 错误: logs\app.error.log
2026-05-19 08:49:59.271 | INFO     | app.main:lifespan:83 | ============================================================
2026-05-19 08:49:59.272 | INFO     | app.main:lifespan:84 | [START] 书房管理系统 v2.0.0 启动中...
2026-05-19 08:49:59.272 | INFO     | app.main:lifespan:85 | ============================================================
2026-05-19 08:49:59.281 | INFO     | app.main:lifespan:91 | [Startup] [OK] 数据库表初始化完成
2026-05-19 08:49:59.365 | INFO     | app.main:lifespan:99 | [Startup] [OK] 种子数据初始化完成
2026-05-19 08:49:59.366 | INFO     | app.main:lifespan:105 | [Startup] [OK] http://0.0.0.0:8000 | /docs | /health
2026-05-19 08:49:59.366 | INFO     | app.main:lifespan:106 | ============================================================
2026-05-19 08:50:01.421 | INFO     | app.main:lifespan:108 | ============================================================
2026-05-19 08:50:01.422 | INFO     | app.main:lifespan:109 | [STOP] 书房管理系统 正在关闭...
2026-05-19 08:50:01.422 | INFO     | app.main:lifespan:110 | ============================================================
2026-05-19 08:50:01.424 | INFO     | app.main:lifespan:116 | [Shutdown] [OK] 已安全关闭
2026-05-19 08:50:01.424 | INFO     | app.main:lifespan:117 | ============================================================
2026-05-19 08:50:06.520 | INFO     | app.main:setup_logging:77 | 日志系统已初始化 | 文件: ./logs/app.log | 错误: logs\app.error.log
2026-05-19 08:50:06.521 | INFO     | app.main:lifespan:83 | ============================================================
2026-05-19 08:50:06.521 | INFO     | app.main:lifespan:84 | [START] 书房管理系统 v2.0.0 启动中...
2026-05-19 08:50:06.522 | INFO     | app.main:lifespan:85 | ============================================================
2026-05-19 08:50:06.534 | INFO     | app.main:lifespan:91 | [Startup] [OK] 数据库表初始化完成
2026-05-19 08:50:06.608 | INFO     | app.main:lifespan:99 | [Startup] [OK] 种子数据初始化完成
2026-05-19 08:50:06.608 | INFO     | app.main:lifespan:105 | [Startup] [OK] http://0.0.0.0:8000 | /docs | /health
2026-05-19 08:50:06.609 | INFO     | app.main:lifespan:106 | ============================================================
2026-05-19 08:50:23.670 | INFO     | app.main:lifespan:108 | ============================================================
2026-05-19 08:50:23.671 | INFO     | app.main:lifespan:109 | [STOP] 书房管理系统 正在关闭...
2026-05-19 08:50:23.671 | INFO     | app.main:lifespan:110 | ============================================================
2026-05-19 08:50:23.673 | INFO     | app.main:lifespan:116 | [Shutdown] [OK] 已安全关闭
2026-05-19 08:50:23.673 | INFO     | app.main:lifespan:117 | ============================================================
2026-05-19 08:50:28.451 | INFO     | app.main:setup_logging:77 | 日志系统已初始化 | 文件: ./logs/app.log | 错误: logs\app.error.log
2026-05-19 08:50:28.452 | INFO     | app.main:lifespan:83 | ============================================================
2026-05-19 08:50:28.452 | INFO     | app.main:lifespan:84 | [START] 书房管理系统 v2.0.0 启动中...
2026-05-19 08:50:28.453 | INFO     | app.main:lifespan:85 | ============================================================
2026-05-19 08:50:28.461 | INFO     | app.main:lifespan:91 | [Startup] [OK] 数据库表初始化完成
2026-05-19 08:50:28.538 | INFO     | app.main:lifespan:99 | [Startup] [OK] 种子数据初始化完成
2026-05-19 08:50:28.538 | INFO     | app.main:lifespan:105 | [Startup] [OK] http://0.0.0.0:8000 | /docs | /health
2026-05-19 08:50:28.539 | INFO     | app.main:lifespan:106 | ============================================================
2026-05-19 08:51:01.141 | INFO     | app.main:setup_logging:77 | 日志系统已初始化 | 文件: ./logs/app.log | 错误: logs\app.error.log
2026-05-19 08:51:01.142 | INFO     | app.main:lifespan:83 | ============================================================
2026-05-19 08:51:01.142 | INFO     | app.main:lifespan:84 | [START] 书房管理系统 v2.0.0 启动中...
2026-05-19 08:51:01.143 | INFO     | app.main:lifespan:85 | ============================================================
2026-05-19 08:51:01.150 | INFO     | app.main:lifespan:91 | [Startup] [OK] 数据库表初始化完成
2026-05-19 08:51:01.232 | INFO     | app.main:lifespan:99 | [Startup] [OK] 种子数据初始化完成
2026-05-19 08:51:01.232 | INFO     | app.main:lifespan:105 | [Startup] [OK] http://0.0.0.0:8000 | /docs | /health
2026-05-19 08:51:01.232 | INFO     | app.main:lifespan:106 | ============================================================
2026-05-19 08:55:02.698 | INFO     | app.main:lifespan:108 | ============================================================
2026-05-19 08:55:02.698 | INFO     | app.main:lifespan:109 | [STOP] 书房管理系统 正在关闭...
2026-05-19 08:55:02.699 | INFO     | app.main:lifespan:110 | ============================================================
2026-05-19 08:55:02.701 | INFO     | app.main:lifespan:116 | [Shutdown] [OK] 已安全关闭
2026-05-19 08:55:02.701 | INFO     | app.main:lifespan:117 | ============================================================
2026-05-19 08:55:11.500 | INFO     | app.main:setup_logging:77 | 日志系统已初始化 | 文件: ./logs/app.log | 错误: logs\app.error.log
2026-05-19 08:55:11.501 | INFO     | app.main:lifespan:83 | ============================================================
2026-05-19 08:55:11.502 | INFO     | app.main:lifespan:84 | [START] 书房管理系统 v2.0.0 启动中...
2026-05-19 08:55:11.503 | INFO     | app.main:lifespan:85 | ============================================================
2026-05-19 08:55:11.518 | INFO     | app.main:lifespan:91 | [Startup] [OK] 数据库表初始化完成
2026-05-19 08:55:11.638 | INFO     | app.main:lifespan:99 | [Startup] [OK] 种子数据初始化完成
2026-05-19 08:55:11.639 | INFO     | app.main:lifespan:105 | [Startup] [OK] http://0.0.0.0:8000 | /docs | /health
2026-05-19 08:55:11.640 | INFO     | app.main:lifespan:106 | ============================================================
2026-05-19 08:55:18.008 | INFO     | app.main:setup_logging:77 | 日志系统已初始化 | 文件: ./logs/app.log | 错误: logs\app.error.log
2026-05-19 08:55:18.009 | INFO     | app.main:lifespan:83 | ============================================================
2026-05-19 08:55:18.010 | INFO     | app.main:lifespan:84 | [START] 书房管理系统 v2.0.0 启动中...
2026-05-19 08:55:18.011 | INFO     | app.main:lifespan:85 | ============================================================
2026-05-19 08:55:18.025 | INFO     | app.main:lifespan:91 | [Startup] [OK] 数据库表初始化完成
2026-05-19 08:55:18.129 | INFO     | app.main:lifespan:99 | [Startup] [OK] 种子数据初始化完成
2026-05-19 08:55:18.129 | INFO     | app.main:lifespan:105 | [Startup] [OK] http://0.0.0.0:8000 | /docs | /health
2026-05-19 08:55:18.130 | INFO     | app.main:lifespan:106 | ============================================================
2026-05-19 08:55:28.850 | INFO     | app.main:lifespan:108 | ============================================================
2026-05-19 08:55:28.851 | INFO     | app.main:lifespan:109 | [STOP] 书房管理系统 正在关闭...
2026-05-19 08:55:28.851 | INFO     | app.main:lifespan:110 | ============================================================
2026-05-19 08:55:28.852 | INFO     | app.main:lifespan:116 | [Shutdown] [OK] 已安全关闭
2026-05-19 08:55:28.853 | INFO     | app.main:lifespan:117 | ============================================================
2026-05-19 08:55:36.422 | INFO     | app.main:setup_logging:77 | 日志系统已初始化 | 文件: ./logs/app.log | 错误: logs\app.error.log
2026-05-19 08:55:36.423 | INFO     | app.main:lifespan:83 | ============================================================
2026-05-19 08:55:36.424 | INFO     | app.main:lifespan:84 | [START] 书房管理系统 v2.0.0 启动中...
2026-05-19 08:55:36.424 | INFO     | app.main:lifespan:85 | ============================================================
2026-05-19 08:55:36.436 | INFO     | app.main:lifespan:91 | [Startup] [OK] 数据库表初始化完成
2026-05-19 08:55:36.538 | INFO     | app.main:lifespan:99 | [Startup] [OK] 种子数据初始化完成
2026-05-19 08:55:36.539 | INFO     | app.main:lifespan:105 | [Startup] [OK] http://0.0.0.0:8000 | /docs | /health
2026-05-19 08:55:36.539 | INFO     | app.main:lifespan:106 | ============================================================
2026-05-19 08:55:48.788 | INFO     | app.main:lifespan:108 | ============================================================
2026-05-19 08:55:48.788 | INFO     | app.main:lifespan:109 | [STOP] 书房管理系统 正在关闭...
2026-05-19 08:55:48.788 | INFO     | app.main:lifespan:110 | ============================================================
2026-05-19 08:55:48.790 | INFO     | app.main:lifespan:116 | [Shutdown] [OK] 已安全关闭
2026-05-19 08:55:48.790 | INFO     | app.main:lifespan:117 | ============================================================
2026-05-19 08:55:55.120 | INFO     | app.main:setup_logging:77 | 日志系统已初始化 | 文件: ./logs/app.log | 错误: logs\app.error.log
2026-05-19 08:55:55.120 | INFO     | app.main:lifespan:83 | ============================================================
2026-05-19 08:55:55.121 | INFO     | app.main:lifespan:84 | [START] 书房管理系统 v2.0.0 启动中...
2026-05-19 08:55:55.122 | INFO     | app.main:lifespan:85 | ============================================================
2026-05-19 08:55:55.135 | INFO     | app.main:lifespan:91 | [Startup] [OK] 数据库表初始化完成
2026-05-19 08:55:55.236 | INFO     | app.main:lifespan:99 | [Startup] [OK] 种子数据初始化完成
2026-05-19 08:55:55.237 | INFO     | app.main:lifespan:105 | [Startup] [OK] http://0.0.0.0:8000 | /docs | /health
2026-05-19 08:55:55.237 | INFO     | app.main:lifespan:106 | ============================================================
2026-05-19 08:56:08.247 | INFO     | app.main:lifespan:108 | ============================================================
2026-05-19 08:56:08.247 | INFO     | app.main:lifespan:109 | [STOP] 书房管理系统 正在关闭...
2026-05-19 08:56:08.248 | INFO     | app.main:lifespan:110 | ============================================================
2026-05-19 08:56:08.250 | INFO     | app.main:lifespan:116 | [Shutdown] [OK] 已安全关闭
2026-05-19 08:56:08.250 | INFO     | app.main:lifespan:117 | ============================================================
2026-05-19 08:56:15.239 | INFO     | app.main:setup_logging:77 | 日志系统已初始化 | 文件: ./logs/app.log | 错误: logs\app.error.log
2026-05-19 08:56:15.240 | INFO     | app.main:lifespan:83 | ============================================================
2026-05-19 08:56:15.240 | INFO     | app.main:lifespan:84 | [START] 书房管理系统 v2.0.0 启动中...
2026-05-19 08:56:15.241 | INFO     | app.main:lifespan:85 | ============================================================
2026-05-19 08:56:15.251 | INFO     | app.main:lifespan:91 | [Startup] [OK] 数据库表初始化完成
2026-05-19 08:56:15.330 | INFO     | app.main:lifespan:99 | [Startup] [OK] 种子数据初始化完成
2026-05-19 08:56:15.331 | INFO     | app.main:lifespan:105 | [Startup] [OK] http://0.0.0.0:8000 | /docs | /health
2026-05-19 08:56:15.331 | INFO     | app.main:lifespan:106 | ============================================================
2026-05-19 08:56:16.314 | INFO     | app.main:lifespan:108 | ============================================================
2026-05-19 08:56:16.315 | INFO     | app.main:lifespan:109 | [STOP] 书房管理系统 正在关闭...
2026-05-19 08:56:16.315 | INFO     | app.main:lifespan:110 | ============================================================
2026-05-19 08:56:16.317 | INFO     | app.main:lifespan:116 | [Shutdown] [OK] 已安全关闭
2026-05-19 08:56:16.317 | INFO     | app.main:lifespan:117 | ============================================================
2026-05-19 08:56:22.064 | INFO     | app.main:setup_logging:77 | 日志系统已初始化 | 文件: ./logs/app.log | 错误: logs\app.error.log
2026-05-19 08:56:22.065 | INFO     | app.main:lifespan:83 | ============================================================
2026-05-19 08:56:22.066 | INFO     | app.main:lifespan:84 | [START] 书房管理系统 v2.0.0 启动中...
2026-05-19 08:56:22.066 | INFO     | app.main:lifespan:85 | ============================================================
2026-05-19 08:56:22.075 | INFO     | app.main:lifespan:91 | [Startup] [OK] 数据库表初始化完成
2026-05-19 08:56:22.171 | INFO     | app.main:lifespan:99 | [Startup] [OK] 种子数据初始化完成
2026-05-19 08:56:22.171 | INFO     | app.main:lifespan:105 | [Startup] [OK] http://0.0.0.0:8000 | /docs | /health
2026-05-19 08:56:22.173 | INFO     | app.main:lifespan:106 | ============================================================
2026-05-19 08:56:33.901 | INFO     | app.main:lifespan:108 | ============================================================
2026-05-19 08:56:33.902 | INFO     | app.main:lifespan:109 | [STOP] 书房管理系统 正在关闭...
2026-05-19 08:56:33.903 | INFO     | app.main:lifespan:110 | ============================================================
2026-05-19 08:56:33.905 | INFO     | app.main:lifespan:116 | [Shutdown] [OK] 已安全关闭
2026-05-19 08:56:33.905 | INFO     | app.main:lifespan:117 | ============================================================
2026-05-19 08:56:41.757 | INFO     | app.main:setup_logging:77 | 日志系统已初始化 | 文件: ./logs/app.log | 错误: logs\app.error.log
2026-05-19 08:56:41.763 | INFO     | app.main:lifespan:83 | ============================================================
2026-05-19 08:56:41.766 | INFO     | app.main:lifespan:84 | [START] 书房管理系统 v2.0.0 启动中...
2026-05-19 08:56:41.768 | INFO     | app.main:lifespan:85 | ============================================================
2026-05-19 08:56:41.864 | INFO     | app.main:lifespan:91 | [Startup] [OK] 数据库表初始化完成
2026-05-19 08:56:42.092 | INFO     | app.main:lifespan:99 | [Startup] [OK] 种子数据初始化完成
2026-05-19 08:56:42.094 | INFO     | app.main:lifespan:105 | [Startup] [OK] http://0.0.0.0:8000 | /docs | /health
2026-05-19 08:56:42.095 | INFO     | app.main:lifespan:106 | ============================================================
2026-05-19 08:56:52.587 | INFO     | app.main:setup_logging:77 | 日志系统已初始化 | 文件: ./logs/app.log | 错误: logs\app.error.log
2026-05-19 08:56:52.587 | INFO     | app.main:lifespan:83 | ============================================================
2026-05-19 08:56:52.588 | INFO     | app.main:lifespan:84 | [START] 书房管理系统 v2.0.0 启动中...
2026-05-19 08:56:52.588 | INFO     | app.main:lifespan:85 | ============================================================
2026-05-19 08:56:52.599 | INFO     | app.main:lifespan:91 | [Startup] [OK] 数据库表初始化完成
2026-05-19 08:56:52.726 | INFO     | app.main:lifespan:99 | [Startup] [OK] 种子数据初始化完成
2026-05-19 08:56:52.727 | INFO     | app.main:lifespan:105 | [Startup] [OK] http://0.0.0.0:8000 | /docs | /health
2026-05-19 08:56:52.727 | INFO     | app.main:lifespan:106 | ============================================================
2026-05-19 09:30:50.385 | INFO     | app.main:lifespan:108 | ============================================================
2026-05-19 09:30:50.386 | INFO     | app.main:lifespan:109 | [STOP] 书房管理系统 正在关闭...
2026-05-19 09:30:50.387 | INFO     | app.main:lifespan:110 | ============================================================
2026-05-19 09:30:50.391 | INFO     | app.main:lifespan:116 | [Shutdown] [OK] 已安全关闭
2026-05-19 09:30:50.391 | INFO     | app.main:lifespan:117 | ============================================================
2026-05-19 09:30:58.128 | INFO     | app.main:setup_logging:77 | 日志系统已初始化 | 文件: ./logs/app.log | 错误: logs\app.error.log
2026-05-19 09:30:58.128 | INFO     | app.main:lifespan:83 | ============================================================
2026-05-19 09:30:58.129 | INFO     | app.main:lifespan:84 | [START] 书房管理系统 v2.0.0 启动中...
2026-05-19 09:30:58.130 | INFO     | app.main:lifespan:85 | ============================================================
2026-05-19 09:30:58.142 | INFO     | app.main:lifespan:91 | [Startup] [OK] 数据库表初始化完成
2026-05-19 09:30:58.231 | INFO     | app.main:lifespan:99 | [Startup] [OK] 种子数据初始化完成
2026-05-19 09:30:58.232 | INFO     | app.main:lifespan:105 | [Startup] [OK] http://0.0.0.0:8000 | /docs | /health
2026-05-19 09:30:58.232 | INFO     | app.main:lifespan:106 | ============================================================
2026-05-19 09:31:20.001 | INFO     | app.main:lifespan:108 | ============================================================
2026-05-19 09:31:20.002 | INFO     | app.main:lifespan:109 | [STOP] 书房管理系统 正在关闭...
2026-05-19 09:31:20.003 | INFO     | app.main:lifespan:110 | ============================================================
2026-05-19 09:31:20.010 | INFO     | app.main:lifespan:116 | [Shutdown] [OK] 已安全关闭
2026-05-19 09:31:20.011 | INFO     | app.main:lifespan:117 | ============================================================
2026-05-19 09:31:30.201 | INFO     | app.main:setup_logging:77 | 日志系统已初始化 | 文件: ./logs/app.log | 错误: logs\app.error.log
2026-05-19 09:31:30.202 | INFO     | app.main:lifespan:83 | ============================================================
2026-05-19 09:31:30.203 | INFO     | app.main:lifespan:84 | [START] 书房管理系统 v2.0.0 启动中...
2026-05-19 09:31:30.204 | INFO     | app.main:lifespan:85 | ============================================================
2026-05-19 09:31:30.216 | INFO     | app.main:lifespan:91 | [Startup] [OK] 数据库表初始化完成
2026-05-19 09:31:30.333 | INFO     | app.main:lifespan:99 | [Startup] [OK] 种子数据初始化完成
2026-05-19 09:31:30.334 | INFO     | app.main:lifespan:105 | [Startup] [OK] http://0.0.0.0:8000 | /docs | /health
2026-05-19 09:31:30.335 | INFO     | app.main:lifespan:106 | ============================================================
2026-05-19 09:31:37.715 | INFO     | app.main:lifespan:108 | ============================================================
2026-05-19 09:31:37.716 | INFO     | app.main:lifespan:109 | [STOP] 书房管理系统 正在关闭...
2026-05-19 09:31:37.716 | INFO     | app.main:lifespan:110 | ============================================================
2026-05-19 09:31:37.718 | INFO     | app.main:lifespan:116 | [Shutdown] [OK] 已安全关闭
2026-05-19 09:31:37.719 | INFO     | app.main:lifespan:117 | ============================================================
2026-05-19 09:31:46.564 | INFO     | app.main:setup_logging:77 | 日志系统已初始化 | 文件: ./logs/app.log | 错误: logs\app.error.log
2026-05-19 09:31:46.564 | INFO     | app.main:lifespan:83 | ============================================================
2026-05-19 09:31:46.565 | INFO     | app.main:lifespan:84 | [START] 书房管理系统 v2.0.0 启动中...
2026-05-19 09:31:46.566 | INFO     | app.main:lifespan:85 | ============================================================
2026-05-19 09:31:46.579 | INFO     | app.main:lifespan:91 | [Startup] [OK] 数据库表初始化完成
2026-05-19 09:31:46.695 | INFO     | app.main:lifespan:99 | [Startup] [OK] 种子数据初始化完成
2026-05-19 09:31:46.696 | INFO     | app.main:lifespan:105 | [Startup] [OK] http://0.0.0.0:8000 | /docs | /health
2026-05-19 09:31:46.697 | INFO     | app.main:lifespan:106 | ============================================================
2026-05-19 09:31:54.291 | INFO     | app.main:lifespan:108 | ============================================================
2026-05-19 09:31:54.291 | INFO     | app.main:lifespan:109 | [STOP] 书房管理系统 正在关闭...
2026-05-19 09:31:54.292 | INFO     | app.main:lifespan:110 | ============================================================
2026-05-19 09:31:54.295 | INFO     | app.main:lifespan:116 | [Shutdown] [OK] 已安全关闭
2026-05-19 09:31:54.295 | INFO     | app.main:lifespan:117 | ============================================================
2026-05-19 09:32:03.093 | INFO     | app.main:setup_logging:77 | 日志系统已初始化 | 文件: ./logs/app.log | 错误: logs\app.error.log
2026-05-19 09:32:03.095 | INFO     | app.main:lifespan:83 | ============================================================
2026-05-19 09:32:03.096 | INFO     | app.main:lifespan:84 | [START] 书房管理系统 v2.0.0 启动中...
2026-05-19 09:32:03.100 | INFO     | app.main:lifespan:85 | ============================================================
2026-05-19 09:32:03.127 | INFO     | app.main:lifespan:91 | [Startup] [OK] 数据库表初始化完成
2026-05-19 09:32:03.286 | INFO     | app.main:lifespan:99 | [Startup] [OK] 种子数据初始化完成
2026-05-19 09:32:03.287 | INFO     | app.main:lifespan:105 | [Startup] [OK] http://0.0.0.0:8000 | /docs | /health
2026-05-19 09:32:03.288 | INFO     | app.main:lifespan:106 | ============================================================
2026-05-19 09:32:05.786 | INFO     | app.main:lifespan:108 | ============================================================
2026-05-19 09:32:05.787 | INFO     | app.main:lifespan:109 | [STOP] 书房管理系统 正在关闭...
2026-05-19 09:32:05.789 | INFO     | app.main:lifespan:110 | ============================================================
2026-05-19 09:32:05.791 | INFO     | app.main:lifespan:116 | [Shutdown] [OK] 已安全关闭
2026-05-19 09:32:05.792 | INFO     | app.main:lifespan:117 | ============================================================
2026-05-19 09:32:13.391 | INFO     | app.main:setup_logging:77 | 日志系统已初始化 | 文件: ./logs/app.log | 错误: logs\app.error.log
2026-05-19 09:32:13.391 | INFO     | app.main:lifespan:83 | ============================================================
2026-05-19 09:32:13.392 | INFO     | app.main:lifespan:84 | [START] 书房管理系统 v2.0.0 启动中...
2026-05-19 09:32:13.392 | INFO     | app.main:lifespan:85 | ============================================================
2026-05-19 09:32:13.403 | INFO     | app.main:lifespan:91 | [Startup] [OK] 数据库表初始化完成
2026-05-19 09:32:13.527 | INFO     | app.main:lifespan:99 | [Startup] [OK] 种子数据初始化完成
2026-05-19 09:32:13.528 | INFO     | app.main:lifespan:105 | [Startup] [OK] http://0.0.0.0:8000 | /docs | /health
2026-05-19 09:32:13.528 | INFO     | app.main:lifespan:106 | ============================================================
2026-05-19 09:32:23.860 | INFO     | app.main:lifespan:108 | ============================================================
2026-05-19 09:32:23.861 | INFO     | app.main:lifespan:109 | [STOP] 书房管理系统 正在关闭...
2026-05-19 09:32:23.863 | INFO     | app.main:lifespan:110 | ============================================================
2026-05-19 09:32:23.872 | INFO     | app.main:lifespan:116 | [Shutdown] [OK] 已安全关闭
2026-05-19 09:32:23.876 | INFO     | app.main:lifespan:117 | ============================================================
2026-05-19 09:32:32.547 | INFO     | app.main:setup_logging:77 | 日志系统已初始化 | 文件: ./logs/app.log | 错误: logs\app.error.log
2026-05-19 09:32:32.548 | INFO     | app.main:lifespan:83 | ============================================================
2026-05-19 09:32:32.549 | INFO     | app.main:lifespan:84 | [START] 书房管理系统 v2.0.0 启动中...
2026-05-19 09:32:32.549 | INFO     | app.main:lifespan:85 | ============================================================
2026-05-19 09:32:32.563 | INFO     | app.main:lifespan:91 | [Startup] [OK] 数据库表初始化完成
2026-05-19 09:32:32.706 | INFO     | app.main:lifespan:99 | [Startup] [OK] 种子数据初始化完成
2026-05-19 09:32:32.707 | INFO     | app.main:lifespan:105 | [Startup] [OK] http://0.0.0.0:8000 | /docs | /health
2026-05-19 09:32:32.708 | INFO     | app.main:lifespan:106 | ============================================================
2026-05-19 09:39:25.379 | INFO     | app.main:lifespan:108 | ============================================================
2026-05-19 09:39:25.383 | INFO     | app.main:lifespan:109 | [STOP] 书房管理系统 正在关闭...
2026-05-19 09:39:25.390 | INFO     | app.main:lifespan:110 | ============================================================
2026-05-19 09:39:25.410 | INFO     | app.main:lifespan:116 | [Shutdown] [OK] 已安全关闭
2026-05-19 09:39:25.417 | INFO     | app.main:lifespan:117 | ============================================================
2026-05-19 09:39:40.270 | INFO     | app.main:setup_logging:77 | 日志系统已初始化 | 文件: ./logs/app.log | 错误: logs\app.error.log
2026-05-19 09:39:40.271 | INFO     | app.main:lifespan:83 | ============================================================
2026-05-19 09:39:40.272 | INFO     | app.main:lifespan:84 | [START] 书房管理系统 v2.0.0 启动中...
2026-05-19 09:39:40.273 | INFO     | app.main:lifespan:85 | ============================================================
2026-05-19 09:39:40.287 | INFO     | app.main:lifespan:91 | [Startup] [OK] 数据库表初始化完成
2026-05-19 09:39:40.424 | INFO     | app.main:lifespan:99 | [Startup] [OK] 种子数据初始化完成
2026-05-19 09:39:40.425 | INFO     | app.main:lifespan:105 | [Startup] [OK] http://0.0.0.0:8000 | /docs | /health
2026-05-19 09:39:40.426 | INFO     | app.main:lifespan:106 | ============================================================
2026-05-19 09:40:43.788 | INFO     | app.main:setup_logging:77 | 日志系统已初始化 | 文件: ./logs/app.log | 错误: logs\app.error.log
2026-05-19 09:40:43.789 | INFO     | app.main:lifespan:83 | ============================================================
2026-05-19 09:40:43.790 | INFO     | app.main:lifespan:84 | [START] 书房管理系统 v2.0.0 启动中...
2026-05-19 09:40:43.791 | INFO     | app.main:lifespan:85 | ============================================================
2026-05-19 09:40:43.804 | INFO     | app.main:lifespan:91 | [Startup] [OK] 数据库表初始化完成
2026-05-19 09:40:43.963 | INFO     | app.main:lifespan:99 | [Startup] [OK] 种子数据初始化完成
2026-05-19 09:40:43.964 | INFO     | app.main:lifespan:105 | [Startup] [OK] http://0.0.0.0:8000 | /docs | /health
2026-05-19 09:40:43.964 | INFO     | app.main:lifespan:106 | ============================================================
2026-05-19 09:48:31.615 | INFO     | app.main:lifespan:108 | ============================================================
2026-05-19 09:48:31.618 | INFO     | app.main:lifespan:109 | [STOP] 书房管理系统 正在关闭...
2026-05-19 09:48:31.620 | INFO     | app.main:lifespan:110 | ============================================================
2026-05-19 09:48:31.628 | INFO     | app.main:lifespan:116 | [Shutdown] [OK] 已安全关闭
2026-05-19 09:48:31.629 | INFO     | app.main:lifespan:117 | ============================================================
2026-05-19 09:48:44.654 | INFO     | app.main:setup_logging:77 | 日志系统已初始化 | 文件: ./logs/app.log | 错误: logs\app.error.log
2026-05-19 09:48:44.656 | INFO     | app.main:lifespan:83 | ============================================================
2026-05-19 09:48:44.657 | INFO     | app.main:lifespan:84 | [START] 书房管理系统 v2.0.0 启动中...
2026-05-19 09:48:44.658 | INFO     | app.main:lifespan:85 | ============================================================
2026-05-19 09:48:44.673 | INFO     | app.main:lifespan:91 | [Startup] [OK] 数据库表初始化完成
2026-05-19 09:48:44.819 | INFO     | app.main:lifespan:99 | [Startup] [OK] 种子数据初始化完成
2026-05-19 09:48:44.822 | INFO     | app.main:lifespan:105 | [Startup] [OK] http://0.0.0.0:8000 | /docs | /health
2026-05-19 09:48:44.823 | INFO     | app.main:lifespan:106 | ============================================================
2026-05-19 10:00:22.642 | INFO     | app.main:lifespan:108 | ============================================================
2026-05-19 10:00:22.643 | INFO     | app.main:lifespan:109 | [STOP] 书房管理系统 正在关闭...
2026-05-19 10:00:22.644 | INFO     | app.main:lifespan:110 | ============================================================
2026-05-19 10:00:22.648 | INFO     | app.main:lifespan:116 | [Shutdown] [OK] 已安全关闭
2026-05-19 10:00:22.648 | INFO     | app.main:lifespan:117 | ============================================================
2026-05-19 10:00:29.099 | INFO     | app.main:setup_logging:77 | 日志系统已初始化 | 文件: ./logs/app.log | 错误: logs\app.error.log
2026-05-19 10:00:29.100 | INFO     | app.main:lifespan:83 | ============================================================
2026-05-19 10:00:29.100 | INFO     | app.main:lifespan:84 | [START] 书房管理系统 v2.0.0 启动中...
2026-05-19 10:00:29.101 | INFO     | app.main:lifespan:85 | ============================================================
2026-05-19 10:00:29.110 | INFO     | app.main:lifespan:91 | [Startup] [OK] 数据库表初始化完成
2026-05-19 10:00:29.188 | INFO     | app.main:lifespan:99 | [Startup] [OK] 种子数据初始化完成
2026-05-19 10:00:29.189 | INFO     | app.main:lifespan:105 | [Startup] [OK] http://0.0.0.0:8000 | /docs | /health
2026-05-19 10:00:29.190 | INFO     | app.main:lifespan:106 | ============================================================
2026-05-19 10:02:23.392 | INFO     | app.main:setup_logging:77 | 日志系统已初始化 | 文件: ./logs/app.log | 错误: logs\app.error.log
2026-05-19 10:02:23.392 | INFO     | app.main:lifespan:83 | ============================================================
2026-05-19 10:02:23.393 | INFO     | app.main:lifespan:84 | [START] 书房管理系统 v2.0.0 启动中...
2026-05-19 10:02:23.393 | INFO     | app.main:lifespan:85 | ============================================================
2026-05-19 10:02:23.402 | INFO     | app.main:lifespan:91 | [Startup] [OK] 数据库表初始化完成
2026-05-19 10:02:23.512 | INFO     | app.main:lifespan:99 | [Startup] [OK] 种子数据初始化完成
2026-05-19 10:02:23.513 | INFO     | app.main:lifespan:105 | [Startup] [OK] http://0.0.0.0:8000 | /docs | /health
2026-05-19 10:02:23.514 | INFO     | app.main:lifespan:106 | ============================================================
2026-05-19 10:11:27.250 | INFO     | app.main:lifespan:108 | ============================================================
2026-05-19 10:11:27.252 | INFO     | app.main:lifespan:109 | [STOP] 书房管理系统 正在关闭...
2026-05-19 10:11:27.254 | INFO     | app.main:lifespan:110 | ============================================================
2026-05-19 10:11:27.258 | INFO     | app.main:lifespan:116 | [Shutdown] [OK] 已安全关闭
2026-05-19 10:11:27.258 | INFO     | app.main:lifespan:117 | ============================================================
2026-05-19 10:11:44.363 | INFO     | app.main:setup_logging:77 | 日志系统已初始化 | 文件: ./logs/app.log | 错误: logs\app.error.log
2026-05-19 10:11:44.364 | INFO     | app.main:lifespan:83 | ============================================================
2026-05-19 10:11:44.365 | INFO     | app.main:lifespan:84 | [START] 书房管理系统 v2.0.0 启动中...
2026-05-19 10:11:44.365 | INFO     | app.main:lifespan:85 | ============================================================
2026-05-19 10:11:44.374 | INFO     | app.main:lifespan:91 | [Startup] [OK] 数据库表初始化完成
2026-05-19 10:11:44.448 | INFO     | app.main:lifespan:99 | [Startup] [OK] 种子数据初始化完成
2026-05-19 10:11:44.449 | INFO     | app.main:lifespan:105 | [Startup] [OK] http://0.0.0.0:8000 | /docs | /health
2026-05-19 10:11:44.450 | INFO     | app.main:lifespan:106 | ============================================================
2026-05-19 10:11:52.064 | INFO     | app.main:lifespan:108 | ============================================================
2026-05-19 10:11:52.064 | INFO     | app.main:lifespan:109 | [STOP] 书房管理系统 正在关闭...
2026-05-19 10:11:52.065 | INFO     | app.main:lifespan:110 | ============================================================
2026-05-19 10:11:52.066 | INFO     | app.main:lifespan:116 | [Shutdown] [OK] 已安全关闭
2026-05-19 10:11:52.066 | INFO     | app.main:lifespan:117 | ============================================================
2026-05-19 10:11:57.464 | INFO     | app.main:setup_logging:77 | 日志系统已初始化 | 文件: ./logs/app.log | 错误: logs\app.error.log
2026-05-19 10:11:57.464 | INFO     | app.main:lifespan:83 | ============================================================
2026-05-19 10:11:57.465 | INFO     | app.main:lifespan:84 | [START] 书房管理系统 v2.0.0 启动中...
2026-05-19 10:11:57.467 | INFO     | app.main:lifespan:85 | ============================================================
2026-05-19 10:11:57.482 | INFO     | app.main:lifespan:91 | [Startup] [OK] 数据库表初始化完成
2026-05-19 10:11:57.575 | INFO     | app.main:lifespan:99 | [Startup] [OK] 种子数据初始化完成
2026-05-19 10:11:57.575 | INFO     | app.main:lifespan:105 | [Startup] [OK] http://0.0.0.0:8000 | /docs | /health
2026-05-19 10:11:57.576 | INFO     | app.main:lifespan:106 | ============================================================
2026-05-19 10:12:05.206 | INFO     | app.main:lifespan:108 | ============================================================
2026-05-19 10:12:05.207 | INFO     | app.main:lifespan:109 | [STOP] 书房管理系统 正在关闭...
2026-05-19 10:12:05.207 | INFO     | app.main:lifespan:110 | ============================================================
2026-05-19 10:12:05.209 | INFO     | app.main:lifespan:116 | [Shutdown] [OK] 已安全关闭
2026-05-19 10:12:05.209 | INFO     | app.main:lifespan:117 | ============================================================
2026-05-19 10:12:10.707 | INFO     | app.main:setup_logging:77 | 日志系统已初始化 | 文件: ./logs/app.log | 错误: logs\app.error.log
2026-05-19 10:12:10.708 | INFO     | app.main:lifespan:83 | ============================================================
2026-05-19 10:12:10.708 | INFO     | app.main:lifespan:84 | [START] 书房管理系统 v2.0.0 启动中...
2026-05-19 10:12:10.709 | INFO     | app.main:lifespan:85 | ============================================================
2026-05-19 10:12:10.718 | INFO     | app.main:lifespan:91 | [Startup] [OK] 数据库表初始化完成
2026-05-19 10:12:10.801 | INFO     | app.main:lifespan:99 | [Startup] [OK] 种子数据初始化完成
2026-05-19 10:12:10.802 | INFO     | app.main:lifespan:105 | [Startup] [OK] http://0.0.0.0:8000 | /docs | /health
2026-05-19 10:12:10.802 | INFO     | app.main:lifespan:106 | ============================================================
2026-05-19 10:12:21.192 | INFO     | app.main:lifespan:108 | ============================================================
2026-05-19 10:12:21.193 | INFO     | app.main:lifespan:109 | [STOP] 书房管理系统 正在关闭...
2026-05-19 10:12:21.194 | INFO     | app.main:lifespan:110 | ============================================================
2026-05-19 10:12:21.195 | INFO     | app.main:lifespan:116 | [Shutdown] [OK] 已安全关闭
2026-05-19 10:12:21.196 | INFO     | app.main:lifespan:117 | ============================================================
2026-05-19 10:12:33.727 | INFO     | app.main:setup_logging:77 | 日志系统已初始化 | 文件: ./logs/app.log | 错误: logs\app.error.log
2026-05-19 10:12:33.729 | INFO     | app.main:lifespan:83 | ============================================================
2026-05-19 10:12:33.730 | INFO     | app.main:lifespan:84 | [START] 书房管理系统 v2.0.0 启动中...
2026-05-19 10:12:33.731 | INFO     | app.main:lifespan:85 | ============================================================
2026-05-19 10:12:33.750 | INFO     | app.main:lifespan:91 | [Startup] [OK] 数据库表初始化完成
2026-05-19 10:12:33.926 | INFO     | app.main:lifespan:99 | [Startup] [OK] 种子数据初始化完成
2026-05-19 10:12:33.928 | INFO     | app.main:lifespan:105 | [Startup] [OK] http://0.0.0.0:8000 | /docs | /health
2026-05-19 10:12:33.929 | INFO     | app.main:lifespan:106 | ============================================================
2026-05-19 10:12:46.945 | INFO     | app.main:setup_logging:77 | 日志系统已初始化 | 文件: ./logs/app.log | 错误: logs\app.error.log
2026-05-19 10:12:46.947 | INFO     | app.main:lifespan:83 | ============================================================
2026-05-19 10:12:46.948 | INFO     | app.main:lifespan:84 | [START] 书房管理系统 v2.0.0 启动中...
2026-05-19 10:12:46.949 | INFO     | app.main:lifespan:85 | ============================================================
2026-05-19 10:12:46.969 | INFO     | app.main:lifespan:91 | [Startup] [OK] 数据库表初始化完成
2026-05-19 10:12:47.190 | INFO     | app.main:lifespan:99 | [Startup] [OK] 种子数据初始化完成
2026-05-19 10:12:47.193 | INFO     | app.main:lifespan:105 | [Startup] [OK] http://0.0.0.0:8000 | /docs | /health
2026-05-19 10:12:47.194 | INFO     | app.main:lifespan:106 | ============================================================
2026-05-19 10:13:01.156 | INFO     | app.main:setup_logging:77 | 日志系统已初始化 | 文件: ./logs/app.log | 错误: logs\app.error.log
2026-05-19 10:13:01.158 | INFO     | app.main:lifespan:83 | ============================================================
2026-05-19 10:13:01.159 | INFO     | app.main:lifespan:84 | [START] 书房管理系统 v2.0.0 启动中...
2026-05-19 10:13:01.159 | INFO     | app.main:lifespan:85 | ============================================================
2026-05-19 10:13:01.174 | INFO     | app.main:lifespan:91 | [Startup] [OK] 数据库表初始化完成
2026-05-19 10:13:01.288 | INFO     | app.main:lifespan:99 | [Startup] [OK] 种子数据初始化完成
2026-05-19 10:13:01.289 | INFO     | app.main:lifespan:105 | [Startup] [OK] http://0.0.0.0:8000 | /docs | /health
2026-05-19 10:13:01.289 | INFO     | app.main:lifespan:106 | ============================================================
2026-05-19 10:13:15.827 | INFO     | app.main:setup_logging:77 | 日志系统已初始化 | 文件: ./logs/app.log | 错误: logs\app.error.log
2026-05-19 10:13:15.829 | INFO     | app.main:lifespan:83 | ============================================================
2026-05-19 10:13:15.831 | INFO     | app.main:lifespan:84 | [START] 书房管理系统 v2.0.0 启动中...
2026-05-19 10:13:15.835 | INFO     | app.main:lifespan:85 | ============================================================
2026-05-19 10:13:15.863 | INFO     | app.main:lifespan:91 | [Startup] [OK] 数据库表初始化完成
2026-05-19 10:13:16.100 | INFO     | app.main:lifespan:99 | [Startup] [OK] 种子数据初始化完成
2026-05-19 10:13:16.102 | INFO     | app.main:lifespan:105 | [Startup] [OK] http://0.0.0.0:8000 | /docs | /health
2026-05-19 10:13:16.103 | INFO     | app.main:lifespan:106 | ============================================================
2026-05-19 10:13:20.032 | INFO     | app.main:lifespan:108 | ============================================================
2026-05-19 10:13:20.033 | INFO     | app.main:lifespan:109 | [STOP] 书房管理系统 正在关闭...
2026-05-19 10:13:20.034 | INFO     | app.main:lifespan:110 | ============================================================
2026-05-19 10:13:20.036 | INFO     | app.main:lifespan:116 | [Shutdown] [OK] 已安全关闭
2026-05-19 10:13:20.036 | INFO     | app.main:lifespan:117 | ============================================================
2026-05-19 10:13:38.406 | INFO     | app.main:setup_logging:77 | 日志系统已初始化 | 文件: ./logs/app.log | 错误: logs\app.error.log
2026-05-19 10:13:38.407 | INFO     | app.main:lifespan:83 | ============================================================
2026-05-19 10:13:38.408 | INFO     | app.main:lifespan:84 | [START] 书房管理系统 v2.0.0 启动中...
2026-05-19 10:13:38.410 | INFO     | app.main:lifespan:85 | ============================================================
2026-05-19 10:13:38.439 | INFO     | app.main:lifespan:91 | [Startup] [OK] 数据库表初始化完成
2026-05-19 10:13:38.741 | INFO     | app.main:lifespan:99 | [Startup] [OK] 种子数据初始化完成
2026-05-19 10:13:38.747 | INFO     | app.main:lifespan:105 | [Startup] [OK] http://0.0.0.0:8000 | /docs | /health
2026-05-19 10:13:38.751 | INFO     | app.main:lifespan:106 | ============================================================
2026-05-19 10:13:53.993 | INFO     | app.main:setup_logging:77 | 日志系统已初始化 | 文件: ./logs/app.log | 错误: logs\app.error.log
2026-05-19 10:13:53.995 | INFO     | app.main:lifespan:83 | ============================================================
2026-05-19 10:13:53.996 | INFO     | app.main:lifespan:84 | [START] 书房管理系统 v2.0.0 启动中...
2026-05-19 10:13:53.997 | INFO     | app.main:lifespan:85 | ============================================================
2026-05-19 10:13:54.016 | INFO     | app.main:lifespan:91 | [Startup] [OK] 数据库表初始化完成
2026-05-19 10:13:54.276 | INFO     | app.main:lifespan:99 | [Startup] [OK] 种子数据初始化完成
2026-05-19 10:13:54.280 | INFO     | app.main:lifespan:105 | [Startup] [OK] http://0.0.0.0:8000 | /docs | /health
2026-05-19 10:13:54.286 | INFO     | app.main:lifespan:106 | ============================================================
2026-05-19 10:14:10.830 | INFO     | app.main:setup_logging:77 | 日志系统已初始化 | 文件: ./logs/app.log | 错误: logs\app.error.log
2026-05-19 10:14:10.832 | INFO     | app.main:lifespan:83 | ============================================================
2026-05-19 10:14:10.833 | INFO     | app.main:lifespan:84 | [START] 书房管理系统 v2.0.0 启动中...
2026-05-19 10:14:10.834 | INFO     | app.main:lifespan:85 | ============================================================
2026-05-19 10:14:10.858 | INFO     | app.main:lifespan:91 | [Startup] [OK] 数据库表初始化完成
2026-05-19 10:14:11.058 | INFO     | app.main:lifespan:99 | [Startup] [OK] 种子数据初始化完成
2026-05-19 10:14:11.059 | INFO     | app.main:lifespan:105 | [Startup] [OK] http://0.0.0.0:8000 | /docs | /health
2026-05-19 10:14:11.060 | INFO     | app.main:lifespan:106 | ============================================================
2026-05-19 10:30:04.385 | INFO     | app.main:lifespan:108 | ============================================================
2026-05-19 10:30:04.391 | INFO     | app.main:lifespan:109 | [STOP] 书房管理系统 正在关闭...
2026-05-19 10:30:04.395 | INFO     | app.main:lifespan:110 | ============================================================
2026-05-19 10:30:04.412 | INFO     | app.main:lifespan:116 | [Shutdown] [OK] 已安全关闭
2026-05-19 10:30:04.413 | INFO     | app.main:lifespan:117 | ============================================================
2026-05-19 10:30:26.322 | INFO     | app.main:setup_logging:77 | 日志系统已初始化 | 文件: ./logs/app.log | 错误: logs\app.error.log
2026-05-19 10:30:26.323 | INFO     | app.main:lifespan:83 | ============================================================
2026-05-19 10:30:26.324 | INFO     | app.main:lifespan:84 | [START] 书房管理系统 v2.0.0 启动中...
2026-05-19 10:30:26.326 | INFO     | app.main:lifespan:85 | ============================================================
2026-05-19 10:30:26.371 | INFO     | app.main:lifespan:91 | [Startup] [OK] 数据库表初始化完成
2026-05-19 10:30:26.626 | INFO     | app.main:lifespan:99 | [Startup] [OK] 种子数据初始化完成
2026-05-19 10:30:26.627 | INFO     | app.main:lifespan:105 | [Startup] [OK] http://0.0.0.0:8000 | /docs | /health
2026-05-19 10:30:26.629 | INFO     | app.main:lifespan:106 | ============================================================
2026-05-19 10:32:24.804 | INFO     | app.main:lifespan:108 | ============================================================
2026-05-19 10:32:24.805 | INFO     | app.main:lifespan:109 | [STOP] 书房管理系统 正在关闭...
2026-05-19 10:32:24.807 | INFO     | app.main:lifespan:110 | ============================================================
2026-05-19 10:32:24.811 | INFO     | app.main:lifespan:116 | [Shutdown] [OK] 已安全关闭
2026-05-19 10:32:24.812 | INFO     | app.main:lifespan:117 | ============================================================
2026-05-19 10:32:36.040 | INFO     | app.main:setup_logging:77 | 日志系统已初始化 | 文件: ./logs/app.log | 错误: logs\app.error.log
2026-05-19 10:32:36.041 | INFO     | app.main:lifespan:83 | ============================================================
2026-05-19 10:32:36.042 | INFO     | app.main:lifespan:84 | [START] 书房管理系统 v2.0.0 启动中...
2026-05-19 10:32:36.043 | INFO     | app.main:lifespan:85 | ============================================================
2026-05-19 10:32:36.058 | INFO     | app.main:lifespan:91 | [Startup] [OK] 数据库表初始化完成
2026-05-19 10:32:36.225 | INFO     | app.main:lifespan:99 | [Startup] [OK] 种子数据初始化完成
2026-05-19 10:32:36.226 | INFO     | app.main:lifespan:105 | [Startup] [OK] http://0.0.0.0:8000 | /docs | /health
2026-05-19 10:32:36.227 | INFO     | app.main:lifespan:106 | ============================================================
2026-05-19 10:32:45.906 | INFO     | app.main:setup_logging:77 | 日志系统已初始化 | 文件: ./logs/app.log | 错误: logs\app.error.log
2026-05-19 10:32:45.908 | INFO     | app.main:lifespan:83 | ============================================================
2026-05-19 10:32:45.909 | INFO     | app.main:lifespan:84 | [START] 书房管理系统 v2.0.0 启动中...
2026-05-19 10:32:45.910 | INFO     | app.main:lifespan:85 | ============================================================
2026-05-19 10:32:45.930 | INFO     | app.main:lifespan:91 | [Startup] [OK] 数据库表初始化完成
2026-05-19 10:32:46.081 | INFO     | app.main:lifespan:99 | [Startup] [OK] 种子数据初始化完成
2026-05-19 10:32:46.082 | INFO     | app.main:lifespan:105 | [Startup] [OK] http://0.0.0.0:8000 | /docs | /health
2026-05-19 10:32:46.083 | INFO     | app.main:lifespan:106 | ============================================================
2026-05-19 10:33:18.470 | INFO     | app.main:lifespan:108 | ============================================================
2026-05-19 10:33:18.470 | INFO     | app.main:lifespan:109 | [STOP] 书房管理系统 正在关闭...
2026-05-19 10:33:18.471 | INFO     | app.main:lifespan:110 | ============================================================
2026-05-19 10:33:18.474 | INFO     | app.main:lifespan:116 | [Shutdown] [OK] 已安全关闭
2026-05-19 10:33:18.474 | INFO     | app.main:lifespan:117 | ============================================================
2026-05-19 10:33:26.586 | INFO     | app.main:setup_logging:77 | 日志系统已初始化 | 文件: ./logs/app.log | 错误: logs\app.error.log
2026-05-19 10:33:26.587 | INFO     | app.main:lifespan:83 | ============================================================
2026-05-19 10:33:26.588 | INFO     | app.main:lifespan:84 | [START] 书房管理系统 v2.0.0 启动中...
2026-05-19 10:33:26.588 | INFO     | app.main:lifespan:85 | ============================================================
2026-05-19 10:33:26.590 | INFO     | app.core.config:validate_config_on_startup:568 | 目录已就绪: logs
2026-05-19 10:33:26.591 | INFO     | app.core.config:validate_config_on_startup:568 | 目录已就绪: cache\images
2026-05-19 10:33:26.592 | INFO     | app.core.config:validate_config_on_startup:581 | ==================================================
2026-05-19 10:33:26.593 | INFO     | app.core.config:validate_config_on_startup:582 | 书房管理系统 v2.0.0
2026-05-19 10:33:26.593 | INFO     | app.core.config:validate_config_on_startup:583 | 运行模式: [DEV] 开发
2026-05-19 10:33:26.595 | INFO     | app.core.config:validate_config_on_startup:587 | 数据库: ./bookshelf.db
2026-05-19 10:33:26.596 | INFO     | app.core.config:validate_config_on_startup:588 | 豆瓣 Cookie: [OK] 已配置
2026-05-19 10:33:26.597 | INFO     | app.core.config:validate_config_on_startup:592 | 图片缓存: [OK] 启用 | 目录: ./cache/images | 有效期: 7天
2026-05-19 10:33:26.598 | INFO     | app.core.config:validate_config_on_startup:598 | 日志: 级别=INFO | 文件=./logs/app.log | 轮转=10 MB | 保留=7 days
2026-05-19 10:33:26.598 | INFO     | app.core.config:validate_config_on_startup:604 | ==================================================
2026-05-19 10:33:26.614 | INFO     | app.main:lifespan:91 | [Startup] [OK] 数据库表初始化完成
2026-05-19 10:33:26.778 | INFO     | app.main:lifespan:99 | [Startup] [OK] 种子数据初始化完成
2026-05-19 10:33:26.779 | INFO     | app.main:lifespan:105 | [Startup] [OK] http://0.0.0.0:8000 | /docs | /health
2026-05-19 10:33:26.781 | INFO     | app.main:lifespan:106 | ============================================================
2026-05-19 10:33:59.852 | INFO     | app.main:lifespan:108 | ============================================================
2026-05-19 10:33:59.853 | INFO     | app.main:lifespan:109 | [STOP] 书房管理系统 正在关闭...
2026-05-19 10:33:59.855 | INFO     | app.main:lifespan:110 | ============================================================
2026-05-19 10:33:59.859 | INFO     | app.main:lifespan:116 | [Shutdown] [OK] 已安全关闭
2026-05-19 10:33:59.860 | INFO     | app.main:lifespan:117 | ============================================================
2026-05-19 10:34:10.249 | INFO     | app.main:setup_logging:77 | 日志系统已初始化 | 文件: ./logs/app.log | 错误: logs\app.error.log
2026-05-19 10:34:10.250 | INFO     | app.main:lifespan:83 | ============================================================
2026-05-19 10:34:10.251 | INFO     | app.main:lifespan:84 | [START] 书房管理系统 v2.0.0 启动中...
2026-05-19 10:34:10.252 | INFO     | app.main:lifespan:85 | ============================================================
2026-05-19 10:34:10.254 | INFO     | app.core.config:validate_config_on_startup:568 | 目录已就绪: logs
2026-05-19 10:34:10.255 | INFO     | app.core.config:validate_config_on_startup:568 | 目录已就绪: cache\images
2026-05-19 10:34:10.256 | INFO     | app.core.config:validate_config_on_startup:581 | ==================================================
2026-05-19 10:34:10.256 | INFO     | app.core.config:validate_config_on_startup:582 | 书房管理系统 v2.0.0
2026-05-19 10:34:10.257 | INFO     | app.core.config:validate_config_on_startup:583 | 运行模式: [DEV] 开发
2026-05-19 10:34:10.258 | INFO     | app.core.config:validate_config_on_startup:587 | 数据库: ./bookshelf.db
2026-05-19 10:34:10.258 | INFO     | app.core.config:validate_config_on_startup:588 | 豆瓣 Cookie: [OK] 已配置
2026-05-19 10:34:10.259 | INFO     | app.core.config:validate_config_on_startup:592 | 图片缓存: [OK] 启用 | 目录: ./cache/images | 有效期: 7天
2026-05-19 10:34:10.260 | INFO     | app.core.config:validate_config_on_startup:598 | 日志: 级别=INFO | 文件=./logs/app.log | 轮转=10 MB | 保留=7 days
2026-05-19 10:34:10.260 | INFO     | app.core.config:validate_config_on_startup:604 | ==================================================
2026-05-19 10:34:10.272 | INFO     | app.main:lifespan:91 | [Startup] [OK] 数据库表初始化完成
2026-05-19 10:34:10.422 | INFO     | app.main:lifespan:99 | [Startup] [OK] 种子数据初始化完成
2026-05-19 10:34:10.423 | INFO     | app.main:lifespan:105 | [Startup] [OK] http://0.0.0.0:8000 | /docs | /health
2026-05-19 10:34:10.424 | INFO     | app.main:lifespan:106 | ============================================================
2026-05-19 10:34:16.072 | INFO     | app.main:lifespan:108 | ============================================================
2026-05-19 10:34:16.073 | INFO     | app.main:lifespan:109 | [STOP] 书房管理系统 正在关闭...
2026-05-19 10:34:16.074 | INFO     | app.main:lifespan:110 | ============================================================
2026-05-19 10:34:16.077 | INFO     | app.main:lifespan:116 | [Shutdown] [OK] 已安全关闭
2026-05-19 10:34:16.078 | INFO     | app.main:lifespan:117 | ============================================================
2026-05-19 10:34:26.856 | INFO     | app.main:setup_logging:77 | 日志系统已初始化 | 文件: ./logs/app.log | 错误: logs\app.error.log
2026-05-19 10:34:26.857 | INFO     | app.main:lifespan:83 | ============================================================
2026-05-19 10:34:26.860 | INFO     | app.main:lifespan:84 | [START] 书房管理系统 v2.0.0 启动中...
2026-05-19 10:34:26.862 | INFO     | app.main:lifespan:85 | ============================================================
2026-05-19 10:34:26.864 | INFO     | app.core.config:validate_config_on_startup:568 | 目录已就绪: logs
2026-05-19 10:34:26.865 | INFO     | app.core.config:validate_config_on_startup:568 | 目录已就绪: cache\images
2026-05-19 10:34:26.866 | INFO     | app.core.config:validate_config_on_startup:581 | ==================================================
2026-05-19 10:34:26.867 | INFO     | app.core.config:validate_config_on_startup:582 | 书房管理系统 v2.0.0
2026-05-19 10:34:26.868 | INFO     | app.core.config:validate_config_on_startup:583 | 运行模式: [DEV] 开发
2026-05-19 10:34:26.870 | INFO     | app.core.config:validate_config_on_startup:587 | 数据库: ./bookshelf.db
2026-05-19 10:34:26.871 | INFO     | app.core.config:validate_config_on_startup:588 | 豆瓣 Cookie: [OK] 已配置
2026-05-19 10:34:26.872 | INFO     | app.core.config:validate_config_on_startup:592 | 图片缓存: [OK] 启用 | 目录: ./cache/images | 有效期: 7天
2026-05-19 10:34:26.873 | INFO     | app.core.config:validate_config_on_startup:598 | 日志: 级别=INFO | 文件=./logs/app.log | 轮转=10 MB | 保留=7 days
2026-05-19 10:34:26.874 | INFO     | app.core.config:validate_config_on_startup:604 | ==================================================
2026-05-19 10:34:26.896 | INFO     | app.main:lifespan:91 | [Startup] [OK] 数据库表初始化完成
2026-05-19 10:34:27.098 | INFO     | app.main:lifespan:99 | [Startup] [OK] 种子数据初始化完成
2026-05-19 10:34:27.100 | INFO     | app.main:lifespan:105 | [Startup] [OK] http://0.0.0.0:8000 | /docs | /health
2026-05-19 10:34:27.101 | INFO     | app.main:lifespan:106 | ============================================================
2026-05-19 10:34:31.661 | INFO     | app.main:lifespan:108 | ============================================================
2026-05-19 10:34:31.662 | INFO     | app.main:lifespan:109 | [STOP] 书房管理系统 正在关闭...
2026-05-19 10:34:31.663 | INFO     | app.main:lifespan:110 | ============================================================
2026-05-19 10:34:31.666 | INFO     | app.main:lifespan:116 | [Shutdown] [OK] 已安全关闭
2026-05-19 10:34:31.666 | INFO     | app.main:lifespan:117 | ============================================================
2026-05-19 10:34:50.439 | INFO     | app.main:setup_logging:77 | 日志系统已初始化 | 文件: ./logs/app.log | 错误: logs\app.error.log
2026-05-19 10:34:50.441 | INFO     | app.main:lifespan:83 | ============================================================
2026-05-19 10:34:50.443 | INFO     | app.main:lifespan:84 | [START] 书房管理系统 v2.0.0 启动中...
2026-05-19 10:34:50.444 | INFO     | app.main:lifespan:85 | ============================================================
2026-05-19 10:34:50.449 | INFO     | app.core.config:validate_config_on_startup:568 | 目录已就绪: logs
2026-05-19 10:34:50.455 | INFO     | app.core.config:validate_config_on_startup:568 | 目录已就绪: cache\images
2026-05-19 10:34:50.460 | INFO     | app.core.config:validate_config_on_startup:581 | ==================================================
2026-05-19 10:34:50.469 | INFO     | app.core.config:validate_config_on_startup:582 | 书房管理系统 v2.0.0
2026-05-19 10:34:50.471 | INFO     | app.core.config:validate_config_on_startup:583 | 运行模式: [DEV] 开发
2026-05-19 10:34:50.473 | INFO     | app.core.config:validate_config_on_startup:587 | 数据库: ./bookshelf.db
2026-05-19 10:34:50.475 | INFO     | app.core.config:validate_config_on_startup:588 | 豆瓣 Cookie: [OK] 已配置
2026-05-19 10:34:50.477 | INFO     | app.core.config:validate_config_on_startup:592 | 图片缓存: [OK] 启用 | 目录: ./cache/images | 有效期: 7天
2026-05-19 10:34:50.479 | INFO     | app.core.config:validate_config_on_startup:598 | 日志: 级别=INFO | 文件=./logs/app.log | 轮转=10 MB | 保留=7 days
2026-05-19 10:34:50.481 | INFO     | app.core.config:validate_config_on_startup:604 | ==================================================
2026-05-19 10:34:50.512 | INFO     | app.core.database:init_db:260 | 表创建完成 (8 张表)
2026-05-19 10:34:50.516 | INFO     | app.main:lifespan:91 | [Startup] [OK] 数据库表初始化完成
2026-05-19 10:34:50.877 | INFO     | app.main:lifespan:99 | [Startup] [OK] 种子数据初始化完成
2026-05-19 10:34:50.882 | INFO     | app.main:lifespan:105 | [Startup] [OK] http://0.0.0.0:8000 | /docs | /health
2026-05-19 10:34:50.911 | INFO     | app.main:lifespan:106 | ============================================================
2026-05-19 10:35:12.077 | INFO     | app.main:setup_logging:77 | 日志系统已初始化 | 文件: ./logs/app.log | 错误: logs\app.error.log
2026-05-19 10:35:12.079 | INFO     | app.main:lifespan:83 | ============================================================
2026-05-19 10:35:12.080 | INFO     | app.main:lifespan:84 | [START] 书房管理系统 v2.0.0 启动中...
2026-05-19 10:35:12.082 | INFO     | app.main:lifespan:85 | ============================================================
2026-05-19 10:35:12.086 | INFO     | app.core.config:validate_config_on_startup:568 | 目录已就绪: logs
2026-05-19 10:35:12.089 | INFO     | app.core.config:validate_config_on_startup:568 | 目录已就绪: cache\images
2026-05-19 10:35:12.091 | INFO     | app.core.config:validate_config_on_startup:581 | ==================================================
2026-05-19 10:35:12.092 | INFO     | app.core.config:validate_config_on_startup:582 | 书房管理系统 v2.0.0
2026-05-19 10:35:12.094 | INFO     | app.core.config:validate_config_on_startup:583 | 运行模式: [DEV] 开发
2026-05-19 10:35:12.096 | INFO     | app.core.config:validate_config_on_startup:587 | 数据库: ./bookshelf.db
2026-05-19 10:35:12.097 | INFO     | app.core.config:validate_config_on_startup:588 | 豆瓣 Cookie: [OK] 已配置
2026-05-19 10:35:12.099 | INFO     | app.core.config:validate_config_on_startup:592 | 图片缓存: [OK] 启用 | 目录: ./cache/images | 有效期: 7天
2026-05-19 10:35:12.101 | INFO     | app.core.config:validate_config_on_startup:598 | 日志: 级别=INFO | 文件=./logs/app.log | 轮转=10 MB | 保留=7 days
2026-05-19 10:35:12.104 | INFO     | app.core.config:validate_config_on_startup:604 | ==================================================
2026-05-19 10:35:12.127 | INFO     | app.core.database:init_db:260 | 表创建完成 (8 张表)
2026-05-19 10:35:12.128 | INFO     | app.main:lifespan:91 | [Startup] [OK] 数据库表初始化完成
2026-05-19 10:35:12.378 | INFO     | app.main:lifespan:99 | [Startup] [OK] 种子数据初始化完成
2026-05-19 10:35:12.380 | INFO     | app.main:lifespan:105 | [Startup] [OK] http://0.0.0.0:8000 | /docs | /health
2026-05-19 10:35:12.382 | INFO     | app.main:lifespan:106 | ============================================================
2026-05-19 10:35:43.336 | INFO     | app.main:setup_logging:77 | 日志系统已初始化 | 文件: ./logs/app.log | 错误: logs\app.error.log
2026-05-19 10:35:43.357 | INFO     | app.main:lifespan:83 | ============================================================
2026-05-19 10:35:43.359 | INFO     | app.main:lifespan:84 | [START] 书房管理系统 v2.0.0 启动中...
2026-05-19 10:35:43.362 | INFO     | app.main:lifespan:85 | ============================================================
2026-05-19 10:35:43.368 | INFO     | app.core.config:validate_config_on_startup:568 | 目录已就绪: logs
2026-05-19 10:35:43.373 | INFO     | app.core.config:validate_config_on_startup:568 | 目录已就绪: cache\images
2026-05-19 10:35:43.375 | INFO     | app.core.config:validate_config_on_startup:581 | ==================================================
2026-05-19 10:35:43.377 | INFO     | app.core.config:validate_config_on_startup:582 | 书房管理系统 v2.0.0
2026-05-19 10:35:43.380 | INFO     | app.core.config:validate_config_on_startup:583 | 运行模式: [DEV] 开发
2026-05-19 10:35:43.392 | INFO     | app.core.config:validate_config_on_startup:587 | 数据库: ./bookshelf.db
2026-05-19 10:35:43.399 | INFO     | app.core.config:validate_config_on_startup:588 | 豆瓣 Cookie: [OK] 已配置
2026-05-19 10:35:43.408 | INFO     | app.core.config:validate_config_on_startup:592 | 图片缓存: [OK] 启用 | 目录: ./cache/images | 有效期: 7天
2026-05-19 10:35:43.410 | INFO     | app.core.config:validate_config_on_startup:598 | 日志: 级别=INFO | 文件=./logs/app.log | 轮转=10 MB | 保留=7 days
2026-05-19 10:35:43.427 | INFO     | app.core.config:validate_config_on_startup:604 | ==================================================
2026-05-19 10:35:43.475 | INFO     | app.core.database:init_db:260 | 表创建完成 (8 张表)
2026-05-19 10:35:43.480 | INFO     | app.main:lifespan:91 | [Startup] [OK] 数据库表初始化完成
2026-05-19 10:35:43.940 | INFO     | app.main:lifespan:99 | [Startup] [OK] 种子数据初始化完成
2026-05-19 10:35:43.992 | INFO     | app.main:lifespan:105 | [Startup] [OK] http://0.0.0.0:8000 | /docs | /health
2026-05-19 10:35:44.045 | INFO     | app.main:lifespan:106 | ============================================================
2026-05-19 10:42:06.346 | INFO     | app.main:setup_logging:77 | 日志系统已初始化 | 文件: ./logs/app.log | 错误: logs\app.error.log
2026-05-19 10:42:06.347 | INFO     | app.main:lifespan:83 | ============================================================
2026-05-19 10:42:06.348 | INFO     | app.main:lifespan:84 | [START] 书房管理系统 v2.0.0 启动中...
2026-05-19 10:42:06.348 | INFO     | app.main:lifespan:85 | ============================================================
2026-05-19 10:42:06.349 | INFO     | app.core.config:validate_config_on_startup:568 | 目录已就绪: logs
2026-05-19 10:42:06.350 | INFO     | app.core.config:validate_config_on_startup:568 | 目录已就绪: cache\images
2026-05-19 10:42:06.351 | INFO     | app.core.config:validate_config_on_startup:581 | ==================================================
2026-05-19 10:42:06.351 | INFO     | app.core.config:validate_config_on_startup:582 | 书房管理系统 v2.0.0
2026-05-19 10:42:06.351 | INFO     | app.core.config:validate_config_on_startup:583 | 运行模式: [DEV] 开发
2026-05-19 10:42:06.352 | INFO     | app.core.config:validate_config_on_startup:587 | 数据库: ./bookshelf.db
2026-05-19 10:42:06.352 | INFO     | app.core.config:validate_config_on_startup:588 | 豆瓣 Cookie: [OK] 已配置
2026-05-19 10:42:06.353 | INFO     | app.core.config:validate_config_on_startup:592 | 图片缓存: [OK] 启用 | 目录: ./cache/images | 有效期: 7天
2026-05-19 10:42:06.353 | INFO     | app.core.config:validate_config_on_startup:598 | 日志: 级别=INFO | 文件=./logs/app.log | 轮转=10 MB | 保留=7 days
2026-05-19 10:42:06.354 | INFO     | app.core.config:validate_config_on_startup:604 | ==================================================
2026-05-19 10:42:06.365 | INFO     | app.core.database:init_db:260 | 表创建完成 (8 张表)
2026-05-19 10:42:06.366 | INFO     | app.main:lifespan:91 | [Startup] [OK] 数据库表初始化完成
2026-05-19 10:42:06.502 | INFO     | app.core.seed:seed_database:56 | 数据库已有数据，跳过种子初始化
2026-05-19 10:42:06.502 | INFO     | app.main:lifespan:99 | [Startup] [OK] 种子数据初始化完成
2026-05-19 10:42:06.503 | INFO     | app.main:lifespan:105 | [Startup] [OK] http://0.0.0.0:8000 | /docs | /health
2026-05-19 10:42:06.504 | INFO     | app.main:lifespan:106 | ============================================================
2026-05-19 10:44:33.259 | INFO     | app.main:setup_logging:77 | 日志系统已初始化 | 文件: ./logs/app.log | 错误: logs\app.error.log
2026-05-19 10:44:33.260 | INFO     | app.main:lifespan:83 | ============================================================
2026-05-19 10:44:33.261 | INFO     | app.main:lifespan:84 | [START] 书房管理系统 v2.0.0 启动中...
2026-05-19 10:44:33.262 | INFO     | app.main:lifespan:85 | ============================================================
2026-05-19 10:44:33.263 | INFO     | app.core.config:validate_config_on_startup:568 | 目录已就绪: logs
2026-05-19 10:44:33.265 | INFO     | app.core.config:validate_config_on_startup:568 | 目录已就绪: cache\images
2026-05-19 10:44:33.265 | INFO     | app.core.config:validate_config_on_startup:581 | ==================================================
2026-05-19 10:44:33.266 | INFO     | app.core.config:validate_config_on_startup:582 | 书房管理系统 v2.0.0
2026-05-19 10:44:33.267 | INFO     | app.core.config:validate_config_on_startup:583 | 运行模式: [DEV] 开发
2026-05-19 10:44:33.267 | INFO     | app.core.config:validate_config_on_startup:587 | 数据库: ./bookshelf.db
2026-05-19 10:44:33.268 | INFO     | app.core.config:validate_config_on_startup:588 | 豆瓣 Cookie: [OK] 已配置
2026-05-19 10:44:33.269 | INFO     | app.core.config:validate_config_on_startup:592 | 图片缓存: [OK] 启用 | 目录: ./cache/images | 有效期: 7天
2026-05-19 10:44:33.270 | INFO     | app.core.config:validate_config_on_startup:598 | 日志: 级别=INFO | 文件=./logs/app.log | 轮转=10 MB | 保留=7 days
2026-05-19 10:44:33.271 | INFO     | app.core.config:validate_config_on_startup:604 | ==================================================
2026-05-19 10:44:33.280 | INFO     | app.core.database:init_db:260 | 表创建完成 (8 张表)
2026-05-19 10:44:33.280 | INFO     | app.main:lifespan:91 | [Startup] [OK] 数据库表初始化完成
2026-05-19 10:44:33.389 | INFO     | app.core.seed:seed_database:56 | 数据库已有数据，跳过种子初始化
2026-05-19 10:44:33.390 | INFO     | app.main:lifespan:99 | [Startup] [OK] 种子数据初始化完成
2026-05-19 10:44:33.390 | INFO     | app.main:lifespan:105 | [Startup] [OK] http://0.0.0.0:8000 | /docs | /health
2026-05-19 10:44:33.391 | INFO     | app.main:lifespan:106 | ============================================================
2026-05-19 10:49:01.596 | INFO     | app.main:setup_logging:77 | 日志系统已初始化 | 文件: ./logs/app.log | 错误: logs\app.error.log
2026-05-19 10:49:01.597 | INFO     | app.main:lifespan:83 | ============================================================
2026-05-19 10:49:01.598 | INFO     | app.main:lifespan:84 | [START] 书房管理系统 v2.0.0 启动中...
2026-05-19 10:49:01.599 | INFO     | app.main:lifespan:85 | ============================================================
2026-05-19 10:49:01.601 | INFO     | app.core.config:validate_config_on_startup:568 | 目录已就绪: logs
2026-05-19 10:49:01.603 | INFO     | app.core.config:validate_config_on_startup:568 | 目录已就绪: cache\images
2026-05-19 10:49:01.603 | INFO     | app.core.config:validate_config_on_startup:581 | ==================================================
2026-05-19 10:49:01.604 | INFO     | app.core.config:validate_config_on_startup:582 | 书房管理系统 v2.0.0
2026-05-19 10:49:01.605 | INFO     | app.core.config:validate_config_on_startup:583 | 运行模式: [DEV] 开发
2026-05-19 10:49:01.606 | INFO     | app.core.config:validate_config_on_startup:587 | 数据库: ./bookshelf.db
2026-05-19 10:49:01.607 | INFO     | app.core.config:validate_config_on_startup:588 | 豆瓣 Cookie: [OK] 已配置
2026-05-19 10:49:01.607 | INFO     | app.core.config:validate_config_on_startup:592 | 图片缓存: [OK] 启用 | 目录: ./cache/images | 有效期: 7天
2026-05-19 10:49:01.608 | INFO     | app.core.config:validate_config_on_startup:598 | 日志: 级别=INFO | 文件=./logs/app.log | 轮转=10 MB | 保留=7 days
2026-05-19 10:49:01.609 | INFO     | app.core.config:validate_config_on_startup:604 | ==================================================
2026-05-19 10:49:01.623 | INFO     | app.core.database:init_db:260 | 表创建完成 (8 张表)
2026-05-19 10:49:01.625 | INFO     | app.main:lifespan:91 | [Startup] [OK] 数据库表初始化完成
2026-05-19 10:49:01.764 | INFO     | app.core.seed:seed_database:56 | 数据库已有数据，跳过种子初始化
2026-05-19 10:49:01.764 | INFO     | app.main:lifespan:99 | [Startup] [OK] 种子数据初始化完成
2026-05-19 10:49:01.765 | INFO     | app.main:lifespan:105 | [Startup] [OK] http://0.0.0.0:8000 | /docs | /health
2026-05-19 10:49:01.766 | INFO     | app.main:lifespan:106 | ============================================================
2026-05-19 10:54:01.327 | INFO     | app.main:lifespan:108 | ============================================================
2026-05-19 10:54:01.329 | INFO     | app.main:lifespan:109 | [STOP] 书房管理系统 正在关闭...
2026-05-19 10:54:01.330 | INFO     | app.main:lifespan:110 | ============================================================
2026-05-19 10:54:01.334 | INFO     | app.core.database:close_all_connections:373 | 同步连接已关闭
2026-05-19 10:54:01.335 | INFO     | app.main:lifespan:116 | [Shutdown] [OK] 已安全关闭
2026-05-19 10:54:01.336 | INFO     | app.main:lifespan:117 | ============================================================
2026-05-19 10:54:09.630 | INFO     | app.main:setup_logging:77 | 日志系统已初始化 | 文件: ./logs/app.log | 错误: logs\app.error.log
2026-05-19 10:54:09.631 | INFO     | app.main:lifespan:83 | ============================================================
2026-05-19 10:54:09.632 | INFO     | app.main:lifespan:84 | [START] 书房管理系统 v2.0.0 启动中...
2026-05-19 10:54:09.633 | INFO     | app.main:lifespan:85 | ============================================================
2026-05-19 10:54:09.634 | INFO     | app.core.config:validate_config_on_startup:568 | 目录已就绪: logs
2026-05-19 10:54:09.635 | INFO     | app.core.config:validate_config_on_startup:568 | 目录已就绪: cache\images
2026-05-19 10:54:09.636 | INFO     | app.core.config:validate_config_on_startup:581 | ==================================================
2026-05-19 10:54:09.636 | INFO     | app.core.config:validate_config_on_startup:582 | 书房管理系统 v2.0.0
2026-05-19 10:54:09.637 | INFO     | app.core.config:validate_config_on_startup:583 | 运行模式: [DEV] 开发
2026-05-19 10:54:09.637 | INFO     | app.core.config:validate_config_on_startup:587 | 数据库: ./bookshelf.db
2026-05-19 10:54:09.638 | INFO     | app.core.config:validate_config_on_startup:588 | 豆瓣 Cookie: [OK] 已配置
2026-05-19 10:54:09.639 | INFO     | app.core.config:validate_config_on_startup:592 | 图片缓存: [OK] 启用 | 目录: ./cache/images | 有效期: 7天
2026-05-19 10:54:09.639 | INFO     | app.core.config:validate_config_on_startup:598 | 日志: 级别=INFO | 文件=./logs/app.log | 轮转=10 MB | 保留=7 days
2026-05-19 10:54:09.640 | INFO     | app.core.config:validate_config_on_startup:604 | ==================================================
2026-05-19 10:54:09.650 | INFO     | app.core.database:init_db:260 | 表创建完成 (8 张表)
2026-05-19 10:54:09.651 | INFO     | app.main:lifespan:91 | [Startup] [OK] 数据库表初始化完成
2026-05-19 10:54:09.759 | INFO     | app.core.seed:seed_database:56 | 数据库已有数据，跳过种子初始化
2026-05-19 10:54:09.760 | INFO     | app.main:lifespan:99 | [Startup] [OK] 种子数据初始化完成
2026-05-19 10:54:09.761 | INFO     | app.main:lifespan:105 | [Startup] [OK] http://0.0.0.0:8000 | /docs | /health
2026-05-19 10:54:09.762 | INFO     | app.main:lifespan:106 | ============================================================
2026-05-19 10:55:00.544 | INFO     | app.main:lifespan:108 | ============================================================
2026-05-19 10:55:00.545 | INFO     | app.main:lifespan:109 | [STOP] 书房管理系统 正在关闭...
2026-05-19 10:55:00.545 | INFO     | app.main:lifespan:110 | ============================================================
2026-05-19 10:55:00.547 | INFO     | app.core.database:close_all_connections:373 | 同步连接已关闭
2026-05-19 10:55:00.547 | INFO     | app.main:lifespan:116 | [Shutdown] [OK] 已安全关闭
2026-05-19 10:55:00.548 | INFO     | app.main:lifespan:117 | ============================================================
2026-05-19 10:55:09.910 | INFO     | app.main:setup_logging:77 | 日志系统已初始化 | 文件: ./logs/app.log | 错误: logs\app.error.log
2026-05-19 10:55:09.912 | INFO     | app.main:lifespan:83 | ============================================================
2026-05-19 10:55:09.913 | INFO     | app.main:lifespan:84 | [START] 书房管理系统 v2.0.0 启动中...
2026-05-19 10:55:09.915 | INFO     | app.main:lifespan:85 | ============================================================
2026-05-19 10:55:09.917 | INFO     | app.core.config:validate_config_on_startup:568 | 目录已就绪: logs
2026-05-19 10:55:09.919 | INFO     | app.core.config:validate_config_on_startup:568 | 目录已就绪: cache\images
2026-05-19 10:55:09.920 | INFO     | app.core.config:validate_config_on_startup:581 | ==================================================
2026-05-19 10:55:09.921 | INFO     | app.core.config:validate_config_on_startup:582 | 书房管理系统 v2.0.0
2026-05-19 10:55:09.922 | INFO     | app.core.config:validate_config_on_startup:583 | 运行模式: [DEV] 开发
2026-05-19 10:55:09.923 | INFO     | app.core.config:validate_config_on_startup:587 | 数据库: ./bookshelf.db
2026-05-19 10:55:09.923 | INFO     | app.core.config:validate_config_on_startup:588 | 豆瓣 Cookie: [OK] 已配置
2026-05-19 10:55:09.924 | INFO     | app.core.config:validate_config_on_startup:592 | 图片缓存: [OK] 启用 | 目录: ./cache/images | 有效期: 7天
2026-05-19 10:55:09.925 | INFO     | app.core.config:validate_config_on_startup:598 | 日志: 级别=INFO | 文件=./logs/app.log | 轮转=10 MB | 保留=7 days
2026-05-19 10:55:09.926 | INFO     | app.core.config:validate_config_on_startup:604 | ==================================================
2026-05-19 10:55:09.944 | INFO     | app.core.database:init_db:260 | 表创建完成 (8 张表)
2026-05-19 10:55:09.947 | INFO     | app.main:lifespan:91 | [Startup] [OK] 数据库表初始化完成
2026-05-19 10:55:10.111 | INFO     | app.core.seed:seed_database:56 | 数据库已有数据，跳过种子初始化
2026-05-19 10:55:10.112 | INFO     | app.main:lifespan:99 | [Startup] [OK] 种子数据初始化完成
2026-05-19 10:55:10.113 | INFO     | app.main:lifespan:105 | [Startup] [OK] http://0.0.0.0:8000 | /docs | /health
2026-05-19 10:55:10.114 | INFO     | app.main:lifespan:106 | ============================================================
2026-05-19 10:55:36.516 | INFO     | app.main:lifespan:108 | ============================================================
2026-05-19 10:55:36.517 | INFO     | app.main:lifespan:109 | [STOP] 书房管理系统 正在关闭...
2026-05-19 10:55:36.517 | INFO     | app.main:lifespan:110 | ============================================================
2026-05-19 10:55:36.518 | INFO     | app.core.database:close_all_connections:373 | 同步连接已关闭
2026-05-19 10:55:36.519 | INFO     | app.main:lifespan:116 | [Shutdown] [OK] 已安全关闭
2026-05-19 10:55:36.519 | INFO     | app.main:lifespan:117 | ============================================================
2026-05-19 10:55:45.834 | INFO     | app.main:setup_logging:77 | 日志系统已初始化 | 文件: ./logs/app.log | 错误: logs\app.error.log
2026-05-19 10:55:45.835 | INFO     | app.main:lifespan:83 | ============================================================
2026-05-19 10:55:45.836 | INFO     | app.main:lifespan:84 | [START] 书房管理系统 v2.0.0 启动中...
2026-05-19 10:55:45.838 | INFO     | app.main:lifespan:85 | ============================================================
2026-05-19 10:55:45.839 | INFO     | app.core.config:validate_config_on_startup:568 | 目录已就绪: logs
2026-05-19 10:55:45.841 | INFO     | app.core.config:validate_config_on_startup:568 | 目录已就绪: cache\images
2026-05-19 10:55:45.842 | INFO     | app.core.config:validate_config_on_startup:581 | ==================================================
2026-05-19 10:55:45.843 | INFO     | app.core.config:validate_config_on_startup:582 | 书房管理系统 v2.0.0
2026-05-19 10:55:45.844 | INFO     | app.core.config:validate_config_on_startup:583 | 运行模式: [DEV] 开发
2026-05-19 10:55:45.845 | INFO     | app.core.config:validate_config_on_startup:587 | 数据库: ./bookshelf.db
2026-05-19 10:55:45.845 | INFO     | app.core.config:validate_config_on_startup:588 | 豆瓣 Cookie: [OK] 已配置
2026-05-19 10:55:45.846 | INFO     | app.core.config:validate_config_on_startup:592 | 图片缓存: [OK] 启用 | 目录: ./cache/images | 有效期: 7天
2026-05-19 10:55:45.847 | INFO     | app.core.config:validate_config_on_startup:598 | 日志: 级别=INFO | 文件=./logs/app.log | 轮转=10 MB | 保留=7 days
2026-05-19 10:55:45.848 | INFO     | app.core.config:validate_config_on_startup:604 | ==================================================
2026-05-19 10:55:45.865 | INFO     | app.core.database:init_db:260 | 表创建完成 (8 张表)
2026-05-19 10:55:45.866 | INFO     | app.main:lifespan:91 | [Startup] [OK] 数据库表初始化完成
2026-05-19 10:55:46.033 | INFO     | app.core.seed:seed_database:56 | 数据库已有数据，跳过种子初始化
2026-05-19 10:55:46.034 | INFO     | app.main:lifespan:99 | [Startup] [OK] 种子数据初始化完成
2026-05-19 10:55:46.035 | INFO     | app.main:lifespan:105 | [Startup] [OK] http://0.0.0.0:8000 | /docs | /health
2026-05-19 10:55:46.036 | INFO     | app.main:lifespan:106 | ============================================================
2026-05-19 10:56:22.457 | INFO     | app.main:lifespan:108 | ============================================================
2026-05-19 10:56:22.457 | INFO     | app.main:lifespan:109 | [STOP] 书房管理系统 正在关闭...
2026-05-19 10:56:22.458 | INFO     | app.main:lifespan:110 | ============================================================
2026-05-19 10:56:22.460 | INFO     | app.core.database:close_all_connections:373 | 同步连接已关闭
2026-05-19 10:56:22.460 | INFO     | app.main:lifespan:116 | [Shutdown] [OK] 已安全关闭
2026-05-19 10:56:22.461 | INFO     | app.main:lifespan:117 | ============================================================
2026-05-19 10:56:33.101 | INFO     | app.main:setup_logging:77 | 日志系统已初始化 | 文件: ./logs/app.log | 错误: logs\app.error.log
2026-05-19 10:56:33.103 | INFO     | app.main:lifespan:83 | ============================================================
2026-05-19 10:56:33.106 | INFO     | app.main:lifespan:84 | [START] 书房管理系统 v2.0.0 启动中...
2026-05-19 10:56:33.108 | INFO     | app.main:lifespan:85 | ============================================================
2026-05-19 10:56:33.113 | INFO     | app.core.config:validate_config_on_startup:568 | 目录已就绪: logs
2026-05-19 10:56:33.119 | INFO     | app.core.config:validate_config_on_startup:568 | 目录已就绪: cache\images
2026-05-19 10:56:33.121 | INFO     | app.core.config:validate_config_on_startup:581 | ==================================================
2026-05-19 10:56:33.127 | INFO     | app.core.config:validate_config_on_startup:582 | 书房管理系统 v2.0.0
2026-05-19 10:56:33.131 | INFO     | app.core.config:validate_config_on_startup:583 | 运行模式: [DEV] 开发
2026-05-19 10:56:33.136 | INFO     | app.core.config:validate_config_on_startup:587 | 数据库: ./bookshelf.db
2026-05-19 10:56:33.138 | INFO     | app.core.config:validate_config_on_startup:588 | 豆瓣 Cookie: [OK] 已配置
2026-05-19 10:56:33.140 | INFO     | app.core.config:validate_config_on_startup:592 | 图片缓存: [OK] 启用 | 目录: ./cache/images | 有效期: 7天
2026-05-19 10:56:33.142 | INFO     | app.core.config:validate_config_on_startup:598 | 日志: 级别=INFO | 文件=./logs/app.log | 轮转=10 MB | 保留=7 days
2026-05-19 10:56:33.144 | INFO     | app.core.config:validate_config_on_startup:604 | ==================================================
2026-05-19 10:56:33.166 | INFO     | app.core.database:init_db:260 | 表创建完成 (8 张表)
2026-05-19 10:56:33.170 | INFO     | app.main:lifespan:91 | [Startup] [OK] 数据库表初始化完成
2026-05-19 10:56:33.725 | INFO     | app.core.seed:seed_database:56 | 数据库已有数据，跳过种子初始化
2026-05-19 10:56:33.831 | INFO     | app.main:lifespan:99 | [Startup] [OK] 种子数据初始化完成
2026-05-19 10:56:33.934 | INFO     | app.main:lifespan:105 | [Startup] [OK] http://0.0.0.0:8000 | /docs | /health
2026-05-19 10:56:33.947 | INFO     | app.main:lifespan:106 | ============================================================
2026-05-19 10:58:15.201 | INFO     | app.main:lifespan:108 | ============================================================
2026-05-19 10:58:15.201 | INFO     | app.main:lifespan:109 | [STOP] 书房管理系统 正在关闭...
2026-05-19 10:58:15.201 | INFO     | app.main:lifespan:110 | ============================================================
2026-05-19 10:58:15.203 | INFO     | app.core.database:close_all_connections:373 | 同步连接已关闭
2026-05-19 10:58:15.203 | INFO     | app.main:lifespan:116 | [Shutdown] [OK] 已安全关闭
2026-05-19 10:58:15.203 | INFO     | app.main:lifespan:117 | ============================================================
2026-05-19 10:58:22.379 | INFO     | app.main:setup_logging:77 | 日志系统已初始化 | 文件: ./logs/app.log | 错误: logs\app.error.log
2026-05-19 10:58:22.380 | INFO     | app.main:lifespan:83 | ============================================================
2026-05-19 10:58:22.380 | INFO     | app.main:lifespan:84 | [START] 书房管理系统 v2.0.0 启动中...
2026-05-19 10:58:22.381 | INFO     | app.main:lifespan:85 | ============================================================
2026-05-19 10:58:22.383 | INFO     | app.core.config:validate_config_on_startup:568 | 目录已就绪: logs
2026-05-19 10:58:22.384 | INFO     | app.core.config:validate_config_on_startup:568 | 目录已就绪: cache\images
2026-05-19 10:58:22.384 | INFO     | app.core.config:validate_config_on_startup:581 | ==================================================
2026-05-19 10:58:22.384 | INFO     | app.core.config:validate_config_on_startup:582 | 书房管理系统 v2.0.0
2026-05-19 10:58:22.385 | INFO     | app.core.config:validate_config_on_startup:583 | 运行模式: [DEV] 开发
2026-05-19 10:58:22.386 | INFO     | app.core.config:validate_config_on_startup:587 | 数据库: ./bookshelf.db
2026-05-19 10:58:22.386 | INFO     | app.core.config:validate_config_on_startup:588 | 豆瓣 Cookie: [OK] 已配置
2026-05-19 10:58:22.387 | INFO     | app.core.config:validate_config_on_startup:592 | 图片缓存: [OK] 启用 | 目录: ./cache/images | 有效期: 7天
2026-05-19 10:58:22.388 | INFO     | app.core.config:validate_config_on_startup:598 | 日志: 级别=INFO | 文件=./logs/app.log | 轮转=10 MB | 保留=7 days
2026-05-19 10:58:22.388 | INFO     | app.core.config:validate_config_on_startup:604 | ==================================================
2026-05-19 10:58:22.398 | INFO     | app.core.database:init_db:260 | 表创建完成 (8 张表)
2026-05-19 10:58:22.398 | INFO     | app.main:lifespan:91 | [Startup] [OK] 数据库表初始化完成
2026-05-19 10:58:22.521 | INFO     | app.core.seed:seed_database:56 | 数据库已有数据，跳过种子初始化
2026-05-19 10:58:22.521 | INFO     | app.main:lifespan:99 | [Startup] [OK] 种子数据初始化完成
2026-05-19 10:58:22.522 | INFO     | app.main:lifespan:105 | [Startup] [OK] http://0.0.0.0:8000 | /docs | /health
2026-05-19 10:58:22.523 | INFO     | app.main:lifespan:106 | ============================================================
2026-05-19 10:58:48.948 | INFO     | app.main:lifespan:108 | ============================================================
2026-05-19 10:58:48.949 | INFO     | app.main:lifespan:109 | [STOP] 书房管理系统 正在关闭...
2026-05-19 10:58:48.950 | INFO     | app.main:lifespan:110 | ============================================================
2026-05-19 10:58:48.952 | INFO     | app.core.database:close_all_connections:373 | 同步连接已关闭
2026-05-19 10:58:48.954 | INFO     | app.main:lifespan:116 | [Shutdown] [OK] 已安全关闭
2026-05-19 10:58:48.955 | INFO     | app.main:lifespan:117 | ============================================================
2026-05-19 10:59:01.295 | INFO     | app.main:setup_logging:77 | 日志系统已初始化 | 文件: ./logs/app.log | 错误: logs\app.error.log
2026-05-19 10:59:01.301 | INFO     | app.main:lifespan:83 | ============================================================
2026-05-19 10:59:01.308 | INFO     | app.main:lifespan:84 | [START] 书房管理系统 v2.0.0 启动中...
2026-05-19 10:59:01.315 | INFO     | app.main:lifespan:85 | ============================================================
2026-05-19 10:59:01.319 | INFO     | app.core.config:validate_config_on_startup:568 | 目录已就绪: logs
2026-05-19 10:59:01.323 | INFO     | app.core.config:validate_config_on_startup:568 | 目录已就绪: cache\images
2026-05-19 10:59:01.326 | INFO     | app.core.config:validate_config_on_startup:581 | ==================================================
2026-05-19 10:59:01.329 | INFO     | app.core.config:validate_config_on_startup:582 | 书房管理系统 v2.0.0
2026-05-19 10:59:01.330 | INFO     | app.core.config:validate_config_on_startup:583 | 运行模式: [DEV] 开发
2026-05-19 10:59:01.333 | INFO     | app.core.config:validate_config_on_startup:587 | 数据库: ./bookshelf.db
2026-05-19 10:59:01.334 | INFO     | app.core.config:validate_config_on_startup:588 | 豆瓣 Cookie: [OK] 已配置
2026-05-19 10:59:01.336 | INFO     | app.core.config:validate_config_on_startup:592 | 图片缓存: [OK] 启用 | 目录: ./cache/images | 有效期: 7天
2026-05-19 10:59:01.338 | INFO     | app.core.config:validate_config_on_startup:598 | 日志: 级别=INFO | 文件=./logs/app.log | 轮转=10 MB | 保留=7 days
2026-05-19 10:59:01.339 | INFO     | app.core.config:validate_config_on_startup:604 | ==================================================
2026-05-19 10:59:01.363 | INFO     | app.core.database:init_db:260 | 表创建完成 (8 张表)
2026-05-19 10:59:01.363 | INFO     | app.main:lifespan:91 | [Startup] [OK] 数据库表初始化完成
2026-05-19 10:59:01.614 | INFO     | app.core.seed:seed_database:56 | 数据库已有数据，跳过种子初始化
2026-05-19 10:59:01.614 | INFO     | app.main:lifespan:99 | [Startup] [OK] 种子数据初始化完成
2026-05-19 10:59:01.616 | INFO     | app.main:lifespan:105 | [Startup] [OK] http://0.0.0.0:8000 | /docs | /health
2026-05-19 10:59:01.616 | INFO     | app.main:lifespan:106 | ============================================================
2026-05-19 10:59:53.687 | INFO     | app.main:lifespan:108 | ============================================================
2026-05-19 10:59:53.688 | INFO     | app.main:lifespan:109 | [STOP] 书房管理系统 正在关闭...
2026-05-19 10:59:53.689 | INFO     | app.main:lifespan:110 | ============================================================
2026-05-19 10:59:53.694 | INFO     | app.core.database:close_all_connections:373 | 同步连接已关闭
2026-05-19 10:59:53.697 | INFO     | app.main:lifespan:116 | [Shutdown] [OK] 已安全关闭
2026-05-19 10:59:53.698 | INFO     | app.main:lifespan:117 | ============================================================
2026-05-19 11:00:04.021 | INFO     | app.main:setup_logging:77 | 日志系统已初始化 | 文件: ./logs/app.log | 错误: logs\app.error.log
2026-05-19 11:00:04.023 | INFO     | app.main:lifespan:83 | ============================================================
2026-05-19 11:00:04.024 | INFO     | app.main:lifespan:84 | [START] 书房管理系统 v2.0.0 启动中...
2026-05-19 11:00:04.025 | INFO     | app.main:lifespan:85 | ============================================================
2026-05-19 11:00:04.027 | INFO     | app.core.config:validate_config_on_startup:568 | 目录已就绪: logs
2026-05-19 11:00:04.030 | INFO     | app.core.config:validate_config_on_startup:568 | 目录已就绪: cache\images
2026-05-19 11:00:04.030 | INFO     | app.core.config:validate_config_on_startup:581 | ==================================================
2026-05-19 11:00:04.032 | INFO     | app.core.config:validate_config_on_startup:582 | 书房管理系统 v2.0.0
2026-05-19 11:00:04.033 | INFO     | app.core.config:validate_config_on_startup:583 | 运行模式: [DEV] 开发
2026-05-19 11:00:04.034 | INFO     | app.core.config:validate_config_on_startup:587 | 数据库: ./bookshelf.db
2026-05-19 11:00:04.035 | INFO     | app.core.config:validate_config_on_startup:588 | 豆瓣 Cookie: [OK] 已配置
2026-05-19 11:00:04.036 | INFO     | app.core.config:validate_config_on_startup:592 | 图片缓存: [OK] 启用 | 目录: ./cache/images | 有效期: 7天
2026-05-19 11:00:04.036 | INFO     | app.core.config:validate_config_on_startup:598 | 日志: 级别=INFO | 文件=./logs/app.log | 轮转=10 MB | 保留=7 days
2026-05-19 11:00:04.037 | INFO     | app.core.config:validate_config_on_startup:604 | ==================================================
2026-05-19 11:00:04.052 | INFO     | app.core.database:init_db:260 | 表创建完成 (8 张表)
2026-05-19 11:00:04.053 | INFO     | app.main:lifespan:91 | [Startup] [OK] 数据库表初始化完成
2026-05-19 11:00:04.252 | INFO     | app.core.seed:seed_database:56 | 数据库已有数据，跳过种子初始化
2026-05-19 11:00:04.253 | INFO     | app.main:lifespan:99 | [Startup] [OK] 种子数据初始化完成
2026-05-19 11:00:04.254 | INFO     | app.main:lifespan:105 | [Startup] [OK] http://0.0.0.0:8000 | /docs | /health
2026-05-19 11:00:04.257 | INFO     | app.main:lifespan:106 | ============================================================
2026-05-19 11:00:28.541 | INFO     | app.main:lifespan:108 | ============================================================
2026-05-19 11:00:28.542 | INFO     | app.main:lifespan:109 | [STOP] 书房管理系统 正在关闭...
2026-05-19 11:00:28.543 | INFO     | app.main:lifespan:110 | ============================================================
2026-05-19 11:00:28.546 | INFO     | app.core.database:close_all_connections:373 | 同步连接已关闭
2026-05-19 11:00:28.547 | INFO     | app.main:lifespan:116 | [Shutdown] [OK] 已安全关闭
2026-05-19 11:00:28.547 | INFO     | app.main:lifespan:117 | ============================================================
2026-05-19 11:00:39.373 | INFO     | app.main:setup_logging:77 | 日志系统已初始化 | 文件: ./logs/app.log | 错误: logs\app.error.log
2026-05-19 11:00:39.374 | INFO     | app.main:lifespan:83 | ============================================================
2026-05-19 11:00:39.376 | INFO     | app.main:lifespan:84 | [START] 书房管理系统 v2.0.0 启动中...
2026-05-19 11:00:39.377 | INFO     | app.main:lifespan:85 | ============================================================
2026-05-19 11:00:39.379 | INFO     | app.core.config:validate_config_on_startup:568 | 目录已就绪: logs
2026-05-19 11:00:39.380 | INFO     | app.core.config:validate_config_on_startup:568 | 目录已就绪: cache\images
2026-05-19 11:00:39.381 | INFO     | app.core.config:validate_config_on_startup:581 | ==================================================
2026-05-19 11:00:39.382 | INFO     | app.core.config:validate_config_on_startup:582 | 书房管理系统 v2.0.0
2026-05-19 11:00:39.383 | INFO     | app.core.config:validate_config_on_startup:583 | 运行模式: [DEV] 开发
2026-05-19 11:00:39.384 | INFO     | app.core.config:validate_config_on_startup:587 | 数据库: ./bookshelf.db
2026-05-19 11:00:39.386 | INFO     | app.core.config:validate_config_on_startup:588 | 豆瓣 Cookie: [OK] 已配置
2026-05-19 11:00:39.402 | INFO     | app.core.config:validate_config_on_startup:592 | 图片缓存: [OK] 启用 | 目录: ./cache/images | 有效期: 7天
2026-05-19 11:00:39.407 | INFO     | app.core.config:validate_config_on_startup:598 | 日志: 级别=INFO | 文件=./logs/app.log | 轮转=10 MB | 保留=7 days
2026-05-19 11:00:39.411 | INFO     | app.core.config:validate_config_on_startup:604 | ==================================================
2026-05-19 11:00:39.431 | INFO     | app.core.database:init_db:260 | 表创建完成 (8 张表)
2026-05-19 11:00:39.461 | INFO     | app.main:lifespan:91 | [Startup] [OK] 数据库表初始化完成
2026-05-19 11:00:39.767 | INFO     | app.core.seed:seed_database:56 | 数据库已有数据，跳过种子初始化
2026-05-19 11:00:39.768 | INFO     | app.main:lifespan:99 | [Startup] [OK] 种子数据初始化完成
2026-05-19 11:00:39.769 | INFO     | app.main:lifespan:105 | [Startup] [OK] http://0.0.0.0:8000 | /docs | /health
2026-05-19 11:00:39.770 | INFO     | app.main:lifespan:106 | ============================================================
2026-05-19 11:01:18.000 | INFO     | app.main:lifespan:108 | ============================================================
2026-05-19 11:01:18.000 | INFO     | app.main:lifespan:109 | [STOP] 书房管理系统 正在关闭...
2026-05-19 11:01:18.001 | INFO     | app.main:lifespan:110 | ============================================================
2026-05-19 11:01:18.003 | INFO     | app.core.database:close_all_connections:373 | 同步连接已关闭
2026-05-19 11:01:18.004 | INFO     | app.main:lifespan:116 | [Shutdown] [OK] 已安全关闭
2026-05-19 11:01:18.005 | INFO     | app.main:lifespan:117 | ============================================================
2026-05-19 11:01:27.452 | INFO     | app.main:setup_logging:77 | 日志系统已初始化 | 文件: ./logs/app.log | 错误: logs\app.error.log
2026-05-19 11:01:27.453 | INFO     | app.main:lifespan:83 | ============================================================
2026-05-19 11:01:27.454 | INFO     | app.main:lifespan:84 | [START] 书房管理系统 v2.0.0 启动中...
2026-05-19 11:01:27.455 | INFO     | app.main:lifespan:85 | ============================================================
2026-05-19 11:01:27.458 | INFO     | app.core.config:validate_config_on_startup:568 | 目录已就绪: logs
2026-05-19 11:01:27.460 | INFO     | app.core.config:validate_config_on_startup:568 | 目录已就绪: cache\images
2026-05-19 11:01:27.461 | INFO     | app.core.config:validate_config_on_startup:581 | ==================================================
2026-05-19 11:01:27.462 | INFO     | app.core.config:validate_config_on_startup:582 | 书房管理系统 v2.0.0
2026-05-19 11:01:27.463 | INFO     | app.core.config:validate_config_on_startup:583 | 运行模式: [DEV] 开发
2026-05-19 11:01:27.464 | INFO     | app.core.config:validate_config_on_startup:587 | 数据库: ./bookshelf.db
2026-05-19 11:01:27.465 | INFO     | app.core.config:validate_config_on_startup:588 | 豆瓣 Cookie: [OK] 已配置
2026-05-19 11:01:27.466 | INFO     | app.core.config:validate_config_on_startup:592 | 图片缓存: [OK] 启用 | 目录: ./cache/images | 有效期: 7天
2026-05-19 11:01:27.467 | INFO     | app.core.config:validate_config_on_startup:598 | 日志: 级别=INFO | 文件=./logs/app.log | 轮转=10 MB | 保留=7 days
2026-05-19 11:01:27.469 | INFO     | app.core.config:validate_config_on_startup:604 | ==================================================
2026-05-19 11:01:27.484 | INFO     | app.core.database:init_db:260 | 表创建完成 (8 张表)
2026-05-19 11:01:27.484 | INFO     | app.main:lifespan:91 | [Startup] [OK] 数据库表初始化完成
2026-05-19 11:01:27.631 | INFO     | app.core.seed:seed_database:56 | 数据库已有数据，跳过种子初始化
2026-05-19 11:01:27.632 | INFO     | app.main:lifespan:99 | [Startup] [OK] 种子数据初始化完成
2026-05-19 11:01:27.633 | INFO     | app.main:lifespan:105 | [Startup] [OK] http://0.0.0.0:8000 | /docs | /health
2026-05-19 11:01:27.633 | INFO     | app.main:lifespan:106 | ============================================================
2026-05-19 11:02:04.946 | INFO     | app.main:lifespan:108 | ============================================================
2026-05-19 11:02:04.946 | INFO     | app.main:lifespan:109 | [STOP] 书房管理系统 正在关闭...
2026-05-19 11:02:04.947 | INFO     | app.main:lifespan:110 | ============================================================
2026-05-19 11:02:04.948 | INFO     | app.core.database:close_all_connections:373 | 同步连接已关闭
2026-05-19 11:02:04.949 | INFO     | app.main:lifespan:116 | [Shutdown] [OK] 已安全关闭
2026-05-19 11:02:04.950 | INFO     | app.main:lifespan:117 | ============================================================
2026-05-19 11:02:13.208 | INFO     | app.main:setup_logging:77 | 日志系统已初始化 | 文件: ./logs/app.log | 错误: logs\app.error.log
2026-05-19 11:02:13.209 | INFO     | app.main:lifespan:83 | ============================================================
2026-05-19 11:02:13.210 | INFO     | app.main:lifespan:84 | [START] 书房管理系统 v2.0.0 启动中...
2026-05-19 11:02:13.211 | INFO     | app.main:lifespan:85 | ============================================================
2026-05-19 11:02:13.214 | INFO     | app.core.config:validate_config_on_startup:568 | 目录已就绪: logs
2026-05-19 11:02:13.216 | INFO     | app.core.config:validate_config_on_startup:568 | 目录已就绪: cache\images
2026-05-19 11:02:13.218 | INFO     | app.core.config:validate_config_on_startup:581 | ==================================================
2026-05-19 11:02:13.219 | INFO     | app.core.config:validate_config_on_startup:582 | 书房管理系统 v2.0.0
2026-05-19 11:02:13.220 | INFO     | app.core.config:validate_config_on_startup:583 | 运行模式: [DEV] 开发
2026-05-19 11:02:13.221 | INFO     | app.core.config:validate_config_on_startup:587 | 数据库: ./bookshelf.db
2026-05-19 11:02:13.223 | INFO     | app.core.config:validate_config_on_startup:588 | 豆瓣 Cookie: [OK] 已配置
2026-05-19 11:02:13.224 | INFO     | app.core.config:validate_config_on_startup:592 | 图片缓存: [OK] 启用 | 目录: ./cache/images | 有效期: 7天
2026-05-19 11:02:13.225 | INFO     | app.core.config:validate_config_on_startup:598 | 日志: 级别=INFO | 文件=./logs/app.log | 轮转=10 MB | 保留=7 days
2026-05-19 11:02:13.226 | INFO     | app.core.config:validate_config_on_startup:604 | ==================================================
2026-05-19 11:02:13.244 | INFO     | app.core.database:init_db:260 | 表创建完成 (8 张表)
2026-05-19 11:02:13.245 | INFO     | app.main:lifespan:91 | [Startup] [OK] 数据库表初始化完成
2026-05-19 11:02:13.583 | INFO     | app.core.seed:seed_database:56 | 数据库已有数据，跳过种子初始化
2026-05-19 11:02:13.592 | INFO     | app.main:lifespan:99 | [Startup] [OK] 种子数据初始化完成
2026-05-19 11:02:13.594 | INFO     | app.main:lifespan:105 | [Startup] [OK] http://0.0.0.0:8000 | /docs | /health
2026-05-19 11:02:13.595 | INFO     | app.main:lifespan:106 | ============================================================
2026-05-19 11:02:51.519 | INFO     | app.main:lifespan:108 | ============================================================
2026-05-19 11:02:51.520 | INFO     | app.main:lifespan:109 | [STOP] 书房管理系统 正在关闭...
2026-05-19 11:02:51.520 | INFO     | app.main:lifespan:110 | ============================================================
2026-05-19 11:02:51.522 | INFO     | app.core.database:close_all_connections:373 | 同步连接已关闭
2026-05-19 11:02:51.522 | INFO     | app.main:lifespan:116 | [Shutdown] [OK] 已安全关闭
2026-05-19 11:02:51.523 | INFO     | app.main:lifespan:117 | ============================================================
2026-05-19 11:03:00.275 | INFO     | app.main:setup_logging:77 | 日志系统已初始化 | 文件: ./logs/app.log | 错误: logs\app.error.log
2026-05-19 11:03:00.276 | INFO     | app.main:lifespan:83 | ============================================================
2026-05-19 11:03:00.277 | INFO     | app.main:lifespan:84 | [START] 书房管理系统 v2.0.0 启动中...
2026-05-19 11:03:00.278 | INFO     | app.main:lifespan:85 | ============================================================
2026-05-19 11:03:00.279 | INFO     | app.core.config:validate_config_on_startup:568 | 目录已就绪: logs
2026-05-19 11:03:00.280 | INFO     | app.core.config:validate_config_on_startup:568 | 目录已就绪: cache\images
2026-05-19 11:03:00.281 | INFO     | app.core.config:validate_config_on_startup:581 | ==================================================
2026-05-19 11:03:00.282 | INFO     | app.core.config:validate_config_on_startup:582 | 书房管理系统 v2.0.0
2026-05-19 11:03:00.283 | INFO     | app.core.config:validate_config_on_startup:583 | 运行模式: [DEV] 开发
2026-05-19 11:03:00.284 | INFO     | app.core.config:validate_config_on_startup:587 | 数据库: ./bookshelf.db
2026-05-19 11:03:00.284 | INFO     | app.core.config:validate_config_on_startup:588 | 豆瓣 Cookie: [OK] 已配置
2026-05-19 11:03:00.285 | INFO     | app.core.config:validate_config_on_startup:592 | 图片缓存: [OK] 启用 | 目录: ./cache/images | 有效期: 7天
2026-05-19 11:03:00.286 | INFO     | app.core.config:validate_config_on_startup:598 | 日志: 级别=INFO | 文件=./logs/app.log | 轮转=10 MB | 保留=7 days
2026-05-19 11:03:00.286 | INFO     | app.core.config:validate_config_on_startup:604 | ==================================================
2026-05-19 11:03:00.299 | INFO     | app.core.database:init_db:260 | 表创建完成 (8 张表)
2026-05-19 11:03:00.301 | INFO     | app.main:lifespan:91 | [Startup] [OK] 数据库表初始化完成
2026-05-19 11:03:00.407 | INFO     | app.core.seed:seed_database:56 | 数据库已有数据，跳过种子初始化
2026-05-19 11:03:00.408 | INFO     | app.main:lifespan:99 | [Startup] [OK] 种子数据初始化完成
2026-05-19 11:03:00.409 | INFO     | app.main:lifespan:105 | [Startup] [OK] http://0.0.0.0:8000 | /docs | /health
2026-05-19 11:03:00.409 | INFO     | app.main:lifespan:106 | ============================================================
2026-05-19 11:07:01.001 | INFO     | app.main:lifespan:108 | ============================================================
2026-05-19 11:07:01.002 | INFO     | app.main:lifespan:109 | [STOP] 书房管理系统 正在关闭...
2026-05-19 11:07:01.003 | INFO     | app.main:lifespan:110 | ============================================================
2026-05-19 11:07:01.006 | INFO     | app.core.database:close_all_connections:373 | 同步连接已关闭
2026-05-19 11:07:01.007 | INFO     | app.main:lifespan:116 | [Shutdown] [OK] 已安全关闭
2026-05-19 11:07:01.008 | INFO     | app.main:lifespan:117 | ============================================================
2026-05-19 11:07:58.772 | INFO     | app.main:setup_logging:77 | 日志系统已初始化 | 文件: ./logs/app.log | 错误: logs\app.error.log
2026-05-19 11:07:58.772 | INFO     | app.main:lifespan:83 | ============================================================
2026-05-19 11:07:58.773 | INFO     | app.main:lifespan:84 | [START] 书房管理系统 v2.0.0 启动中...
2026-05-19 11:07:58.774 | INFO     | app.main:lifespan:85 | ============================================================
2026-05-19 11:07:58.775 | INFO     | app.core.config:validate_config_on_startup:568 | 目录已就绪: logs
2026-05-19 11:07:58.778 | INFO     | app.core.config:validate_config_on_startup:568 | 目录已就绪: cache\images
2026-05-19 11:07:58.778 | INFO     | app.core.config:validate_config_on_startup:581 | ==================================================
2026-05-19 11:07:58.779 | INFO     | app.core.config:validate_config_on_startup:582 | 书房管理系统 v2.0.0
2026-05-19 11:07:58.780 | INFO     | app.core.config:validate_config_on_startup:583 | 运行模式: [DEV] 开发
2026-05-19 11:07:58.780 | INFO     | app.core.config:validate_config_on_startup:587 | 数据库: ./bookshelf.db
2026-05-19 11:07:58.780 | INFO     | app.core.config:validate_config_on_startup:588 | 豆瓣 Cookie: [OK] 已配置
2026-05-19 11:07:58.781 | INFO     | app.core.config:validate_config_on_startup:592 | 图片缓存: [OK] 启用 | 目录: ./cache/images | 有效期: 7天
2026-05-19 11:07:58.781 | INFO     | app.core.config:validate_config_on_startup:598 | 日志: 级别=INFO | 文件=./logs/app.log | 轮转=10 MB | 保留=7 days
2026-05-19 11:07:58.782 | INFO     | app.core.config:validate_config_on_startup:604 | ==================================================
2026-05-19 11:07:58.789 | INFO     | app.core.database:init_db:260 | 表创建完成 (8 张表)
2026-05-19 11:07:58.789 | INFO     | app.main:lifespan:91 | [Startup] [OK] 数据库表初始化完成
2026-05-19 11:07:58.861 | INFO     | app.core.seed:seed_database:56 | 数据库已有数据，跳过种子初始化
2026-05-19 11:07:58.861 | INFO     | app.main:lifespan:99 | [Startup] [OK] 种子数据初始化完成
2026-05-19 11:07:58.862 | INFO     | app.main:lifespan:105 | [Startup] [OK] http://0.0.0.0:8000 | /docs | /health
2026-05-19 11:07:58.863 | INFO     | app.main:lifespan:106 | ============================================================
2026-05-19 11:08:37.617 | INFO     | app.main:lifespan:108 | ============================================================
2026-05-19 11:08:37.618 | INFO     | app.main:lifespan:109 | [STOP] 书房管理系统 正在关闭...
2026-05-19 11:08:37.618 | INFO     | app.main:lifespan:110 | ============================================================
2026-05-19 11:08:37.620 | INFO     | app.core.database:close_all_connections:373 | 同步连接已关闭
2026-05-19 11:08:37.620 | INFO     | app.main:lifespan:116 | [Shutdown] [OK] 已安全关闭
2026-05-19 11:08:37.621 | INFO     | app.main:lifespan:117 | ============================================================
2026-05-19 11:08:44.841 | INFO     | app.main:setup_logging:77 | 日志系统已初始化 | 文件: ./logs/app.log | 错误: logs\app.error.log
2026-05-19 11:08:44.842 | INFO     | app.main:lifespan:83 | ============================================================
2026-05-19 11:08:44.843 | INFO     | app.main:lifespan:84 | [START] 书房管理系统 v2.0.0 启动中...
2026-05-19 11:08:44.843 | INFO     | app.main:lifespan:85 | ============================================================
2026-05-19 11:08:44.844 | INFO     | app.core.config:validate_config_on_startup:568 | 目录已就绪: logs
2026-05-19 11:08:44.846 | INFO     | app.core.config:validate_config_on_startup:568 | 目录已就绪: cache\images
2026-05-19 11:08:44.846 | INFO     | app.core.config:validate_config_on_startup:581 | ==================================================
2026-05-19 11:08:44.847 | INFO     | app.core.config:validate_config_on_startup:582 | 书房管理系统 v2.0.0
2026-05-19 11:08:44.847 | INFO     | app.core.config:validate_config_on_startup:583 | 运行模式: [DEV] 开发
2026-05-19 11:08:44.849 | INFO     | app.core.config:validate_config_on_startup:587 | 数据库: ./bookshelf.db
2026-05-19 11:08:44.850 | INFO     | app.core.config:validate_config_on_startup:588 | 豆瓣 Cookie: [OK] 已配置
2026-05-19 11:08:44.851 | INFO     | app.core.config:validate_config_on_startup:592 | 图片缓存: [OK] 启用 | 目录: ./cache/images | 有效期: 7天
2026-05-19 11:08:44.851 | INFO     | app.core.config:validate_config_on_startup:598 | 日志: 级别=INFO | 文件=./logs/app.log | 轮转=10 MB | 保留=7 days
2026-05-19 11:08:44.852 | INFO     | app.core.config:validate_config_on_startup:604 | ==================================================
2026-05-19 11:08:44.861 | INFO     | app.core.database:init_db:260 | 表创建完成 (8 张表)
2026-05-19 11:08:44.861 | INFO     | app.main:lifespan:91 | [Startup] [OK] 数据库表初始化完成
2026-05-19 11:08:44.950 | INFO     | app.core.seed:seed_database:56 | 数据库已有数据，跳过种子初始化
2026-05-19 11:08:44.951 | INFO     | app.main:lifespan:99 | [Startup] [OK] 种子数据初始化完成
2026-05-19 11:08:44.952 | INFO     | app.main:lifespan:105 | [Startup] [OK] http://0.0.0.0:8000 | /docs | /health
2026-05-19 11:08:44.952 | INFO     | app.main:lifespan:106 | ============================================================
2026-05-19 11:09:36.927 | INFO     | app.main:lifespan:108 | ============================================================
2026-05-19 11:09:36.927 | INFO     | app.main:lifespan:109 | [STOP] 书房管理系统 正在关闭...
2026-05-19 11:09:36.928 | INFO     | app.main:lifespan:110 | ============================================================
2026-05-19 11:09:36.930 | INFO     | app.core.database:close_all_connections:373 | 同步连接已关闭
2026-05-19 11:09:36.931 | INFO     | app.main:lifespan:116 | [Shutdown] [OK] 已安全关闭
2026-05-19 11:09:36.932 | INFO     | app.main:lifespan:117 | ============================================================
2026-05-19 11:13:49.098 | INFO     | app.main:setup_logging:77 | 日志系统已初始化 | 文件: ./logs/app.log | 错误: logs\app.error.log
2026-05-19 11:13:49.100 | INFO     | app.main:lifespan:83 | ============================================================
2026-05-19 11:13:49.101 | INFO     | app.main:lifespan:84 | [START] 书房管理系统 v2.0.0 启动中...
2026-05-19 11:13:49.101 | INFO     | app.main:lifespan:85 | ============================================================
2026-05-19 11:13:49.103 | INFO     | app.core.config:validate_config_on_startup:568 | 目录已就绪: logs
2026-05-19 11:13:49.104 | INFO     | app.core.config:validate_config_on_startup:568 | 目录已就绪: cache\images
2026-05-19 11:13:49.105 | INFO     | app.core.config:validate_config_on_startup:581 | ==================================================
2026-05-19 11:13:49.105 | INFO     | app.core.config:validate_config_on_startup:582 | 书房管理系统 v2.0.0
2026-05-19 11:13:49.106 | INFO     | app.core.config:validate_config_on_startup:583 | 运行模式: [DEV] 开发
2026-05-19 11:13:49.106 | INFO     | app.core.config:validate_config_on_startup:587 | 数据库: ./bookshelf.db
2026-05-19 11:13:49.107 | INFO     | app.core.config:validate_config_on_startup:588 | 豆瓣 Cookie: [OK] 已配置
2026-05-19 11:13:49.107 | INFO     | app.core.config:validate_config_on_startup:592 | 图片缓存: [OK] 启用 | 目录: ./cache/images | 有效期: 7天
2026-05-19 11:13:49.108 | INFO     | app.core.config:validate_config_on_startup:598 | 日志: 级别=INFO | 文件=./logs/app.log | 轮转=10 MB | 保留=7 days
2026-05-19 11:13:49.108 | INFO     | app.core.config:validate_config_on_startup:604 | ==================================================
2026-05-19 11:13:49.120 | INFO     | app.core.database:init_db:260 | 表创建完成 (8 张表)
2026-05-19 11:13:49.121 | INFO     | app.main:lifespan:91 | [Startup] [OK] 数据库表初始化完成
2026-05-19 11:13:49.260 | INFO     | app.main:setup_logging:77 | 日志系统已初始化 | 文件: ./logs/app.log | 错误: logs\app.error.log
2026-05-19 11:13:49.261 | INFO     | app.main:lifespan:83 | ============================================================
2026-05-19 11:13:49.262 | INFO     | app.main:lifespan:84 | [START] 书房管理系统 v2.0.0 启动中...
2026-05-19 11:13:49.262 | INFO     | app.main:lifespan:85 | ============================================================
2026-05-19 11:13:49.264 | INFO     | app.core.config:validate_config_on_startup:568 | 目录已就绪: logs
2026-05-19 11:13:49.265 | INFO     | app.core.config:validate_config_on_startup:568 | 目录已就绪: cache\images
2026-05-19 11:13:49.266 | INFO     | app.core.config:validate_config_on_startup:581 | ==================================================
2026-05-19 11:13:49.267 | INFO     | app.core.config:validate_config_on_startup:582 | 书房管理系统 v2.0.0
2026-05-19 11:13:49.268 | INFO     | app.core.config:validate_config_on_startup:583 | 运行模式: [DEV] 开发
2026-05-19 11:13:49.270 | INFO     | app.core.config:validate_config_on_startup:587 | 数据库: ./bookshelf.db
2026-05-19 11:13:49.270 | INFO     | app.core.config:validate_config_on_startup:588 | 豆瓣 Cookie: [OK] 已配置
2026-05-19 11:13:49.271 | INFO     | app.core.config:validate_config_on_startup:592 | 图片缓存: [OK] 启用 | 目录: ./cache/images | 有效期: 7天
2026-05-19 11:13:49.272 | INFO     | app.core.config:validate_config_on_startup:598 | 日志: 级别=INFO | 文件=./logs/app.log | 轮转=10 MB | 保留=7 days
2026-05-19 11:13:49.273 | INFO     | app.core.config:validate_config_on_startup:604 | ==================================================
2026-05-19 11:13:49.284 | INFO     | app.core.database:init_db:260 | 表创建完成 (8 张表)
2026-05-19 11:13:49.285 | INFO     | app.main:lifespan:91 | [Startup] [OK] 数据库表初始化完成
2026-05-19 11:13:49.285 | INFO     | app.core.seed:seed_database:56 | 数据库已有数据，跳过种子初始化
2026-05-19 11:13:49.286 | INFO     | app.main:lifespan:99 | [Startup] [OK] 种子数据初始化完成
2026-05-19 11:13:49.287 | INFO     | app.main:lifespan:105 | [Startup] [OK] http://0.0.0.0:8000 | /docs | /health
2026-05-19 11:13:49.288 | INFO     | app.main:lifespan:106 | ============================================================
2026-05-19 11:13:49.418 | INFO     | app.core.seed:seed_database:56 | 数据库已有数据，跳过种子初始化
2026-05-19 11:13:49.419 | INFO     | app.main:lifespan:99 | [Startup] [OK] 种子数据初始化完成
2026-05-19 11:13:49.420 | INFO     | app.main:lifespan:105 | [Startup] [OK] http://0.0.0.0:8000 | /docs | /health
2026-05-19 11:13:49.420 | INFO     | app.main:lifespan:106 | ============================================================
2026-05-19 11:27:23.439 | INFO     | app.main:lifespan:108 | ============================================================
2026-05-19 11:27:23.440 | INFO     | app.main:lifespan:109 | [STOP] 书房管理系统 正在关闭...
2026-05-19 11:27:23.440 | INFO     | app.main:lifespan:110 | ============================================================
2026-05-19 11:27:23.443 | INFO     | app.core.database:close_all_connections:373 | 同步连接已关闭
2026-05-19 11:27:23.444 | INFO     | app.main:lifespan:116 | [Shutdown] [OK] 已安全关闭
2026-05-19 11:27:23.444 | INFO     | app.main:lifespan:117 | ============================================================
2026-05-19 11:27:30.189 | INFO     | app.main:setup_logging:77 | 日志系统已初始化 | 文件: ./logs/app.log | 错误: logs\app.error.log
2026-05-19 11:27:30.190 | INFO     | app.main:lifespan:83 | ============================================================
2026-05-19 11:27:30.191 | INFO     | app.main:lifespan:84 | [START] 书房管理系统 v2.0.0 启动中...
2026-05-19 11:27:30.191 | INFO     | app.main:lifespan:85 | ============================================================
2026-05-19 11:27:30.193 | INFO     | app.core.config:validate_config_on_startup:568 | 目录已就绪: logs
2026-05-19 11:27:30.194 | INFO     | app.core.config:validate_config_on_startup:568 | 目录已就绪: cache\images
2026-05-19 11:27:30.195 | INFO     | app.core.config:validate_config_on_startup:581 | ==================================================
2026-05-19 11:27:30.196 | INFO     | app.core.config:validate_config_on_startup:582 | 书房管理系统 v2.0.0
2026-05-19 11:27:30.197 | INFO     | app.core.config:validate_config_on_startup:583 | 运行模式: [DEV] 开发
2026-05-19 11:27:30.197 | INFO     | app.core.config:validate_config_on_startup:587 | 数据库: ./bookshelf.db
2026-05-19 11:27:30.198 | INFO     | app.core.config:validate_config_on_startup:588 | 豆瓣 Cookie: [OK] 已配置
2026-05-19 11:27:30.198 | INFO     | app.core.config:validate_config_on_startup:592 | 图片缓存: [OK] 启用 | 目录: ./cache/images | 有效期: 7天
2026-05-19 11:27:30.199 | INFO     | app.core.config:validate_config_on_startup:598 | 日志: 级别=INFO | 文件=./logs/app.log | 轮转=10 MB | 保留=7 days
2026-05-19 11:27:30.199 | INFO     | app.core.config:validate_config_on_startup:604 | ==================================================
2026-05-19 11:27:30.212 | INFO     | app.core.database:init_db:260 | 表创建完成 (8 张表)
2026-05-19 11:27:30.213 | INFO     | app.main:lifespan:91 | [Startup] [OK] 数据库表初始化完成
2026-05-19 11:27:30.323 | INFO     | app.core.seed:seed_database:56 | 数据库已有数据，跳过种子初始化
2026-05-19 11:27:30.324 | INFO     | app.main:lifespan:99 | [Startup] [OK] 种子数据初始化完成
2026-05-19 11:27:30.325 | INFO     | app.main:lifespan:105 | [Startup] [OK] http://0.0.0.0:8000 | /docs | /health
2026-05-19 11:27:30.326 | INFO     | app.main:lifespan:106 | ============================================================
2026-05-19 11:28:24.761 | INFO     | app.main:lifespan:108 | ============================================================
2026-05-19 11:28:24.762 | INFO     | app.main:lifespan:109 | [STOP] 书房管理系统 正在关闭...
2026-05-19 11:28:24.762 | INFO     | app.main:lifespan:110 | ============================================================
2026-05-19 11:28:24.763 | INFO     | app.core.database:close_all_connections:373 | 同步连接已关闭
2026-05-19 11:28:24.764 | INFO     | app.main:lifespan:116 | [Shutdown] [OK] 已安全关闭
2026-05-19 11:28:24.764 | INFO     | app.main:lifespan:117 | ============================================================
2026-05-19 11:28:31.210 | INFO     | app.main:setup_logging:77 | 日志系统已初始化 | 文件: ./logs/app.log | 错误: logs\app.error.log
2026-05-19 11:28:31.211 | INFO     | app.main:lifespan:83 | ============================================================
2026-05-19 11:28:31.212 | INFO     | app.main:lifespan:84 | [START] 书房管理系统 v2.0.0 启动中...
2026-05-19 11:28:31.212 | INFO     | app.main:lifespan:85 | ============================================================
2026-05-19 11:28:31.214 | INFO     | app.core.config:validate_config_on_startup:568 | 目录已就绪: logs
2026-05-19 11:28:31.215 | INFO     | app.core.config:validate_config_on_startup:568 | 目录已就绪: cache\images
2026-05-19 11:28:31.215 | INFO     | app.core.config:validate_config_on_startup:581 | ==================================================
2026-05-19 11:28:31.216 | INFO     | app.core.config:validate_config_on_startup:582 | 书房管理系统 v2.0.0
2026-05-19 11:28:31.217 | INFO     | app.core.config:validate_config_on_startup:583 | 运行模式: [DEV] 开发
2026-05-19 11:28:31.217 | INFO     | app.core.config:validate_config_on_startup:587 | 数据库: ./bookshelf.db
2026-05-19 11:28:31.218 | INFO     | app.core.config:validate_config_on_startup:588 | 豆瓣 Cookie: [OK] 已配置
2026-05-19 11:28:31.218 | INFO     | app.core.config:validate_config_on_startup:592 | 图片缓存: [OK] 启用 | 目录: ./cache/images | 有效期: 7天
2026-05-19 11:28:31.219 | INFO     | app.core.config:validate_config_on_startup:598 | 日志: 级别=INFO | 文件=./logs/app.log | 轮转=10 MB | 保留=7 days
2026-05-19 11:28:31.220 | INFO     | app.core.config:validate_config_on_startup:604 | ==================================================
2026-05-19 11:28:31.231 | INFO     | app.core.database:init_db:260 | 表创建完成 (8 张表)
2026-05-19 11:28:31.232 | INFO     | app.main:lifespan:91 | [Startup] [OK] 数据库表初始化完成
2026-05-19 11:28:31.346 | INFO     | app.core.seed:seed_database:56 | 数据库已有数据，跳过种子初始化
2026-05-19 11:28:31.346 | INFO     | app.main:lifespan:99 | [Startup] [OK] 种子数据初始化完成
2026-05-19 11:28:31.347 | INFO     | app.main:lifespan:105 | [Startup] [OK] http://0.0.0.0:8000 | /docs | /health
2026-05-19 11:28:31.348 | INFO     | app.main:lifespan:106 | ============================================================
2026-05-19 11:28:42.015 | INFO     | app.main:lifespan:108 | ============================================================
2026-05-19 11:28:42.016 | INFO     | app.main:lifespan:109 | [STOP] 书房管理系统 正在关闭...
2026-05-19 11:28:42.016 | INFO     | app.main:lifespan:110 | ============================================================
2026-05-19 11:28:42.017 | INFO     | app.core.database:close_all_connections:373 | 同步连接已关闭
2026-05-19 11:28:42.018 | INFO     | app.main:lifespan:116 | [Shutdown] [OK] 已安全关闭
2026-05-19 11:28:42.018 | INFO     | app.main:lifespan:117 | ============================================================
2026-05-19 11:28:48.209 | INFO     | app.main:setup_logging:77 | 日志系统已初始化 | 文件: ./logs/app.log | 错误: logs\app.error.log
2026-05-19 11:28:48.210 | INFO     | app.main:lifespan:83 | ============================================================
2026-05-19 11:28:48.210 | INFO     | app.main:lifespan:84 | [START] 书房管理系统 v2.0.0 启动中...
2026-05-19 11:28:48.211 | INFO     | app.main:lifespan:85 | ============================================================
2026-05-19 11:28:48.212 | INFO     | app.core.config:validate_config_on_startup:568 | 目录已就绪: logs
2026-05-19 11:28:48.214 | INFO     | app.core.config:validate_config_on_startup:568 | 目录已就绪: cache\images
2026-05-19 11:28:48.214 | INFO     | app.core.config:validate_config_on_startup:581 | ==================================================
2026-05-19 11:28:48.215 | INFO     | app.core.config:validate_config_on_startup:582 | 书房管理系统 v2.0.0
2026-05-19 11:28:48.216 | INFO     | app.core.config:validate_config_on_startup:583 | 运行模式: [DEV] 开发
2026-05-19 11:28:48.217 | INFO     | app.core.config:validate_config_on_startup:587 | 数据库: ./bookshelf.db
2026-05-19 11:28:48.217 | INFO     | app.core.config:validate_config_on_startup:588 | 豆瓣 Cookie: [OK] 已配置
2026-05-19 11:28:48.218 | INFO     | app.core.config:validate_config_on_startup:592 | 图片缓存: [OK] 启用 | 目录: ./cache/images | 有效期: 7天
2026-05-19 11:28:48.218 | INFO     | app.core.config:validate_config_on_startup:598 | 日志: 级别=INFO | 文件=./logs/app.log | 轮转=10 MB | 保留=7 days
2026-05-19 11:28:48.219 | INFO     | app.core.config:validate_config_on_startup:604 | ==================================================
2026-05-19 11:28:48.227 | INFO     | app.core.database:init_db:260 | 表创建完成 (8 张表)
2026-05-19 11:28:48.228 | INFO     | app.main:lifespan:91 | [Startup] [OK] 数据库表初始化完成
2026-05-19 11:28:48.341 | INFO     | app.core.seed:seed_database:56 | 数据库已有数据，跳过种子初始化
2026-05-19 11:28:48.342 | INFO     | app.main:lifespan:99 | [Startup] [OK] 种子数据初始化完成
2026-05-19 11:28:48.343 | INFO     | app.main:lifespan:105 | [Startup] [OK] http://0.0.0.0:8000 | /docs | /health
2026-05-19 11:28:48.343 | INFO     | app.main:lifespan:106 | ============================================================
2026-05-19 11:29:15.348 | INFO     | app.main:lifespan:108 | ============================================================
2026-05-19 11:29:15.348 | INFO     | app.main:lifespan:109 | [STOP] 书房管理系统 正在关闭...
2026-05-19 11:29:15.349 | INFO     | app.main:lifespan:110 | ============================================================
2026-05-19 11:29:15.350 | INFO     | app.core.database:close_all_connections:373 | 同步连接已关闭
2026-05-19 11:29:15.350 | INFO     | app.main:lifespan:116 | [Shutdown] [OK] 已安全关闭
2026-05-19 11:29:15.351 | INFO     | app.main:lifespan:117 | ============================================================
2026-05-19 11:29:20.384 | INFO     | app.main:setup_logging:77 | 日志系统已初始化 | 文件: ./logs/app.log | 错误: logs\app.error.log
2026-05-19 11:29:20.385 | INFO     | app.main:lifespan:83 | ============================================================
2026-05-19 11:29:20.386 | INFO     | app.main:lifespan:84 | [START] 书房管理系统 v2.0.0 启动中...
2026-05-19 11:29:20.386 | INFO     | app.main:lifespan:85 | ============================================================
2026-05-19 11:29:20.388 | INFO     | app.core.config:validate_config_on_startup:568 | 目录已就绪: logs
2026-05-19 11:29:20.389 | INFO     | app.core.config:validate_config_on_startup:568 | 目录已就绪: cache\images
2026-05-19 11:29:20.389 | INFO     | app.core.config:validate_config_on_startup:581 | ==================================================
2026-05-19 11:29:20.390 | INFO     | app.core.config:validate_config_on_startup:582 | 书房管理系统 v2.0.0
2026-05-19 11:29:20.391 | INFO     | app.core.config:validate_config_on_startup:583 | 运行模式: [DEV] 开发
2026-05-19 11:29:20.391 | INFO     | app.core.config:validate_config_on_startup:587 | 数据库: ./bookshelf.db
2026-05-19 11:29:20.392 | INFO     | app.core.config:validate_config_on_startup:588 | 豆瓣 Cookie: [OK] 已配置
2026-05-19 11:29:20.393 | INFO     | app.core.config:validate_config_on_startup:592 | 图片缓存: [OK] 启用 | 目录: ./cache/images | 有效期: 7天
2026-05-19 11:29:20.394 | INFO     | app.core.config:validate_config_on_startup:598 | 日志: 级别=INFO | 文件=./logs/app.log | 轮转=10 MB | 保留=7 days
2026-05-19 11:29:20.394 | INFO     | app.core.config:validate_config_on_startup:604 | ==================================================
2026-05-19 11:29:20.404 | INFO     | app.core.database:init_db:260 | 表创建完成 (8 张表)
2026-05-19 11:29:20.405 | INFO     | app.main:lifespan:91 | [Startup] [OK] 数据库表初始化完成
2026-05-19 11:29:20.529 | INFO     | app.core.seed:seed_database:56 | 数据库已有数据，跳过种子初始化
2026-05-19 11:29:20.530 | INFO     | app.main:lifespan:99 | [Startup] [OK] 种子数据初始化完成
2026-05-19 11:29:20.531 | INFO     | app.main:lifespan:105 | [Startup] [OK] http://0.0.0.0:8000 | /docs | /health
2026-05-19 11:29:20.531 | INFO     | app.main:lifespan:106 | ============================================================
2026-05-19 11:30:28.472 | INFO     | app.main:lifespan:108 | ============================================================
2026-05-19 11:30:28.473 | INFO     | app.main:lifespan:109 | [STOP] 书房管理系统 正在关闭...
2026-05-19 11:30:28.474 | INFO     | app.main:lifespan:110 | ============================================================
2026-05-19 11:30:28.476 | INFO     | app.core.database:close_all_connections:373 | 同步连接已关闭
2026-05-19 11:30:28.477 | INFO     | app.main:lifespan:116 | [Shutdown] [OK] 已安全关闭
2026-05-19 11:30:28.478 | INFO     | app.main:lifespan:117 | ============================================================
2026-05-19 11:32:00.082 | INFO     | app.main:setup_logging:77 | 日志系统已初始化 | 文件: ./logs/app.log | 错误: logs\app.error.log
2026-05-19 11:32:00.083 | INFO     | app.main:lifespan:83 | ============================================================
2026-05-19 11:32:00.084 | INFO     | app.main:lifespan:84 | [START] 书房管理系统 v2.0.0 启动中...
2026-05-19 11:32:00.084 | INFO     | app.main:lifespan:85 | ============================================================
2026-05-19 11:32:00.086 | INFO     | app.core.config:validate_config_on_startup:568 | 目录已就绪: logs
2026-05-19 11:32:00.087 | INFO     | app.core.config:validate_config_on_startup:568 | 目录已就绪: cache\images
2026-05-19 11:32:00.088 | INFO     | app.core.config:validate_config_on_startup:581 | ==================================================
2026-05-19 11:32:00.088 | INFO     | app.core.config:validate_config_on_startup:582 | 书房管理系统 v2.0.0
2026-05-19 11:32:00.089 | INFO     | app.core.config:validate_config_on_startup:583 | 运行模式: [DEV] 开发
2026-05-19 11:32:00.089 | INFO     | app.core.config:validate_config_on_startup:587 | 数据库: ./bookshelf.db
2026-05-19 11:32:00.090 | INFO     | app.core.config:validate_config_on_startup:588 | 豆瓣 Cookie: [OK] 已配置
2026-05-19 11:32:00.091 | INFO     | app.core.config:validate_config_on_startup:592 | 图片缓存: [OK] 启用 | 目录: ./cache/images | 有效期: 7天
2026-05-19 11:32:00.091 | INFO     | app.core.config:validate_config_on_startup:598 | 日志: 级别=INFO | 文件=./logs/app.log | 轮转=10 MB | 保留=7 days
2026-05-19 11:32:00.092 | INFO     | app.core.config:validate_config_on_startup:604 | ==================================================
2026-05-19 11:32:00.101 | INFO     | app.core.database:init_db:260 | 表创建完成 (8 张表)
2026-05-19 11:32:00.102 | INFO     | app.main:lifespan:91 | [Startup] [OK] 数据库表初始化完成
2026-05-19 11:32:00.186 | INFO     | app.core.seed:seed_database:56 | 数据库已有数据，跳过种子初始化
2026-05-19 11:32:00.187 | INFO     | app.main:lifespan:99 | [Startup] [OK] 种子数据初始化完成
2026-05-19 11:32:00.187 | INFO     | app.main:lifespan:105 | [Startup] [OK] http://0.0.0.0:8000 | /docs | /health
2026-05-19 11:32:00.188 | INFO     | app.main:lifespan:106 | ============================================================
2026-05-19 11:32:20.449 | INFO     | app.main:lifespan:108 | ============================================================
2026-05-19 11:32:20.450 | INFO     | app.main:lifespan:109 | [STOP] 书房管理系统 正在关闭...
2026-05-19 11:32:20.451 | INFO     | app.main:lifespan:110 | ============================================================
2026-05-19 11:32:20.453 | INFO     | app.core.database:close_all_connections:373 | 同步连接已关闭
2026-05-19 11:32:20.454 | INFO     | app.main:lifespan:116 | [Shutdown] [OK] 已安全关闭
2026-05-19 11:32:20.454 | INFO     | app.main:lifespan:117 | ============================================================
2026-05-19 11:32:26.313 | INFO     | app.main:setup_logging:77 | 日志系统已初始化 | 文件: ./logs/app.log | 错误: logs\app.error.log
2026-05-19 11:32:26.314 | INFO     | app.main:lifespan:83 | ============================================================
2026-05-19 11:32:26.315 | INFO     | app.main:lifespan:84 | [START] 书房管理系统 v2.0.0 启动中...
2026-05-19 11:32:26.316 | INFO     | app.main:lifespan:85 | ============================================================
2026-05-19 11:32:26.317 | INFO     | app.core.config:validate_config_on_startup:568 | 目录已就绪: logs
2026-05-19 11:32:26.318 | INFO     | app.core.config:validate_config_on_startup:568 | 目录已就绪: cache\images
2026-05-19 11:32:26.319 | INFO     | app.core.config:validate_config_on_startup:581 | ==================================================
2026-05-19 11:32:26.319 | INFO     | app.core.config:validate_config_on_startup:582 | 书房管理系统 v2.0.0
2026-05-19 11:32:26.320 | INFO     | app.core.config:validate_config_on_startup:583 | 运行模式: [DEV] 开发
2026-05-19 11:32:26.320 | INFO     | app.core.config:validate_config_on_startup:587 | 数据库: ./bookshelf.db
2026-05-19 11:32:26.321 | INFO     | app.core.config:validate_config_on_startup:588 | 豆瓣 Cookie: [OK] 已配置
2026-05-19 11:32:26.322 | INFO     | app.core.config:validate_config_on_startup:592 | 图片缓存: [OK] 启用 | 目录: ./cache/images | 有效期: 7天
2026-05-19 11:32:26.323 | INFO     | app.core.config:validate_config_on_startup:598 | 日志: 级别=INFO | 文件=./logs/app.log | 轮转=10 MB | 保留=7 days
2026-05-19 11:32:26.323 | INFO     | app.core.config:validate_config_on_startup:604 | ==================================================
2026-05-19 11:32:26.332 | INFO     | app.core.database:init_db:260 | 表创建完成 (8 张表)
2026-05-19 11:32:26.333 | INFO     | app.main:lifespan:91 | [Startup] [OK] 数据库表初始化完成
2026-05-19 11:32:26.438 | INFO     | app.core.seed:seed_database:56 | 数据库已有数据，跳过种子初始化
2026-05-19 11:32:26.439 | INFO     | app.main:lifespan:99 | [Startup] [OK] 种子数据初始化完成
2026-05-19 11:32:26.440 | INFO     | app.main:lifespan:105 | [Startup] [OK] http://0.0.0.0:8000 | /docs | /health
2026-05-19 11:32:26.440 | INFO     | app.main:lifespan:106 | ============================================================
2026-05-19 12:29:17.920 | INFO     | app.services.douban_service:search_by_isbn:368 | [OK] [直链访问] 获取成功: 9787020002207 -> 红楼梦（下）
2026-05-19 12:31:11.110 | INFO     | app.main:lifespan:108 | ============================================================
2026-05-19 12:31:11.111 | INFO     | app.main:lifespan:109 | [STOP] 书房管理系统 正在关闭...
2026-05-19 12:31:11.112 | INFO     | app.main:lifespan:110 | ============================================================
2026-05-19 12:31:11.114 | INFO     | app.core.database:close_all_connections:373 | 同步连接已关闭
2026-05-19 12:31:11.115 | INFO     | app.main:lifespan:116 | [Shutdown] [OK] 已安全关闭
2026-05-19 12:31:11.116 | INFO     | app.main:lifespan:117 | ============================================================
2026-05-19 12:31:21.006 | INFO     | app.main:setup_logging:77 | 日志系统已初始化 | 文件: ./logs/app.log | 错误: logs\app.error.log
2026-05-19 12:31:21.007 | INFO     | app.main:lifespan:83 | ============================================================
2026-05-19 12:31:21.007 | INFO     | app.main:lifespan:84 | [START] 书房管理系统 v2.0.0 启动中...
2026-05-19 12:31:21.008 | INFO     | app.main:lifespan:85 | ============================================================
2026-05-19 12:31:21.009 | INFO     | app.core.config:validate_config_on_startup:568 | 目录已就绪: logs
2026-05-19 12:31:21.010 | INFO     | app.core.config:validate_config_on_startup:568 | 目录已就绪: cache\images
2026-05-19 12:31:21.011 | INFO     | app.core.config:validate_config_on_startup:581 | ==================================================
2026-05-19 12:31:21.011 | INFO     | app.core.config:validate_config_on_startup:582 | 书房管理系统 v2.0.0
2026-05-19 12:31:21.012 | INFO     | app.core.config:validate_config_on_startup:583 | 运行模式: [DEV] 开发
2026-05-19 12:31:21.012 | INFO     | app.core.config:validate_config_on_startup:587 | 数据库: ./bookshelf.db
2026-05-19 12:31:21.012 | INFO     | app.core.config:validate_config_on_startup:588 | 豆瓣 Cookie: [OK] 已配置
2026-05-19 12:31:21.013 | INFO     | app.core.config:validate_config_on_startup:592 | 图片缓存: [OK] 启用 | 目录: ./cache/images | 有效期: 7天
2026-05-19 12:31:21.013 | INFO     | app.core.config:validate_config_on_startup:598 | 日志: 级别=INFO | 文件=./logs/app.log | 轮转=10 MB | 保留=7 days
2026-05-19 12:31:21.014 | INFO     | app.core.config:validate_config_on_startup:604 | ==================================================
2026-05-19 12:31:21.040 | INFO     | app.core.database:init_db:260 | 表创建完成 (8 张表)
2026-05-19 12:31:21.041 | INFO     | app.main:lifespan:91 | [Startup] [OK] 数据库表初始化完成
2026-05-19 12:31:21.120 | INFO     | app.core.seed:seed_database:56 | 数据库已有数据，跳过种子初始化
2026-05-19 12:31:21.121 | INFO     | app.main:lifespan:99 | [Startup] [OK] 种子数据初始化完成
2026-05-19 12:31:21.122 | INFO     | app.main:lifespan:105 | [Startup] [OK] http://0.0.0.0:8000 | /docs | /health
2026-05-19 12:31:21.122 | INFO     | app.main:lifespan:106 | ============================================================
2026-05-19 12:31:51.890 | INFO     | app.main:lifespan:108 | ============================================================
2026-05-19 12:31:51.891 | INFO     | app.main:lifespan:109 | [STOP] 书房管理系统 正在关闭...
2026-05-19 12:31:51.891 | INFO     | app.main:lifespan:110 | ============================================================
2026-05-19 12:31:51.893 | INFO     | app.core.database:close_all_connections:373 | 同步连接已关闭
2026-05-19 12:31:51.894 | INFO     | app.main:lifespan:116 | [Shutdown] [OK] 已安全关闭
2026-05-19 12:31:51.894 | INFO     | app.main:lifespan:117 | ============================================================
2026-05-19 12:31:55.887 | INFO     | app.main:setup_logging:77 | 日志系统已初始化 | 文件: ./logs/app.log | 错误: logs\app.error.log
2026-05-19 12:31:55.888 | INFO     | app.main:lifespan:83 | ============================================================
2026-05-19 12:31:55.888 | INFO     | app.main:lifespan:84 | [START] 书房管理系统 v2.0.0 启动中...
2026-05-19 12:31:55.888 | INFO     | app.main:lifespan:85 | ============================================================
2026-05-19 12:31:55.889 | INFO     | app.core.config:validate_config_on_startup:568 | 目录已就绪: logs
2026-05-19 12:31:55.890 | INFO     | app.core.config:validate_config_on_startup:568 | 目录已就绪: cache\images
2026-05-19 12:31:55.890 | INFO     | app.core.config:validate_config_on_startup:581 | ==================================================
2026-05-19 12:31:55.891 | INFO     | app.core.config:validate_config_on_startup:582 | 书房管理系统 v2.0.0
2026-05-19 12:31:55.891 | INFO     | app.core.config:validate_config_on_startup:583 | 运行模式: [DEV] 开发
2026-05-19 12:31:55.891 | INFO     | app.core.config:validate_config_on_startup:587 | 数据库: ./bookshelf.db
2026-05-19 12:31:55.892 | INFO     | app.core.config:validate_config_on_startup:588 | 豆瓣 Cookie: [OK] 已配置
2026-05-19 12:31:55.892 | INFO     | app.core.config:validate_config_on_startup:592 | 图片缓存: [OK] 启用 | 目录: ./cache/images | 有效期: 7天
2026-05-19 12:31:55.893 | INFO     | app.core.config:validate_config_on_startup:598 | 日志: 级别=INFO | 文件=./logs/app.log | 轮转=10 MB | 保留=7 days
2026-05-19 12:31:55.893 | INFO     | app.core.config:validate_config_on_startup:604 | ==================================================
2026-05-19 12:31:55.899 | INFO     | app.core.database:init_db:260 | 表创建完成 (8 张表)
2026-05-19 12:31:55.900 | INFO     | app.main:lifespan:91 | [Startup] [OK] 数据库表初始化完成
2026-05-19 12:31:55.956 | INFO     | app.core.seed:seed_database:56 | 数据库已有数据，跳过种子初始化
2026-05-19 12:31:55.957 | INFO     | app.main:lifespan:99 | [Startup] [OK] 种子数据初始化完成
2026-05-19 12:31:55.957 | INFO     | app.main:lifespan:105 | [Startup] [OK] http://0.0.0.0:8000 | /docs | /health
2026-05-19 12:31:55.957 | INFO     | app.main:lifespan:106 | ============================================================
2026-05-19 12:32:04.433 | INFO     | app.main:lifespan:108 | ============================================================
2026-05-19 12:32:04.434 | INFO     | app.main:lifespan:109 | [STOP] 书房管理系统 正在关闭...
2026-05-19 12:32:04.434 | INFO     | app.main:lifespan:110 | ============================================================
2026-05-19 12:32:04.436 | INFO     | app.core.database:close_all_connections:373 | 同步连接已关闭
2026-05-19 12:32:04.436 | INFO     | app.main:lifespan:116 | [Shutdown] [OK] 已安全关闭
2026-05-19 12:32:04.437 | INFO     | app.main:lifespan:117 | ============================================================
2026-05-19 12:32:08.380 | INFO     | app.main:setup_logging:77 | 日志系统已初始化 | 文件: ./logs/app.log | 错误: logs\app.error.log
2026-05-19 12:32:08.381 | INFO     | app.main:lifespan:83 | ============================================================
2026-05-19 12:32:08.381 | INFO     | app.main:lifespan:84 | [START] 书房管理系统 v2.0.0 启动中...
2026-05-19 12:32:08.382 | INFO     | app.main:lifespan:85 | ============================================================
2026-05-19 12:32:08.383 | INFO     | app.core.config:validate_config_on_startup:568 | 目录已就绪: logs
2026-05-19 12:32:08.386 | INFO     | app.core.config:validate_config_on_startup:568 | 目录已就绪: cache\images
2026-05-19 12:32:08.386 | INFO     | app.core.config:validate_config_on_startup:581 | ==================================================
2026-05-19 12:32:08.387 | INFO     | app.core.config:validate_config_on_startup:582 | 书房管理系统 v2.0.0
2026-05-19 12:32:08.388 | INFO     | app.core.config:validate_config_on_startup:583 | 运行模式: [DEV] 开发
2026-05-19 12:32:08.388 | INFO     | app.core.config:validate_config_on_startup:587 | 数据库: ./bookshelf.db
2026-05-19 12:32:08.389 | INFO     | app.core.config:validate_config_on_startup:588 | 豆瓣 Cookie: [OK] 已配置
2026-05-19 12:32:08.389 | INFO     | app.core.config:validate_config_on_startup:592 | 图片缓存: [OK] 启用 | 目录: ./cache/images | 有效期: 7天
2026-05-19 12:32:08.389 | INFO     | app.core.config:validate_config_on_startup:598 | 日志: 级别=INFO | 文件=./logs/app.log | 轮转=10 MB | 保留=7 days
2026-05-19 12:32:08.390 | INFO     | app.core.config:validate_config_on_startup:604 | ==================================================
2026-05-19 12:32:08.395 | INFO     | app.core.database:init_db:260 | 表创建完成 (8 张表)
2026-05-19 12:32:08.395 | INFO     | app.main:lifespan:91 | [Startup] [OK] 数据库表初始化完成
2026-05-19 12:32:08.457 | INFO     | app.core.seed:seed_database:56 | 数据库已有数据，跳过种子初始化
2026-05-19 12:32:08.457 | INFO     | app.main:lifespan:99 | [Startup] [OK] 种子数据初始化完成
2026-05-19 12:32:08.458 | INFO     | app.main:lifespan:105 | [Startup] [OK] http://0.0.0.0:8000 | /docs | /health
2026-05-19 12:32:08.458 | INFO     | app.main:lifespan:106 | ============================================================
2026-05-19 12:32:48.134 | INFO     | app.main:lifespan:108 | ============================================================
2026-05-19 12:32:48.134 | INFO     | app.main:lifespan:109 | [STOP] 书房管理系统 正在关闭...
2026-05-19 12:32:48.135 | INFO     | app.main:lifespan:110 | ============================================================
2026-05-19 12:32:48.136 | INFO     | app.core.database:close_all_connections:373 | 同步连接已关闭
2026-05-19 12:32:48.136 | INFO     | app.main:lifespan:116 | [Shutdown] [OK] 已安全关闭
2026-05-19 12:32:48.137 | INFO     | app.main:lifespan:117 | ============================================================
2026-05-19 12:32:52.008 | INFO     | app.main:setup_logging:77 | 日志系统已初始化 | 文件: ./logs/app.log | 错误: logs\app.error.log
2026-05-19 12:32:52.008 | INFO     | app.main:lifespan:83 | ============================================================
2026-05-19 12:32:52.009 | INFO     | app.main:lifespan:84 | [START] 书房管理系统 v2.0.0 启动中...
2026-05-19 12:32:52.009 | INFO     | app.main:lifespan:85 | ============================================================
2026-05-19 12:32:52.010 | INFO     | app.core.config:validate_config_on_startup:568 | 目录已就绪: logs
2026-05-19 12:32:52.011 | INFO     | app.core.config:validate_config_on_startup:568 | 目录已就绪: cache\images
2026-05-19 12:32:52.011 | INFO     | app.core.config:validate_config_on_startup:581 | ==================================================
2026-05-19 12:32:52.011 | INFO     | app.core.config:validate_config_on_startup:582 | 书房管理系统 v2.0.0
2026-05-19 12:32:52.012 | INFO     | app.core.config:validate_config_on_startup:583 | 运行模式: [DEV] 开发
2026-05-19 12:32:52.012 | INFO     | app.core.config:validate_config_on_startup:587 | 数据库: ./bookshelf.db
2026-05-19 12:32:52.012 | INFO     | app.core.config:validate_config_on_startup:588 | 豆瓣 Cookie: [OK] 已配置
2026-05-19 12:32:52.013 | INFO     | app.core.config:validate_config_on_startup:592 | 图片缓存: [OK] 启用 | 目录: ./cache/images | 有效期: 7天
2026-05-19 12:32:52.013 | INFO     | app.core.config:validate_config_on_startup:598 | 日志: 级别=INFO | 文件=./logs/app.log | 轮转=10 MB | 保留=7 days
2026-05-19 12:32:52.014 | INFO     | app.core.config:validate_config_on_startup:604 | ==================================================
2026-05-19 12:32:52.019 | INFO     | app.core.database:init_db:260 | 表创建完成 (8 张表)
2026-05-19 12:32:52.019 | INFO     | app.main:lifespan:91 | [Startup] [OK] 数据库表初始化完成
2026-05-19 12:32:52.081 | INFO     | app.core.seed:seed_database:56 | 数据库已有数据，跳过种子初始化
2026-05-19 12:32:52.081 | INFO     | app.main:lifespan:99 | [Startup] [OK] 种子数据初始化完成
2026-05-19 12:32:52.082 | INFO     | app.main:lifespan:105 | [Startup] [OK] http://0.0.0.0:8000 | /docs | /health
2026-05-19 12:32:52.082 | INFO     | app.main:lifespan:106 | ============================================================
2026-05-19 12:33:05.063 | INFO     | app.main:lifespan:108 | ============================================================
2026-05-19 12:33:05.064 | INFO     | app.main:lifespan:109 | [STOP] 书房管理系统 正在关闭...
2026-05-19 12:33:05.064 | INFO     | app.main:lifespan:110 | ============================================================
2026-05-19 12:33:05.066 | INFO     | app.core.database:close_all_connections:373 | 同步连接已关闭
2026-05-19 12:33:05.067 | INFO     | app.main:lifespan:116 | [Shutdown] [OK] 已安全关闭
2026-05-19 12:33:05.067 | INFO     | app.main:lifespan:117 | ============================================================
2026-05-19 12:33:09.317 | INFO     | app.main:setup_logging:77 | 日志系统已初始化 | 文件: ./logs/app.log | 错误: logs\app.error.log
2026-05-19 12:33:09.318 | INFO     | app.main:lifespan:83 | ============================================================
2026-05-19 12:33:09.318 | INFO     | app.main:lifespan:84 | [START] 书房管理系统 v2.0.0 启动中...
2026-05-19 12:33:09.319 | INFO     | app.main:lifespan:85 | ============================================================
2026-05-19 12:33:09.319 | INFO     | app.core.config:validate_config_on_startup:568 | 目录已就绪: logs
2026-05-19 12:33:09.320 | INFO     | app.core.config:validate_config_on_startup:568 | 目录已就绪: cache\images
2026-05-19 12:33:09.320 | INFO     | app.core.config:validate_config_on_startup:581 | ==================================================
2026-05-19 12:33:09.321 | INFO     | app.core.config:validate_config_on_startup:582 | 书房管理系统 v2.0.0
2026-05-19 12:33:09.321 | INFO     | app.core.config:validate_config_on_startup:583 | 运行模式: [DEV] 开发
2026-05-19 12:33:09.321 | INFO     | app.core.config:validate_config_on_startup:587 | 数据库: ./bookshelf.db
2026-05-19 12:33:09.322 | INFO     | app.core.config:validate_config_on_startup:588 | 豆瓣 Cookie: [OK] 已配置
2026-05-19 12:33:09.322 | INFO     | app.core.config:validate_config_on_startup:592 | 图片缓存: [OK] 启用 | 目录: ./cache/images | 有效期: 7天
2026-05-19 12:33:09.323 | INFO     | app.core.config:validate_config_on_startup:598 | 日志: 级别=INFO | 文件=./logs/app.log | 轮转=10 MB | 保留=7 days
2026-05-19 12:33:09.323 | INFO     | app.core.config:validate_config_on_startup:604 | ==================================================
2026-05-19 12:33:09.328 | INFO     | app.core.database:init_db:260 | 表创建完成 (8 张表)
2026-05-19 12:33:09.328 | INFO     | app.main:lifespan:91 | [Startup] [OK] 数据库表初始化完成
2026-05-19 12:33:09.384 | INFO     | app.core.seed:seed_database:56 | 数据库已有数据，跳过种子初始化
2026-05-19 12:33:09.384 | INFO     | app.main:lifespan:99 | [Startup] [OK] 种子数据初始化完成
2026-05-19 12:33:09.385 | INFO     | app.main:lifespan:105 | [Startup] [OK] http://0.0.0.0:8000 | /docs | /health
2026-05-19 12:33:09.385 | INFO     | app.main:lifespan:106 | ============================================================
2026-05-19 12:33:58.761 | INFO     | app.main:lifespan:108 | ============================================================
2026-05-19 12:33:58.761 | INFO     | app.main:lifespan:109 | [STOP] 书房管理系统 正在关闭...
2026-05-19 12:33:58.762 | INFO     | app.main:lifespan:110 | ============================================================
2026-05-19 12:33:58.763 | INFO     | app.core.database:close_all_connections:373 | 同步连接已关闭
2026-05-19 12:33:58.763 | INFO     | app.main:lifespan:116 | [Shutdown] [OK] 已安全关闭
2026-05-19 12:33:58.764 | INFO     | app.main:lifespan:117 | ============================================================
2026-05-19 12:34:03.513 | INFO     | app.main:setup_logging:77 | 日志系统已初始化 | 文件: ./logs/app.log | 错误: logs\app.error.log
2026-05-19 12:34:03.514 | INFO     | app.main:lifespan:83 | ============================================================
2026-05-19 12:34:03.515 | INFO     | app.main:lifespan:84 | [START] 书房管理系统 v2.0.0 启动中...
2026-05-19 12:34:03.515 | INFO     | app.main:lifespan:85 | ============================================================
2026-05-19 12:34:03.517 | INFO     | app.core.config:validate_config_on_startup:568 | 目录已就绪: logs
2026-05-19 12:34:03.518 | INFO     | app.core.config:validate_config_on_startup:568 | 目录已就绪: cache\images
2026-05-19 12:34:03.518 | INFO     | app.core.config:validate_config_on_startup:581 | ==================================================
2026-05-19 12:34:03.518 | INFO     | app.core.config:validate_config_on_startup:582 | 书房管理系统 v2.0.0
2026-05-19 12:34:03.519 | INFO     | app.core.config:validate_config_on_startup:583 | 运行模式: [DEV] 开发
2026-05-19 12:34:03.520 | INFO     | app.core.config:validate_config_on_startup:587 | 数据库: ./bookshelf.db
2026-05-19 12:34:03.520 | INFO     | app.core.config:validate_config_on_startup:588 | 豆瓣 Cookie: [OK] 已配置
2026-05-19 12:34:03.521 | INFO     | app.core.config:validate_config_on_startup:592 | 图片缓存: [OK] 启用 | 目录: ./cache/images | 有效期: 7天
2026-05-19 12:34:03.521 | INFO     | app.core.config:validate_config_on_startup:598 | 日志: 级别=INFO | 文件=./logs/app.log | 轮转=10 MB | 保留=7 days
2026-05-19 12:34:03.521 | INFO     | app.core.config:validate_config_on_startup:604 | ==================================================
2026-05-19 12:34:03.528 | INFO     | app.core.database:init_db:260 | 表创建完成 (8 张表)
2026-05-19 12:34:03.529 | INFO     | app.main:lifespan:91 | [Startup] [OK] 数据库表初始化完成
2026-05-19 12:34:03.606 | INFO     | app.core.seed:seed_database:56 | 数据库已有数据，跳过种子初始化
2026-05-19 12:34:03.606 | INFO     | app.main:lifespan:99 | [Startup] [OK] 种子数据初始化完成
2026-05-19 12:34:03.607 | INFO     | app.main:lifespan:105 | [Startup] [OK] http://0.0.0.0:8000 | /docs | /health
2026-05-19 12:34:03.607 | INFO     | app.main:lifespan:106 | ============================================================
2026-05-19 12:35:13.207 | INFO     | app.main:lifespan:108 | ============================================================
2026-05-19 12:35:13.208 | INFO     | app.main:lifespan:109 | [STOP] 书房管理系统 正在关闭...
2026-05-19 12:35:13.209 | INFO     | app.main:lifespan:110 | ============================================================
2026-05-19 12:35:13.213 | INFO     | app.core.database:close_all_connections:373 | 同步连接已关闭
2026-05-19 12:35:13.214 | INFO     | app.main:lifespan:116 | [Shutdown] [OK] 已安全关闭
2026-05-19 12:35:13.214 | INFO     | app.main:lifespan:117 | ============================================================
2026-05-19 12:35:18.526 | INFO     | app.main:setup_logging:77 | 日志系统已初始化 | 文件: ./logs/app.log | 错误: logs\app.error.log
2026-05-19 12:35:18.527 | INFO     | app.main:lifespan:83 | ============================================================
2026-05-19 12:35:18.527 | INFO     | app.main:lifespan:84 | [START] 书房管理系统 v2.0.0 启动中...
2026-05-19 12:35:18.527 | INFO     | app.main:lifespan:85 | ============================================================
2026-05-19 12:35:18.528 | INFO     | app.core.config:validate_config_on_startup:568 | 目录已就绪: logs
2026-05-19 12:35:18.529 | INFO     | app.core.config:validate_config_on_startup:568 | 目录已就绪: cache\images
2026-05-19 12:35:18.530 | INFO     | app.core.config:validate_config_on_startup:581 | ==================================================
2026-05-19 12:35:18.530 | INFO     | app.core.config:validate_config_on_startup:582 | 书房管理系统 v2.0.0
2026-05-19 12:35:18.531 | INFO     | app.core.config:validate_config_on_startup:583 | 运行模式: [DEV] 开发
2026-05-19 12:35:18.531 | INFO     | app.core.config:validate_config_on_startup:587 | 数据库: ./bookshelf.db
2026-05-19 12:35:18.531 | INFO     | app.core.config:validate_config_on_startup:588 | 豆瓣 Cookie: [OK] 已配置
2026-05-19 12:35:18.532 | INFO     | app.core.config:validate_config_on_startup:592 | 图片缓存: [OK] 启用 | 目录: ./cache/images | 有效期: 7天
2026-05-19 12:35:18.532 | INFO     | app.core.config:validate_config_on_startup:598 | 日志: 级别=INFO | 文件=./logs/app.log | 轮转=10 MB | 保留=7 days
2026-05-19 12:35:18.533 | INFO     | app.core.config:validate_config_on_startup:604 | ==================================================
2026-05-19 12:35:18.539 | INFO     | app.core.database:init_db:260 | 表创建完成 (8 张表)
2026-05-19 12:35:18.539 | INFO     | app.main:lifespan:91 | [Startup] [OK] 数据库表初始化完成
2026-05-19 12:35:18.609 | INFO     | app.core.seed:seed_database:56 | 数据库已有数据，跳过种子初始化
2026-05-19 12:35:18.610 | INFO     | app.main:lifespan:99 | [Startup] [OK] 种子数据初始化完成
2026-05-19 12:35:18.610 | INFO     | app.main:lifespan:105 | [Startup] [OK] http://0.0.0.0:8000 | /docs | /health
2026-05-19 12:35:18.611 | INFO     | app.main:lifespan:106 | ============================================================
2026-05-19 12:36:40.993 | INFO     | app.main:lifespan:108 | ============================================================
2026-05-19 12:36:40.994 | INFO     | app.main:lifespan:109 | [STOP] 书房管理系统 正在关闭...
2026-05-19 12:36:40.994 | INFO     | app.main:lifespan:110 | ============================================================
2026-05-19 12:36:40.995 | INFO     | app.core.database:close_all_connections:373 | 同步连接已关闭
2026-05-19 12:36:40.996 | INFO     | app.main:lifespan:116 | [Shutdown] [OK] 已安全关闭
2026-05-19 12:36:40.996 | INFO     | app.main:lifespan:117 | ============================================================
2026-05-19 12:36:45.663 | INFO     | app.main:setup_logging:77 | 日志系统已初始化 | 文件: ./logs/app.log | 错误: logs\app.error.log
2026-05-19 12:36:45.663 | INFO     | app.main:lifespan:83 | ============================================================
2026-05-19 12:36:45.663 | INFO     | app.main:lifespan:84 | [START] 书房管理系统 v2.0.0 启动中...
2026-05-19 12:36:45.664 | INFO     | app.main:lifespan:85 | ============================================================
2026-05-19 12:36:45.664 | INFO     | app.core.config:validate_config_on_startup:568 | 目录已就绪: logs
2026-05-19 12:36:45.665 | INFO     | app.core.config:validate_config_on_startup:568 | 目录已就绪: cache\images
2026-05-19 12:36:45.666 | INFO     | app.core.config:validate_config_on_startup:581 | ==================================================
2026-05-19 12:36:45.666 | INFO     | app.core.config:validate_config_on_startup:582 | 书房管理系统 v2.0.0
2026-05-19 12:36:45.666 | INFO     | app.core.config:validate_config_on_startup:583 | 运行模式: [DEV] 开发
2026-05-19 12:36:45.667 | INFO     | app.core.config:validate_config_on_startup:587 | 数据库: ./bookshelf.db
2026-05-19 12:36:45.667 | INFO     | app.core.config:validate_config_on_startup:588 | 豆瓣 Cookie: [OK] 已配置
2026-05-19 12:36:45.668 | INFO     | app.core.config:validate_config_on_startup:592 | 图片缓存: [OK] 启用 | 目录: ./cache/images | 有效期: 7天
2026-05-19 12:36:45.668 | INFO     | app.core.config:validate_config_on_startup:598 | 日志: 级别=INFO | 文件=./logs/app.log | 轮转=10 MB | 保留=7 days
2026-05-19 12:36:45.669 | INFO     | app.core.config:validate_config_on_startup:604 | ==================================================
2026-05-19 12:36:45.677 | INFO     | app.core.database:init_db:260 | 表创建完成 (9 张表)
2026-05-19 12:36:45.677 | INFO     | app.main:lifespan:91 | [Startup] [OK] 数据库表初始化完成
2026-05-19 12:36:45.742 | INFO     | app.core.seed:seed_database:56 | 数据库已有数据，跳过种子初始化
2026-05-19 12:36:45.743 | INFO     | app.main:lifespan:99 | [Startup] [OK] 种子数据初始化完成
2026-05-19 12:36:45.743 | INFO     | app.main:lifespan:105 | [Startup] [OK] http://0.0.0.0:8000 | /docs | /health
2026-05-19 12:36:45.744 | INFO     | app.main:lifespan:106 | ============================================================
2026-05-19 12:37:08.206 | INFO     | app.main:lifespan:108 | ============================================================
2026-05-19 12:37:08.207 | INFO     | app.main:lifespan:109 | [STOP] 书房管理系统 正在关闭...
2026-05-19 12:37:08.207 | INFO     | app.main:lifespan:110 | ============================================================
2026-05-19 12:37:08.209 | INFO     | app.core.database:close_all_connections:373 | 同步连接已关闭
2026-05-19 12:37:08.209 | INFO     | app.main:lifespan:116 | [Shutdown] [OK] 已安全关闭
2026-05-19 12:37:08.210 | INFO     | app.main:lifespan:117 | ============================================================
2026-05-19 12:37:12.518 | INFO     | app.main:setup_logging:77 | 日志系统已初始化 | 文件: ./logs/app.log | 错误: logs\app.error.log
2026-05-19 12:37:12.518 | INFO     | app.main:lifespan:83 | ============================================================
2026-05-19 12:37:12.519 | INFO     | app.main:lifespan:84 | [START] 书房管理系统 v2.0.0 启动中...
2026-05-19 12:37:12.519 | INFO     | app.main:lifespan:85 | ============================================================
2026-05-19 12:37:12.520 | INFO     | app.core.config:validate_config_on_startup:568 | 目录已就绪: logs
2026-05-19 12:37:12.522 | INFO     | app.core.config:validate_config_on_startup:568 | 目录已就绪: cache\images
2026-05-19 12:37:12.522 | INFO     | app.core.config:validate_config_on_startup:581 | ==================================================
2026-05-19 12:37:12.522 | INFO     | app.core.config:validate_config_on_startup:582 | 书房管理系统 v2.0.0
2026-05-19 12:37:12.523 | INFO     | app.core.config:validate_config_on_startup:583 | 运行模式: [DEV] 开发
2026-05-19 12:37:12.523 | INFO     | app.core.config:validate_config_on_startup:587 | 数据库: ./bookshelf.db
2026-05-19 12:37:12.524 | INFO     | app.core.config:validate_config_on_startup:588 | 豆瓣 Cookie: [OK] 已配置
2026-05-19 12:37:12.524 | INFO     | app.core.config:validate_config_on_startup:592 | 图片缓存: [OK] 启用 | 目录: ./cache/images | 有效期: 7天
2026-05-19 12:37:12.524 | INFO     | app.core.config:validate_config_on_startup:598 | 日志: 级别=INFO | 文件=./logs/app.log | 轮转=10 MB | 保留=7 days
2026-05-19 12:37:12.525 | INFO     | app.core.config:validate_config_on_startup:604 | ==================================================
2026-05-19 12:37:12.538 | INFO     | app.core.database:init_db:260 | 表创建完成 (9 张表)
2026-05-19 12:37:12.538 | INFO     | app.main:lifespan:91 | [Startup] [OK] 数据库表初始化完成
2026-05-19 12:37:12.606 | INFO     | app.core.seed:seed_database:56 | 数据库已有数据，跳过种子初始化
2026-05-19 12:37:12.607 | INFO     | app.main:lifespan:99 | [Startup] [OK] 种子数据初始化完成
2026-05-19 12:37:12.607 | INFO     | app.main:lifespan:105 | [Startup] [OK] http://0.0.0.0:8000 | /docs | /health
2026-05-19 12:37:12.607 | INFO     | app.main:lifespan:106 | ============================================================
2026-05-19 12:37:28.281 | INFO     | app.main:lifespan:108 | ============================================================
2026-05-19 12:37:28.282 | INFO     | app.main:lifespan:109 | [STOP] 书房管理系统 正在关闭...
2026-05-19 12:37:28.283 | INFO     | app.main:lifespan:110 | ============================================================
2026-05-19 12:37:28.284 | INFO     | app.core.database:close_all_connections:373 | 同步连接已关闭
2026-05-19 12:37:28.285 | INFO     | app.main:lifespan:116 | [Shutdown] [OK] 已安全关闭
2026-05-19 12:37:28.286 | INFO     | app.main:lifespan:117 | ============================================================
2026-05-19 12:37:32.960 | INFO     | app.main:setup_logging:77 | 日志系统已初始化 | 文件: ./logs/app.log | 错误: logs\app.error.log
2026-05-19 12:37:32.961 | INFO     | app.main:lifespan:83 | ============================================================
2026-05-19 12:37:32.961 | INFO     | app.main:lifespan:84 | [START] 书房管理系统 v2.0.0 启动中...
2026-05-19 12:37:32.962 | INFO     | app.main:lifespan:85 | ============================================================
2026-05-19 12:37:32.963 | INFO     | app.core.config:validate_config_on_startup:568 | 目录已就绪: logs
2026-05-19 12:37:32.963 | INFO     | app.core.config:validate_config_on_startup:568 | 目录已就绪: cache\images
2026-05-19 12:37:32.963 | INFO     | app.core.config:validate_config_on_startup:581 | ==================================================
2026-05-19 12:37:32.964 | INFO     | app.core.config:validate_config_on_startup:582 | 书房管理系统 v2.0.0
2026-05-19 12:37:32.964 | INFO     | app.core.config:validate_config_on_startup:583 | 运行模式: [DEV] 开发
2026-05-19 12:37:32.965 | INFO     | app.core.config:validate_config_on_startup:587 | 数据库: ./bookshelf.db
2026-05-19 12:37:32.965 | INFO     | app.core.config:validate_config_on_startup:588 | 豆瓣 Cookie: [OK] 已配置
2026-05-19 12:37:32.965 | INFO     | app.core.config:validate_config_on_startup:592 | 图片缓存: [OK] 启用 | 目录: ./cache/images | 有效期: 7天
2026-05-19 12:37:32.966 | INFO     | app.core.config:validate_config_on_startup:598 | 日志: 级别=INFO | 文件=./logs/app.log | 轮转=10 MB | 保留=7 days
2026-05-19 12:37:32.967 | INFO     | app.core.config:validate_config_on_startup:604 | ==================================================
2026-05-19 12:37:32.973 | INFO     | app.core.database:init_db:260 | 表创建完成 (9 张表)
2026-05-19 12:37:32.974 | INFO     | app.main:lifespan:91 | [Startup] [OK] 数据库表初始化完成
2026-05-19 12:37:33.055 | INFO     | app.core.seed:seed_database:56 | 数据库已有数据，跳过种子初始化
2026-05-19 12:37:33.056 | INFO     | app.main:lifespan:99 | [Startup] [OK] 种子数据初始化完成
2026-05-19 12:37:33.056 | INFO     | app.main:lifespan:105 | [Startup] [OK] http://0.0.0.0:8000 | /docs | /health
2026-05-19 12:37:33.057 | INFO     | app.main:lifespan:106 | ============================================================
2026-05-19 12:37:45.971 | INFO     | app.main:lifespan:108 | ============================================================
2026-05-19 12:37:45.972 | INFO     | app.main:lifespan:109 | [STOP] 书房管理系统 正在关闭...
2026-05-19 12:37:45.973 | INFO     | app.main:lifespan:110 | ============================================================
2026-05-19 12:37:45.975 | INFO     | app.core.database:close_all_connections:373 | 同步连接已关闭
2026-05-19 12:37:45.976 | INFO     | app.main:lifespan:116 | [Shutdown] [OK] 已安全关闭
2026-05-19 12:37:45.977 | INFO     | app.main:lifespan:117 | ============================================================
2026-05-19 12:37:50.893 | INFO     | app.main:setup_logging:77 | 日志系统已初始化 | 文件: ./logs/app.log | 错误: logs\app.error.log
2026-05-19 12:37:50.894 | INFO     | app.main:lifespan:83 | ============================================================
2026-05-19 12:37:50.895 | INFO     | app.main:lifespan:84 | [START] 书房管理系统 v2.0.0 启动中...
2026-05-19 12:37:50.896 | INFO     | app.main:lifespan:85 | ============================================================
2026-05-19 12:37:50.899 | INFO     | app.core.config:validate_config_on_startup:568 | 目录已就绪: logs
2026-05-19 12:37:50.901 | INFO     | app.core.config:validate_config_on_startup:568 | 目录已就绪: cache\images
2026-05-19 12:37:50.904 | INFO     | app.core.config:validate_config_on_startup:581 | ==================================================
2026-05-19 12:37:50.905 | INFO     | app.core.config:validate_config_on_startup:582 | 书房管理系统 v2.0.0
2026-05-19 12:37:50.906 | INFO     | app.core.config:validate_config_on_startup:583 | 运行模式: [DEV] 开发
2026-05-19 12:37:50.906 | INFO     | app.core.config:validate_config_on_startup:587 | 数据库: ./bookshelf.db
2026-05-19 12:37:50.907 | INFO     | app.core.config:validate_config_on_startup:588 | 豆瓣 Cookie: [OK] 已配置
2026-05-19 12:37:50.908 | INFO     | app.core.config:validate_config_on_startup:592 | 图片缓存: [OK] 启用 | 目录: ./cache/images | 有效期: 7天
2026-05-19 12:37:50.909 | INFO     | app.core.config:validate_config_on_startup:598 | 日志: 级别=INFO | 文件=./logs/app.log | 轮转=10 MB | 保留=7 days
2026-05-19 12:37:50.911 | INFO     | app.core.config:validate_config_on_startup:604 | ==================================================
2026-05-19 12:37:50.921 | INFO     | app.core.database:init_db:260 | 表创建完成 (9 张表)
2026-05-19 12:37:50.922 | INFO     | app.main:lifespan:91 | [Startup] [OK] 数据库表初始化完成
2026-05-19 12:37:51.005 | INFO     | app.core.seed:seed_database:56 | 数据库已有数据，跳过种子初始化
2026-05-19 12:37:51.005 | INFO     | app.main:lifespan:99 | [Startup] [OK] 种子数据初始化完成
2026-05-19 12:37:51.006 | INFO     | app.main:lifespan:105 | [Startup] [OK] http://0.0.0.0:8000 | /docs | /health
2026-05-19 12:37:51.006 | INFO     | app.main:lifespan:106 | ============================================================
2026-05-19 12:38:33.179 | INFO     | app.main:lifespan:108 | ============================================================
2026-05-19 12:38:33.180 | INFO     | app.main:lifespan:109 | [STOP] 书房管理系统 正在关闭...
2026-05-19 12:38:33.180 | INFO     | app.main:lifespan:110 | ============================================================
2026-05-19 12:38:33.181 | INFO     | app.core.database:close_all_connections:373 | 同步连接已关闭
2026-05-19 12:38:33.182 | INFO     | app.main:lifespan:116 | [Shutdown] [OK] 已安全关闭
2026-05-19 12:38:33.182 | INFO     | app.main:lifespan:117 | ============================================================
2026-05-19 12:38:38.266 | INFO     | app.main:setup_logging:77 | 日志系统已初始化 | 文件: ./logs/app.log | 错误: logs\app.error.log
2026-05-19 12:38:38.266 | INFO     | app.main:lifespan:83 | ============================================================
2026-05-19 12:38:38.267 | INFO     | app.main:lifespan:84 | [START] 书房管理系统 v2.0.0 启动中...
2026-05-19 12:38:38.267 | INFO     | app.main:lifespan:85 | ============================================================
2026-05-19 12:38:38.268 | INFO     | app.core.config:validate_config_on_startup:568 | 目录已就绪: logs
2026-05-19 12:38:38.269 | INFO     | app.core.config:validate_config_on_startup:568 | 目录已就绪: cache\images
2026-05-19 12:38:38.270 | INFO     | app.core.config:validate_config_on_startup:581 | ==================================================
2026-05-19 12:38:38.270 | INFO     | app.core.config:validate_config_on_startup:582 | 书房管理系统 v2.0.0
2026-05-19 12:38:38.271 | INFO     | app.core.config:validate_config_on_startup:583 | 运行模式: [DEV] 开发
2026-05-19 12:38:38.271 | INFO     | app.core.config:validate_config_on_startup:587 | 数据库: ./bookshelf.db
2026-05-19 12:38:38.271 | INFO     | app.core.config:validate_config_on_startup:588 | 豆瓣 Cookie: [OK] 已配置
2026-05-19 12:38:38.272 | INFO     | app.core.config:validate_config_on_startup:592 | 图片缓存: [OK] 启用 | 目录: ./cache/images | 有效期: 7天
2026-05-19 12:38:38.272 | INFO     | app.core.config:validate_config_on_startup:598 | 日志: 级别=INFO | 文件=./logs/app.log | 轮转=10 MB | 保留=7 days
2026-05-19 12:38:38.272 | INFO     | app.core.config:validate_config_on_startup:604 | ==================================================
2026-05-19 12:38:38.278 | INFO     | app.core.database:init_db:260 | 表创建完成 (9 张表)
2026-05-19 12:38:38.278 | INFO     | app.main:lifespan:91 | [Startup] [OK] 数据库表初始化完成
2026-05-19 12:38:38.341 | INFO     | app.core.seed:seed_database:56 | 数据库已有数据，跳过种子初始化
2026-05-19 12:38:38.341 | INFO     | app.main:lifespan:99 | [Startup] [OK] 种子数据初始化完成
2026-05-19 12:38:38.342 | INFO     | app.main:lifespan:105 | [Startup] [OK] http://0.0.0.0:8000 | /docs | /health
2026-05-19 12:38:38.342 | INFO     | app.main:lifespan:106 | ============================================================
2026-05-19 12:39:04.115 | INFO     | app.main:lifespan:108 | ============================================================
2026-05-19 12:39:04.116 | INFO     | app.main:lifespan:109 | [STOP] 书房管理系统 正在关闭...
2026-05-19 12:39:04.116 | INFO     | app.main:lifespan:110 | ============================================================
2026-05-19 12:39:04.118 | INFO     | app.core.database:close_all_connections:373 | 同步连接已关闭
2026-05-19 12:39:04.118 | INFO     | app.main:lifespan:116 | [Shutdown] [OK] 已安全关闭
2026-05-19 12:39:04.119 | INFO     | app.main:lifespan:117 | ============================================================
2026-05-19 12:39:08.956 | INFO     | app.main:setup_logging:77 | 日志系统已初始化 | 文件: ./logs/app.log | 错误: logs\app.error.log
2026-05-19 12:39:08.957 | INFO     | app.main:lifespan:83 | ============================================================
2026-05-19 12:39:08.957 | INFO     | app.main:lifespan:84 | [START] 书房管理系统 v2.0.0 启动中...
2026-05-19 12:39:08.958 | INFO     | app.main:lifespan:85 | ============================================================
2026-05-19 12:39:08.959 | INFO     | app.core.config:validate_config_on_startup:568 | 目录已就绪: logs
2026-05-19 12:39:08.960 | INFO     | app.core.config:validate_config_on_startup:568 | 目录已就绪: cache\images
2026-05-19 12:39:08.960 | INFO     | app.core.config:validate_config_on_startup:581 | ==================================================
2026-05-19 12:39:08.960 | INFO     | app.core.config:validate_config_on_startup:582 | 书房管理系统 v2.0.0
2026-05-19 12:39:08.961 | INFO     | app.core.config:validate_config_on_startup:583 | 运行模式: [DEV] 开发
2026-05-19 12:39:08.961 | INFO     | app.core.config:validate_config_on_startup:587 | 数据库: ./bookshelf.db
2026-05-19 12:39:08.962 | INFO     | app.core.config:validate_config_on_startup:588 | 豆瓣 Cookie: [OK] 已配置
2026-05-19 12:39:08.962 | INFO     | app.core.config:validate_config_on_startup:592 | 图片缓存: [OK] 启用 | 目录: ./cache/images | 有效期: 7天
2026-05-19 12:39:08.963 | INFO     | app.core.config:validate_config_on_startup:598 | 日志: 级别=INFO | 文件=./logs/app.log | 轮转=10 MB | 保留=7 days
2026-05-19 12:39:08.963 | INFO     | app.core.config:validate_config_on_startup:604 | ==================================================
2026-05-19 12:39:08.969 | INFO     | app.core.database:init_db:260 | 表创建完成 (9 张表)
2026-05-19 12:39:08.969 | INFO     | app.main:lifespan:91 | [Startup] [OK] 数据库表初始化完成
2026-05-19 12:39:09.047 | INFO     | app.core.seed:seed_database:56 | 数据库已有数据，跳过种子初始化
2026-05-19 12:39:09.048 | INFO     | app.main:lifespan:99 | [Startup] [OK] 种子数据初始化完成
2026-05-19 12:39:09.048 | INFO     | app.main:lifespan:105 | [Startup] [OK] http://0.0.0.0:8000 | /docs | /health
2026-05-19 12:39:09.049 | INFO     | app.main:lifespan:106 | ============================================================
2026-05-19 12:39:56.886 | INFO     | app.main:lifespan:108 | ============================================================
2026-05-19 12:39:56.886 | INFO     | app.main:lifespan:109 | [STOP] 书房管理系统 正在关闭...
2026-05-19 12:39:56.887 | INFO     | app.main:lifespan:110 | ============================================================
2026-05-19 12:39:56.888 | INFO     | app.core.database:close_all_connections:373 | 同步连接已关闭
2026-05-19 12:39:56.889 | INFO     | app.main:lifespan:116 | [Shutdown] [OK] 已安全关闭
2026-05-19 12:39:56.889 | INFO     | app.main:lifespan:117 | ============================================================
2026-05-19 12:40:02.773 | INFO     | app.main:setup_logging:77 | 日志系统已初始化 | 文件: ./logs/app.log | 错误: logs\app.error.log
2026-05-19 12:40:02.774 | INFO     | app.main:lifespan:83 | ============================================================
2026-05-19 12:40:02.775 | INFO     | app.main:lifespan:84 | [START] 书房管理系统 v2.0.0 启动中...
2026-05-19 12:40:02.776 | INFO     | app.main:lifespan:85 | ============================================================
2026-05-19 12:40:02.777 | INFO     | app.core.config:validate_config_on_startup:568 | 目录已就绪: logs
2026-05-19 12:40:02.778 | INFO     | app.core.config:validate_config_on_startup:568 | 目录已就绪: cache\images
2026-05-19 12:40:02.779 | INFO     | app.core.config:validate_config_on_startup:581 | ==================================================
2026-05-19 12:40:02.780 | INFO     | app.core.config:validate_config_on_startup:582 | 书房管理系统 v2.0.0
2026-05-19 12:40:02.780 | INFO     | app.core.config:validate_config_on_startup:583 | 运行模式: [DEV] 开发
2026-05-19 12:40:02.780 | INFO     | app.core.config:validate_config_on_startup:587 | 数据库: ./bookshelf.db
2026-05-19 12:40:02.781 | INFO     | app.core.config:validate_config_on_startup:588 | 豆瓣 Cookie: [OK] 已配置
2026-05-19 12:40:02.782 | INFO     | app.core.config:validate_config_on_startup:592 | 图片缓存: [OK] 启用 | 目录: ./cache/images | 有效期: 7天
2026-05-19 12:40:02.782 | INFO     | app.core.config:validate_config_on_startup:598 | 日志: 级别=INFO | 文件=./logs/app.log | 轮转=10 MB | 保留=7 days
2026-05-19 12:40:02.782 | INFO     | app.core.config:validate_config_on_startup:604 | ==================================================
2026-05-19 12:40:02.790 | INFO     | app.core.database:init_db:260 | 表创建完成 (9 张表)
2026-05-19 12:40:02.790 | INFO     | app.main:lifespan:91 | [Startup] [OK] 数据库表初始化完成
2026-05-19 12:40:02.886 | INFO     | app.core.seed:seed_database:56 | 数据库已有数据，跳过种子初始化
2026-05-19 12:40:02.886 | INFO     | app.main:lifespan:99 | [Startup] [OK] 种子数据初始化完成
2026-05-19 12:40:02.887 | INFO     | app.main:lifespan:105 | [Startup] [OK] http://0.0.0.0:8000 | /docs | /health
2026-05-19 12:40:02.888 | INFO     | app.main:lifespan:106 | ============================================================
2026-05-19 12:40:46.142 | INFO     | app.main:lifespan:108 | ============================================================
2026-05-19 12:40:46.143 | INFO     | app.main:lifespan:109 | [STOP] 书房管理系统 正在关闭...
2026-05-19 12:40:46.144 | INFO     | app.main:lifespan:110 | ============================================================
2026-05-19 12:40:46.145 | INFO     | app.core.database:close_all_connections:373 | 同步连接已关闭
2026-05-19 12:40:46.146 | INFO     | app.main:lifespan:116 | [Shutdown] [OK] 已安全关闭
2026-05-19 12:40:46.146 | INFO     | app.main:lifespan:117 | ============================================================
2026-05-19 12:40:51.562 | INFO     | app.main:setup_logging:77 | 日志系统已初始化 | 文件: ./logs/app.log | 错误: logs\app.error.log
2026-05-19 12:40:51.563 | INFO     | app.main:lifespan:83 | ============================================================
2026-05-19 12:40:51.563 | INFO     | app.main:lifespan:84 | [START] 书房管理系统 v2.0.0 启动中...
2026-05-19 12:40:51.564 | INFO     | app.main:lifespan:85 | ============================================================
2026-05-19 12:40:51.565 | INFO     | app.core.config:validate_config_on_startup:568 | 目录已就绪: logs
2026-05-19 12:40:51.566 | INFO     | app.core.config:validate_config_on_startup:568 | 目录已就绪: cache\images
2026-05-19 12:40:51.566 | INFO     | app.core.config:validate_config_on_startup:581 | ==================================================
2026-05-19 12:40:51.566 | INFO     | app.core.config:validate_config_on_startup:582 | 书房管理系统 v2.0.0
2026-05-19 12:40:51.567 | INFO     | app.core.config:validate_config_on_startup:583 | 运行模式: [DEV] 开发
2026-05-19 12:40:51.567 | INFO     | app.core.config:validate_config_on_startup:587 | 数据库: ./bookshelf.db
2026-05-19 12:40:51.567 | INFO     | app.core.config:validate_config_on_startup:588 | 豆瓣 Cookie: [OK] 已配置
2026-05-19 12:40:51.568 | INFO     | app.core.config:validate_config_on_startup:592 | 图片缓存: [OK] 启用 | 目录: ./cache/images | 有效期: 7天
2026-05-19 12:40:51.568 | INFO     | app.core.config:validate_config_on_startup:598 | 日志: 级别=INFO | 文件=./logs/app.log | 轮转=10 MB | 保留=7 days
2026-05-19 12:40:51.568 | INFO     | app.core.config:validate_config_on_startup:604 | ==================================================
2026-05-19 12:40:51.575 | INFO     | app.core.database:init_db:260 | 表创建完成 (9 张表)
2026-05-19 12:40:51.576 | INFO     | app.main:lifespan:91 | [Startup] [OK] 数据库表初始化完成
2026-05-19 12:40:51.682 | INFO     | app.core.seed:seed_database:56 | 数据库已有数据，跳过种子初始化
2026-05-19 12:40:51.682 | INFO     | app.main:lifespan:99 | [Startup] [OK] 种子数据初始化完成
2026-05-19 12:40:51.684 | INFO     | app.main:lifespan:105 | [Startup] [OK] http://0.0.0.0:8000 | /docs | /health
2026-05-19 12:40:51.684 | INFO     | app.main:lifespan:106 | ============================================================
2026-05-19 12:41:11.902 | INFO     | app.main:setup_logging:79 | 日志系统已初始化 | 文件: ./logs/app.log | 错误: logs\app.error.log
2026-05-19 12:41:11.903 | INFO     | app.main:lifespan:85 | ============================================================
2026-05-19 12:41:11.904 | INFO     | app.main:lifespan:86 | [START] 书房管理系统 v2.0.0 启动中...
2026-05-19 12:41:11.904 | INFO     | app.main:lifespan:87 | ============================================================
2026-05-19 12:41:11.905 | INFO     | app.core.config:validate_config_on_startup:568 | 目录已就绪: logs
2026-05-19 12:41:11.906 | INFO     | app.core.config:validate_config_on_startup:568 | 目录已就绪: cache\images
2026-05-19 12:41:11.907 | INFO     | app.core.config:validate_config_on_startup:581 | ==================================================
2026-05-19 12:41:11.907 | INFO     | app.core.config:validate_config_on_startup:582 | 书房管理系统 v2.0.0
2026-05-19 12:41:11.907 | INFO     | app.core.config:validate_config_on_startup:583 | 运行模式: [DEV] 开发
2026-05-19 12:41:11.908 | INFO     | app.core.config:validate_config_on_startup:587 | 数据库: ./bookshelf.db
2026-05-19 12:41:11.908 | INFO     | app.core.config:validate_config_on_startup:588 | 豆瓣 Cookie: [OK] 已配置
2026-05-19 12:41:11.909 | INFO     | app.core.config:validate_config_on_startup:592 | 图片缓存: [OK] 启用 | 目录: ./cache/images | 有效期: 7天
2026-05-19 12:41:11.909 | INFO     | app.core.config:validate_config_on_startup:598 | 日志: 级别=INFO | 文件=./logs/app.log | 轮转=10 MB | 保留=7 days
2026-05-19 12:41:11.909 | INFO     | app.core.config:validate_config_on_startup:604 | ==================================================
2026-05-19 12:41:11.918 | INFO     | app.core.database:init_db:260 | 表创建完成 (9 张表)
2026-05-19 12:41:11.918 | INFO     | app.main:lifespan:93 | [Startup] [OK] 数据库表初始化完成
2026-05-19 12:41:12.019 | INFO     | app.core.seed:seed_database:56 | 数据库已有数据，跳过种子初始化
2026-05-19 12:41:12.020 | INFO     | app.main:lifespan:101 | [Startup] [OK] 种子数据初始化完成
2026-05-19 12:41:12.021 | INFO     | app.main:lifespan:107 | [Startup] [OK] http://0.0.0.0:8000 | /docs | /health
2026-05-19 12:41:12.021 | INFO     | app.main:lifespan:108 | ============================================================
2026-05-19 12:41:48.614 | INFO     | app.main:setup_logging:79 | 日志系统已初始化 | 文件: ./logs/app.log | 错误: logs\app.error.log
2026-05-19 12:41:48.615 | INFO     | app.main:lifespan:85 | ============================================================
2026-05-19 12:41:48.615 | INFO     | app.main:lifespan:86 | [START] 书房管理系统 v2.0.0 启动中...
2026-05-19 12:41:48.616 | INFO     | app.main:lifespan:87 | ============================================================
2026-05-19 12:41:48.618 | INFO     | app.core.config:validate_config_on_startup:568 | 目录已就绪: logs
2026-05-19 12:41:48.619 | INFO     | app.core.config:validate_config_on_startup:568 | 目录已就绪: cache\images
2026-05-19 12:41:48.619 | INFO     | app.core.config:validate_config_on_startup:581 | ==================================================
2026-05-19 12:41:48.620 | INFO     | app.core.config:validate_config_on_startup:582 | 书房管理系统 v2.0.0
2026-05-19 12:41:48.621 | INFO     | app.core.config:validate_config_on_startup:583 | 运行模式: [DEV] 开发
2026-05-19 12:41:48.621 | INFO     | app.core.config:validate_config_on_startup:587 | 数据库: ./bookshelf.db
2026-05-19 12:41:48.621 | INFO     | app.core.config:validate_config_on_startup:588 | 豆瓣 Cookie: [OK] 已配置
2026-05-19 12:41:48.622 | INFO     | app.core.config:validate_config_on_startup:592 | 图片缓存: [OK] 启用 | 目录: ./cache/images | 有效期: 7天
2026-05-19 12:41:48.622 | INFO     | app.core.config:validate_config_on_startup:598 | 日志: 级别=INFO | 文件=./logs/app.log | 轮转=10 MB | 保留=7 days
2026-05-19 12:41:48.623 | INFO     | app.core.config:validate_config_on_startup:604 | ==================================================
2026-05-19 12:41:48.630 | INFO     | app.core.database:init_db:260 | 表创建完成 (9 张表)
2026-05-19 12:41:48.631 | INFO     | app.main:lifespan:93 | [Startup] [OK] 数据库表初始化完成
2026-05-19 12:41:48.725 | INFO     | app.core.seed:seed_database:56 | 数据库已有数据，跳过种子初始化
2026-05-19 12:41:48.726 | INFO     | app.main:lifespan:101 | [Startup] [OK] 种子数据初始化完成
2026-05-19 12:41:48.727 | INFO     | app.main:lifespan:107 | [Startup] [OK] http://0.0.0.0:8000 | /docs | /health
2026-05-19 12:41:48.727 | INFO     | app.main:lifespan:108 | ============================================================
2026-05-19 12:41:48.728 | INFO     | app.main:lifespan:114 | [Startup] 封面缓存清理任务已启动
2026-05-19 12:55:55.090 | INFO     | app.main:setup_logging:79 | 日志系统已初始化 | 文件: ./logs/app.log | 错误: logs\app.error.log
2026-05-19 12:55:55.091 | INFO     | app.main:lifespan:85 | ============================================================
2026-05-19 12:55:55.091 | INFO     | app.main:lifespan:86 | [START] 书房管理系统 v2.0.0 启动中...
2026-05-19 12:55:55.091 | INFO     | app.main:lifespan:87 | ============================================================
2026-05-19 12:55:55.092 | INFO     | app.core.config:validate_config_on_startup:568 | 目录已就绪: logs
2026-05-19 12:55:55.093 | INFO     | app.core.config:validate_config_on_startup:568 | 目录已就绪: cache\images
2026-05-19 12:55:55.093 | INFO     | app.core.config:validate_config_on_startup:581 | ==================================================
2026-05-19 12:55:55.093 | INFO     | app.core.config:validate_config_on_startup:582 | 书房管理系统 v2.0.0
2026-05-19 12:55:55.093 | INFO     | app.core.config:validate_config_on_startup:583 | 运行模式: [DEV] 开发
2026-05-19 12:55:55.093 | INFO     | app.core.config:validate_config_on_startup:587 | 数据库: ./bookshelf.db
2026-05-19 12:55:55.094 | INFO     | app.core.config:validate_config_on_startup:588 | 豆瓣 Cookie: [OK] 已配置
2026-05-19 12:55:55.094 | INFO     | app.core.config:validate_config_on_startup:592 | 图片缓存: [OK] 启用 | 目录: ./cache/images | 有效期: 7天
2026-05-19 12:55:55.095 | INFO     | app.core.config:validate_config_on_startup:598 | 日志: 级别=INFO | 文件=./logs/app.log | 轮转=10 MB | 保留=7 days
2026-05-19 12:55:55.096 | INFO     | app.core.config:validate_config_on_startup:604 | ==================================================
2026-05-19 12:55:55.101 | INFO     | app.core.database:init_db:260 | 表创建完成 (9 张表)
2026-05-19 12:55:55.101 | INFO     | app.main:lifespan:93 | [Startup] [OK] 数据库表初始化完成
2026-05-19 12:55:55.202 | INFO     | app.core.seed:seed_database:56 | 数据库已有数据，跳过种子初始化
2026-05-19 12:55:55.203 | INFO     | app.main:lifespan:101 | [Startup] [OK] 种子数据初始化完成
2026-05-19 12:55:55.203 | INFO     | app.main:lifespan:107 | [Startup] [OK] http://0.0.0.0:8000 | /docs | /health
2026-05-19 12:55:55.203 | INFO     | app.main:lifespan:108 | ============================================================
2026-05-19 12:55:55.204 | INFO     | app.main:lifespan:114 | [Startup] 封面缓存清理任务已启动
2026-05-19 12:58:21.572 | INFO     | app.main:setup_logging:79 | 日志系统已初始化 | 文件: ./logs/app.log | 错误: logs\app.error.log
2026-05-19 12:58:21.572 | INFO     | app.main:lifespan:85 | ============================================================
2026-05-19 12:58:21.572 | INFO     | app.main:lifespan:86 | [START] 书房管理系统 v2.0.0 启动中...
2026-05-19 12:58:21.573 | INFO     | app.main:lifespan:87 | ============================================================
2026-05-19 12:58:21.574 | INFO     | app.core.config:validate_config_on_startup:568 | 目录已就绪: logs
2026-05-19 12:58:21.574 | INFO     | app.core.config:validate_config_on_startup:568 | 目录已就绪: cache\images
2026-05-19 12:58:21.574 | INFO     | app.core.config:validate_config_on_startup:581 | ==================================================
2026-05-19 12:58:21.575 | INFO     | app.core.config:validate_config_on_startup:582 | 书房管理系统 v2.0.0
2026-05-19 12:58:21.575 | INFO     | app.core.config:validate_config_on_startup:583 | 运行模式: [DEV] 开发
2026-05-19 12:58:21.575 | INFO     | app.core.config:validate_config_on_startup:587 | 数据库: ./bookshelf.db
2026-05-19 12:58:21.575 | INFO     | app.core.config:validate_config_on_startup:588 | 豆瓣 Cookie: [OK] 已配置
2026-05-19 12:58:21.575 | INFO     | app.core.config:validate_config_on_startup:592 | 图片缓存: [OK] 启用 | 目录: ./cache/images | 有效期: 7天
2026-05-19 12:58:21.576 | INFO     | app.core.config:validate_config_on_startup:598 | 日志: 级别=INFO | 文件=./logs/app.log | 轮转=10 MB | 保留=7 days
2026-05-19 12:58:21.576 | INFO     | app.core.config:validate_config_on_startup:604 | ==================================================
2026-05-19 12:58:21.582 | INFO     | app.core.database:init_db:260 | 表创建完成 (9 张表)
2026-05-19 12:58:21.582 | INFO     | app.main:lifespan:93 | [Startup] [OK] 数据库表初始化完成
2026-05-19 12:58:21.676 | INFO     | app.core.seed:seed_database:56 | 数据库已有数据，跳过种子初始化
2026-05-19 12:58:21.676 | INFO     | app.main:lifespan:101 | [Startup] [OK] 种子数据初始化完成
2026-05-19 12:58:21.677 | INFO     | app.main:lifespan:107 | [Startup] [OK] http://0.0.0.0:8000 | /docs | /health
2026-05-19 12:58:21.678 | INFO     | app.main:lifespan:108 | ============================================================
2026-05-19 12:58:21.678 | INFO     | app.main:lifespan:114 | [Startup] 封面缓存清理任务已启动
2026-05-19 12:58:21.679 | INFO     | app.main:lifespan:126 | ============================================================
2026-05-19 12:58:21.679 | INFO     | app.main:lifespan:127 | [STOP] 书房管理系统 正在关闭...
2026-05-19 12:58:21.679 | INFO     | app.main:lifespan:128 | ============================================================
2026-05-19 12:58:21.680 | INFO     | app.core.database:close_all_connections:373 | 同步连接已关闭
2026-05-19 12:58:21.681 | INFO     | app.main:lifespan:134 | [Shutdown] [OK] 已安全关闭
2026-05-19 12:58:21.681 | INFO     | app.main:lifespan:135 | ============================================================
2026-05-19 13:55:55.282 | INFO     | app.main:_image_cache_cleanup_loop:170 | 封面缓存清理: 删除 43 个过期文件, 保留 60 个
2026-05-19 19:10:49.622 | INFO     | app.services.douban_service:search_by_isbn:372 | [OK] [直链访问] 获取成功: 9787544270878 -> 解忧杂货店
2026-05-20 12:40:06.045 | INFO     | app.main:setup_logging:83 | 日志系统已初始化 | 文件: ./logs/app.log | 错误: logs\app.error.log
2026-05-20 12:40:06.047 | INFO     | app.main:lifespan:90 | ============================================================
2026-05-20 12:40:06.048 | INFO     | app.main:lifespan:91 | [START] 书房管理系统 v2.0.0 启动中...
2026-05-20 12:40:06.049 | INFO     | app.main:lifespan:92 | ============================================================
2026-05-20 12:40:06.051 | INFO     | app.core.config:validate_config_on_startup:668 | 目录已就绪: logs
2026-05-20 12:40:06.053 | INFO     | app.core.config:validate_config_on_startup:668 | 目录已就绪: cache\images
2026-05-20 12:40:06.056 | INFO     | app.core.config:validate_config_on_startup:668 | 目录已就绪: backups
2026-05-20 12:40:06.059 | INFO     | app.core.config:validate_config_on_startup:681 | ==================================================
2026-05-20 12:40:06.060 | INFO     | app.core.config:validate_config_on_startup:682 | 书房管理系统 v2.0.0
2026-05-20 12:40:06.062 | INFO     | app.core.config:validate_config_on_startup:683 | 运行模式: [DEV] 开发
2026-05-20 12:40:06.063 | INFO     | app.core.config:validate_config_on_startup:687 | 数据库: ./bookshelf.db
2026-05-20 12:40:06.065 | INFO     | app.core.config:validate_config_on_startup:688 | 豆瓣 Cookie: [INFO] 未配置（豆瓣同步功能不可用）
2026-05-20 12:40:06.066 | INFO     | app.core.config:validate_config_on_startup:692 | 图片缓存: [OK] 启用 | 目录: ./cache/images | 有效期: 7天
2026-05-20 12:40:06.067 | INFO     | app.core.config:validate_config_on_startup:698 | 日志: 级别=INFO | 文件=./logs/app.log | 轮转=10 MB | 保留=7 days
2026-05-20 12:40:06.068 | INFO     | app.core.config:validate_config_on_startup:704 | ==================================================
2026-05-20 12:40:06.097 | INFO     | app.core.database:init_db:260 | 表创建完成 (9 张表)
2026-05-20 12:40:06.098 | INFO     | app.main:lifespan:98 | [Startup] [OK] 数据库表初始化完成
2026-05-20 12:40:06.270 | INFO     | app.core.seed:seed_database:56 | 数据库已有数据，跳过种子初始化
2026-05-20 12:40:06.271 | INFO     | app.main:lifespan:106 | [Startup] [OK] 种子数据初始化完成
2026-05-20 12:40:06.272 | INFO     | app.main:lifespan:112 | [Startup] [OK] http://0.0.0.0:8000 | /docs | /health
2026-05-20 12:40:06.274 | INFO     | app.main:lifespan:113 | ============================================================
2026-05-20 12:40:06.276 | INFO     | app.main:lifespan:119 | [Startup] 封面缓存清理任务已启动
2026-05-20 12:40:06.279 | INFO     | app.main:lifespan:125 | [Startup] 自动备份任务已启动 (间隔: 24h)
2026-05-20 12:45:06.351 | INFO     | app.services.backup_service:create_backup:200 | 备份已创建: backup_20260520_124506.backup | 大小: 104.1 KB | 表数: 9 | 总行数: 151
2026-05-20 13:30:19.496 | INFO     | app.main:lifespan:145 | ============================================================
2026-05-20 13:30:19.537 | INFO     | app.main:lifespan:146 | [STOP] 书房管理系统 正在关闭...
2026-05-20 13:30:19.555 | INFO     | app.main:lifespan:147 | ============================================================
2026-05-20 13:30:19.691 | INFO     | app.core.database:close_all_connections:373 | 同步连接已关闭
2026-05-20 13:30:19.710 | INFO     | app.main:lifespan:153 | [Shutdown] [OK] 已安全关闭
2026-05-20 13:30:19.714 | INFO     | app.main:lifespan:154 | ============================================================
2026-05-20 13:30:38.904 | INFO     | app.main:setup_logging:83 | 日志系统已初始化 | 文件: ./logs/app.log | 错误: logs\app.error.log
2026-05-20 13:30:38.906 | INFO     | app.main:lifespan:90 | ============================================================
2026-05-20 13:30:38.907 | INFO     | app.main:lifespan:91 | [START] 书房管理系统 v2.0.0 启动中...
2026-05-20 13:30:38.908 | INFO     | app.main:lifespan:92 | ============================================================
2026-05-20 13:30:38.912 | INFO     | app.core.config:validate_config_on_startup:697 | 目录已就绪: logs
2026-05-20 13:30:38.916 | INFO     | app.core.config:validate_config_on_startup:697 | 目录已就绪: cache\images
2026-05-20 13:30:38.919 | INFO     | app.core.config:validate_config_on_startup:697 | 目录已就绪: backups
2026-05-20 13:30:38.920 | INFO     | app.core.config:validate_config_on_startup:710 | ==================================================
2026-05-20 13:30:38.922 | INFO     | app.core.config:validate_config_on_startup:711 | 书房管理系统 v2.0.0
2026-05-20 13:30:38.923 | INFO     | app.core.config:validate_config_on_startup:712 | 运行模式: [DEV] 开发
2026-05-20 13:30:38.925 | INFO     | app.core.config:validate_config_on_startup:716 | 数据库: ./bookshelf.db
2026-05-20 13:30:38.926 | INFO     | app.core.config:validate_config_on_startup:717 | 豆瓣 Cookie: [INFO] 未配置（豆瓣同步功能不可用）
2026-05-20 13:30:38.930 | INFO     | app.core.config:validate_config_on_startup:721 | 图片缓存: [OK] 启用 | 目录: ./cache/images | 有效期: 7天
2026-05-20 13:30:38.931 | INFO     | app.core.config:validate_config_on_startup:727 | 日志: 级别=INFO | 文件=./logs/app.log | 轮转=10 MB | 保留=7 days
2026-05-20 13:30:38.932 | INFO     | app.core.config:validate_config_on_startup:733 | ==================================================
2026-05-20 13:30:39.001 | INFO     | app.core.database:init_db:260 | 表创建完成 (9 张表)
2026-05-20 13:30:39.003 | INFO     | app.main:lifespan:98 | [Startup] [OK] 数据库表初始化完成
2026-05-20 13:30:39.233 | INFO     | app.core.seed:seed_database:56 | 数据库已有数据，跳过种子初始化
2026-05-20 13:30:39.234 | INFO     | app.main:lifespan:106 | [Startup] [OK] 种子数据初始化完成
2026-05-20 13:30:39.236 | INFO     | app.main:lifespan:112 | [Startup] [OK] http://0.0.0.0:8000 | /docs | /health
2026-05-20 13:30:39.237 | INFO     | app.main:lifespan:113 | ============================================================
2026-05-20 13:30:39.238 | INFO     | app.main:lifespan:119 | [Startup] 封面缓存清理任务已启动
2026-05-20 13:30:39.239 | INFO     | app.main:lifespan:125 | [Startup] 自动备份任务已启动 (间隔: 24h)
2026-05-20 13:30:48.634 | INFO     | app.main:lifespan:145 | ============================================================
2026-05-20 13:30:48.636 | INFO     | app.main:lifespan:146 | [STOP] 书房管理系统 正在关闭...
2026-05-20 13:30:48.638 | INFO     | app.main:lifespan:147 | ============================================================
2026-05-20 13:30:48.641 | INFO     | app.core.database:close_all_connections:373 | 同步连接已关闭
2026-05-20 13:30:48.643 | INFO     | app.main:lifespan:153 | [Shutdown] [OK] 已安全关闭
2026-05-20 13:30:48.647 | INFO     | app.main:lifespan:154 | ============================================================
2026-05-20 13:30:58.278 | INFO     | app.main:setup_logging:83 | 日志系统已初始化 | 文件: ./logs/app.log | 错误: logs\app.error.log
2026-05-20 13:30:58.279 | INFO     | app.main:lifespan:90 | ============================================================
2026-05-20 13:30:58.279 | INFO     | app.main:lifespan:91 | [START] 书房管理系统 v2.0.0 启动中...
2026-05-20 13:30:58.280 | INFO     | app.main:lifespan:92 | ============================================================
2026-05-20 13:30:58.281 | INFO     | app.core.config:validate_config_on_startup:715 | 目录已就绪: logs
2026-05-20 13:30:58.283 | INFO     | app.core.config:validate_config_on_startup:715 | 目录已就绪: cache\images
2026-05-20 13:30:58.284 | INFO     | app.core.config:validate_config_on_startup:715 | 目录已就绪: backups
2026-05-20 13:30:58.284 | INFO     | app.core.config:validate_config_on_startup:728 | ==================================================
2026-05-20 13:30:58.285 | INFO     | app.core.config:validate_config_on_startup:729 | 书房管理系统 v2.0.0
2026-05-20 13:30:58.286 | INFO     | app.core.config:validate_config_on_startup:730 | 运行模式: [DEV] 开发
2026-05-20 13:30:58.287 | INFO     | app.core.config:validate_config_on_startup:734 | 数据库: ./bookshelf.db
2026-05-20 13:30:58.287 | INFO     | app.core.config:validate_config_on_startup:735 | 豆瓣 Cookie: [INFO] 未配置（豆瓣同步功能不可用）
2026-05-20 13:30:58.288 | INFO     | app.core.config:validate_config_on_startup:739 | 图片缓存: [OK] 启用 | 目录: ./cache/images | 有效期: 7天
2026-05-20 13:30:58.288 | INFO     | app.core.config:validate_config_on_startup:745 | 日志: 级别=INFO | 文件=./logs/app.log | 轮转=10 MB | 保留=7 days
2026-05-20 13:30:58.289 | INFO     | app.core.config:validate_config_on_startup:751 | ==================================================
2026-05-20 13:30:58.321 | INFO     | app.core.database:init_db:260 | 表创建完成 (9 张表)
2026-05-20 13:30:58.322 | INFO     | app.main:lifespan:98 | [Startup] [OK] 数据库表初始化完成
2026-05-20 13:30:58.418 | INFO     | app.core.seed:seed_database:56 | 数据库已有数据，跳过种子初始化
2026-05-20 13:30:58.419 | INFO     | app.main:lifespan:106 | [Startup] [OK] 种子数据初始化完成
2026-05-20 13:30:58.419 | INFO     | app.main:lifespan:112 | [Startup] [OK] http://0.0.0.0:8000 | /docs | /health
2026-05-20 13:30:58.420 | INFO     | app.main:lifespan:113 | ============================================================
2026-05-20 13:30:58.420 | INFO     | app.main:lifespan:119 | [Startup] 封面缓存清理任务已启动
2026-05-20 13:30:58.421 | INFO     | app.main:lifespan:125 | [Startup] 自动备份任务已启动 (间隔: 24h)
2026-05-20 13:34:20.575 | INFO     | app.main:lifespan:145 | ============================================================
2026-05-20 13:34:20.576 | INFO     | app.main:lifespan:146 | [STOP] 书房管理系统 正在关闭...
2026-05-20 13:34:20.577 | INFO     | app.main:lifespan:147 | ============================================================
2026-05-20 13:34:20.580 | INFO     | app.core.database:close_all_connections:373 | 同步连接已关闭
2026-05-20 13:34:20.582 | INFO     | app.main:lifespan:153 | [Shutdown] [OK] 已安全关闭
2026-05-20 13:34:20.582 | INFO     | app.main:lifespan:154 | ============================================================
2026-05-20 16:26:25.806 | INFO     | app.main:setup_logging:83 | 日志系统已初始化 | 文件: ./logs/app.log | 错误: logs\app.error.log
2026-05-20 16:26:25.806 | INFO     | app.main:lifespan:90 | ============================================================
2026-05-20 16:26:25.807 | INFO     | app.main:lifespan:91 | [START] 书房管理系统 v2.0.0 启动中...
2026-05-20 16:26:25.807 | INFO     | app.main:lifespan:92 | ============================================================
2026-05-20 16:26:25.808 | INFO     | app.core.config:validate_config_on_startup:715 | 目录已就绪: logs
2026-05-20 16:26:25.809 | INFO     | app.core.config:validate_config_on_startup:715 | 目录已就绪: cache\images
2026-05-20 16:26:25.809 | INFO     | app.core.config:validate_config_on_startup:715 | 目录已就绪: backups
2026-05-20 16:26:25.810 | INFO     | app.core.config:validate_config_on_startup:728 | ==================================================
2026-05-20 16:26:25.810 | INFO     | app.core.config:validate_config_on_startup:729 | 书房管理系统 v2.0.0
2026-05-20 16:26:25.810 | INFO     | app.core.config:validate_config_on_startup:730 | 运行模式: [DEV] 开发
2026-05-20 16:26:25.811 | INFO     | app.core.config:validate_config_on_startup:734 | 数据库: ./bookshelf.db
2026-05-20 16:26:25.811 | INFO     | app.core.config:validate_config_on_startup:735 | 豆瓣 Cookie: [INFO] 未配置（豆瓣同步功能不可用）
2026-05-20 16:26:25.812 | INFO     | app.core.config:validate_config_on_startup:739 | 图片缓存: [OK] 启用 | 目录: ./cache/images | 有效期: 7天
2026-05-20 16:26:25.812 | INFO     | app.core.config:validate_config_on_startup:745 | 日志: 级别=INFO | 文件=./logs/app.log | 轮转=10 MB | 保留=7 days
2026-05-20 16:26:25.813 | INFO     | app.core.config:validate_config_on_startup:751 | ==================================================
2026-05-20 16:26:25.827 | INFO     | app.core.database:init_db:260 | 表创建完成 (9 张表)
2026-05-20 16:26:25.827 | INFO     | app.main:lifespan:98 | [Startup] [OK] 数据库表初始化完成
2026-05-20 16:26:25.890 | INFO     | app.core.seed:seed_database:56 | 数据库已有数据，跳过种子初始化
2026-05-20 16:26:25.890 | INFO     | app.main:lifespan:106 | [Startup] [OK] 种子数据初始化完成
2026-05-20 16:26:25.891 | INFO     | app.main:lifespan:112 | [Startup] [OK] http://0.0.0.0:8000 | /docs | /health
2026-05-20 16:26:25.892 | INFO     | app.main:lifespan:113 | ============================================================
2026-05-20 16:26:25.892 | INFO     | app.main:lifespan:119 | [Startup] 封面缓存清理任务已启动
2026-05-20 16:26:25.892 | INFO     | app.main:lifespan:125 | [Startup] 自动备份任务已启动 (间隔: 24h)
2026-05-20 16:31:25.950 | INFO     | app.services.backup_service:create_backup:200 | 备份已创建: backup_20260520_163125.backup | 大小: 104.8 KB | 表数: 9 | 总行数: 152
2026-05-20 16:41:03.724 | INFO     | app.main:lifespan:145 | ============================================================
2026-05-20 16:41:03.758 | INFO     | app.main:lifespan:146 | [STOP] 书房管理系统 正在关闭...
2026-05-20 16:41:03.771 | INFO     | app.main:lifespan:147 | ============================================================
2026-05-20 16:41:03.851 | INFO     | app.core.database:close_all_connections:373 | 同步连接已关闭
2026-05-20 16:41:03.863 | INFO     | app.main:lifespan:153 | [Shutdown] [OK] 已安全关闭
2026-05-20 16:41:03.864 | INFO     | app.main:lifespan:154 | ============================================================
2026-05-20 16:41:10.776 | INFO     | app.main:setup_logging:83 | 日志系统已初始化 | 文件: ./logs/app.log | 错误: logs\app.error.log
2026-05-20 16:41:10.776 | INFO     | app.main:lifespan:90 | ============================================================
2026-05-20 16:41:10.777 | INFO     | app.main:lifespan:91 | [START] 书房管理系统 v2.0.0 启动中...
2026-05-20 16:41:10.777 | INFO     | app.main:lifespan:92 | ============================================================
2026-05-20 16:41:10.778 | INFO     | app.core.config:validate_config_on_startup:715 | 目录已就绪: logs
2026-05-20 16:41:10.779 | INFO     | app.core.config:validate_config_on_startup:715 | 目录已就绪: cache\images
2026-05-20 16:41:10.781 | INFO     | app.core.config:validate_config_on_startup:715 | 目录已就绪: backups
2026-05-20 16:41:10.800 | INFO     | app.core.config:validate_config_on_startup:728 | ==================================================
2026-05-20 16:41:10.801 | INFO     | app.core.config:validate_config_on_startup:729 | 书房管理系统 v2.0.0
2026-05-20 16:41:10.804 | INFO     | app.core.config:validate_config_on_startup:730 | 运行模式: [DEV] 开发
2026-05-20 16:41:10.805 | INFO     | app.core.config:validate_config_on_startup:734 | 数据库: ./bookshelf.db
2026-05-20 16:41:10.809 | INFO     | app.core.config:validate_config_on_startup:735 | 豆瓣 Cookie: [INFO] 未配置（豆瓣同步功能不可用）
2026-05-20 16:41:10.812 | INFO     | app.core.config:validate_config_on_startup:739 | 图片缓存: [OK] 启用 | 目录: ./cache/images | 有效期: 7天
2026-05-20 16:41:10.812 | INFO     | app.core.config:validate_config_on_startup:745 | 日志: 级别=INFO | 文件=./logs/app.log | 轮转=10 MB | 保留=7 days
2026-05-20 16:41:10.814 | INFO     | app.core.config:validate_config_on_startup:751 | ==================================================
2026-05-20 16:41:10.856 | INFO     | app.core.database:init_db:260 | 表创建完成 (9 张表)
2026-05-20 16:41:10.858 | INFO     | app.main:lifespan:98 | [Startup] [OK] 数据库表初始化完成
2026-05-20 16:41:10.951 | INFO     | app.core.seed:seed_database:56 | 数据库已有数据，跳过种子初始化
2026-05-20 16:41:10.951 | INFO     | app.main:lifespan:106 | [Startup] [OK] 种子数据初始化完成
2026-05-20 16:41:10.952 | INFO     | app.main:lifespan:112 | [Startup] [OK] http://0.0.0.0:8000 | /docs | /health
2026-05-20 16:41:10.952 | INFO     | app.main:lifespan:113 | ============================================================
2026-05-20 16:41:10.953 | INFO     | app.main:lifespan:119 | [Startup] 封面缓存清理任务已启动
2026-05-20 16:41:10.953 | INFO     | app.main:lifespan:125 | [Startup] 自动备份任务已启动 (间隔: 24h)
2026-05-20 16:46:11.001 | INFO     | app.services.backup_service:create_backup:200 | 备份已创建: backup_20260520_164611.backup | 大小: 105.5 KB | 表数: 9 | 总行数: 153
2026-05-20 17:12:05.088 | INFO     | app.main:lifespan:145 | ============================================================
2026-05-20 17:12:05.121 | INFO     | app.main:lifespan:146 | [STOP] 书房管理系统 正在关闭...
2026-05-20 17:12:05.125 | INFO     | app.main:lifespan:147 | ============================================================
2026-05-20 17:12:05.207 | INFO     | app.core.database:close_all_connections:373 | 同步连接已关闭
2026-05-20 17:12:05.216 | INFO     | app.main:lifespan:153 | [Shutdown] [OK] 已安全关闭
2026-05-20 17:12:05.218 | INFO     | app.main:lifespan:154 | ============================================================
2026-05-20 17:12:11.598 | INFO     | app.main:setup_logging:83 | 日志系统已初始化 | 文件: ./logs/app.log | 错误: logs\app.error.log
2026-05-20 17:12:11.599 | INFO     | app.main:lifespan:90 | ============================================================
2026-05-20 17:12:11.600 | INFO     | app.main:lifespan:91 | [START] 书房管理系统 v2.0.0 启动中...
2026-05-20 17:12:11.600 | INFO     | app.main:lifespan:92 | ============================================================
2026-05-20 17:12:11.601 | INFO     | app.core.config:validate_config_on_startup:715 | 目录已就绪: logs
2026-05-20 17:12:11.602 | INFO     | app.core.config:validate_config_on_startup:715 | 目录已就绪: cache\images
2026-05-20 17:12:11.602 | INFO     | app.core.config:validate_config_on_startup:715 | 目录已就绪: backups
2026-05-20 17:12:11.603 | INFO     | app.core.config:validate_config_on_startup:728 | ==================================================
2026-05-20 17:12:11.603 | INFO     | app.core.config:validate_config_on_startup:729 | 书房管理系统 v2.0.0
2026-05-20 17:12:11.604 | INFO     | app.core.config:validate_config_on_startup:730 | 运行模式: [DEV] 开发
2026-05-20 17:12:11.604 | INFO     | app.core.config:validate_config_on_startup:734 | 数据库: ./bookshelf.db
2026-05-20 17:12:11.605 | INFO     | app.core.config:validate_config_on_startup:735 | 豆瓣 Cookie: [INFO] 未配置（豆瓣同步功能不可用）
2026-05-20 17:12:11.605 | INFO     | app.core.config:validate_config_on_startup:739 | 图片缓存: [OK] 启用 | 目录: ./cache/images | 有效期: 7天
2026-05-20 17:12:11.605 | INFO     | app.core.config:validate_config_on_startup:745 | 日志: 级别=INFO | 文件=./logs/app.log | 轮转=10 MB | 保留=7 days
2026-05-20 17:12:11.606 | INFO     | app.core.config:validate_config_on_startup:751 | ==================================================
2026-05-20 17:12:11.620 | INFO     | app.core.database:init_db:260 | 表创建完成 (9 张表)
2026-05-20 17:12:11.620 | INFO     | app.main:lifespan:98 | [Startup] [OK] 数据库表初始化完成
2026-05-20 17:12:11.694 | INFO     | app.core.seed:seed_database:56 | 数据库已有数据，跳过种子初始化
2026-05-20 17:12:11.695 | INFO     | app.main:lifespan:106 | [Startup] [OK] 种子数据初始化完成
2026-05-20 17:12:11.695 | INFO     | app.main:lifespan:112 | [Startup] [OK] http://0.0.0.0:8000 | /docs | /health
2026-05-20 17:12:11.696 | INFO     | app.main:lifespan:113 | ============================================================
2026-05-20 17:12:11.696 | INFO     | app.main:lifespan:119 | [Startup] 封面缓存清理任务已启动
2026-05-20 17:12:11.697 | INFO     | app.main:lifespan:125 | [Startup] 自动备份任务已启动 (间隔: 24h)
2026-05-20 17:12:16.597 | INFO     | app.main:lifespan:145 | ============================================================
2026-05-20 17:12:16.598 | INFO     | app.main:lifespan:146 | [STOP] 书房管理系统 正在关闭...
2026-05-20 17:12:16.598 | INFO     | app.main:lifespan:147 | ============================================================
2026-05-20 17:12:16.600 | INFO     | app.core.database:close_all_connections:373 | 同步连接已关闭
2026-05-20 17:12:16.600 | INFO     | app.main:lifespan:153 | [Shutdown] [OK] 已安全关闭
2026-05-20 17:12:16.601 | INFO     | app.main:lifespan:154 | ============================================================
2026-05-20 17:12:23.097 | INFO     | app.main:setup_logging:83 | 日志系统已初始化 | 文件: ./logs/app.log | 错误: logs\app.error.log
2026-05-20 17:12:23.098 | INFO     | app.main:lifespan:90 | ============================================================
2026-05-20 17:12:23.100 | INFO     | app.main:lifespan:91 | [START] 书房管理系统 v2.0.0 启动中...
2026-05-20 17:12:23.101 | INFO     | app.main:lifespan:92 | ============================================================
2026-05-20 17:12:23.103 | INFO     | app.core.config:validate_config_on_startup:715 | 目录已就绪: logs
2026-05-20 17:12:23.104 | INFO     | app.core.config:validate_config_on_startup:715 | 目录已就绪: cache\images
2026-05-20 17:12:23.106 | INFO     | app.core.config:validate_config_on_startup:715 | 目录已就绪: backups
2026-05-20 17:12:23.106 | INFO     | app.core.config:validate_config_on_startup:728 | ==================================================
2026-05-20 17:12:23.106 | INFO     | app.core.config:validate_config_on_startup:729 | 书房管理系统 v2.0.0
2026-05-20 17:12:23.107 | INFO     | app.core.config:validate_config_on_startup:730 | 运行模式: [DEV] 开发
2026-05-20 17:12:23.107 | INFO     | app.core.config:validate_config_on_startup:734 | 数据库: ./bookshelf.db
2026-05-20 17:12:23.108 | INFO     | app.core.config:validate_config_on_startup:735 | 豆瓣 Cookie: [INFO] 未配置（豆瓣同步功能不可用）
2026-05-20 17:12:23.108 | INFO     | app.core.config:validate_config_on_startup:739 | 图片缓存: [OK] 启用 | 目录: ./cache/images | 有效期: 7天
2026-05-20 17:12:23.109 | INFO     | app.core.config:validate_config_on_startup:745 | 日志: 级别=INFO | 文件=./logs/app.log | 轮转=10 MB | 保留=7 days
2026-05-20 17:12:23.110 | INFO     | app.core.config:validate_config_on_startup:751 | ==================================================
2026-05-20 17:12:23.118 | INFO     | app.core.database:init_db:260 | 表创建完成 (9 张表)
2026-05-20 17:12:23.126 | INFO     | app.main:lifespan:98 | [Startup] [OK] 数据库表初始化完成
2026-05-20 17:12:23.204 | INFO     | app.core.seed:seed_database:56 | 数据库已有数据，跳过种子初始化
2026-05-20 17:12:23.205 | INFO     | app.main:lifespan:106 | [Startup] [OK] 种子数据初始化完成
2026-05-20 17:12:23.205 | INFO     | app.main:lifespan:112 | [Startup] [OK] http://0.0.0.0:8000 | /docs | /health
2026-05-20 17:12:23.206 | INFO     | app.main:lifespan:113 | ============================================================
2026-05-20 17:12:23.206 | INFO     | app.main:lifespan:119 | [Startup] 封面缓存清理任务已启动
2026-05-20 17:12:23.206 | INFO     | app.main:lifespan:125 | [Startup] 自动备份任务已启动 (间隔: 24h)
2026-05-20 17:12:27.237 | INFO     | app.main:lifespan:145 | ============================================================
2026-05-20 17:12:27.238 | INFO     | app.main:lifespan:146 | [STOP] 书房管理系统 正在关闭...
2026-05-20 17:12:27.238 | INFO     | app.main:lifespan:147 | ============================================================
2026-05-20 17:12:27.240 | INFO     | app.core.database:close_all_connections:373 | 同步连接已关闭
2026-05-20 17:12:27.242 | INFO     | app.main:lifespan:153 | [Shutdown] [OK] 已安全关闭
2026-05-20 17:12:27.243 | INFO     | app.main:lifespan:154 | ============================================================
2026-05-20 17:12:34.932 | INFO     | app.main:setup_logging:83 | 日志系统已初始化 | 文件: ./logs/app.log | 错误: logs\app.error.log
2026-05-20 17:12:34.933 | INFO     | app.main:lifespan:90 | ============================================================
2026-05-20 17:12:34.934 | INFO     | app.main:lifespan:91 | [START] 书房管理系统 v2.0.0 启动中...
2026-05-20 17:12:34.934 | INFO     | app.main:lifespan:92 | ============================================================
2026-05-20 17:12:34.935 | INFO     | app.core.config:validate_config_on_startup:715 | 目录已就绪: logs
2026-05-20 17:12:34.936 | INFO     | app.core.config:validate_config_on_startup:715 | 目录已就绪: cache\images
2026-05-20 17:12:34.937 | INFO     | app.core.config:validate_config_on_startup:715 | 目录已就绪: backups
2026-05-20 17:12:34.937 | INFO     | app.core.config:validate_config_on_startup:728 | ==================================================
2026-05-20 17:12:34.938 | INFO     | app.core.config:validate_config_on_startup:729 | 书房管理系统 v2.0.0
2026-05-20 17:12:34.938 | INFO     | app.core.config:validate_config_on_startup:730 | 运行模式: [DEV] 开发
2026-05-20 17:12:34.939 | INFO     | app.core.config:validate_config_on_startup:734 | 数据库: ./bookshelf.db
2026-05-20 17:12:34.939 | INFO     | app.core.config:validate_config_on_startup:735 | 豆瓣 Cookie: [INFO] 未配置（豆瓣同步功能不可用）
2026-05-20 17:12:34.940 | INFO     | app.core.config:validate_config_on_startup:739 | 图片缓存: [OK] 启用 | 目录: ./cache/images | 有效期: 7天
2026-05-20 17:12:34.940 | INFO     | app.core.config:validate_config_on_startup:745 | 日志: 级别=INFO | 文件=./logs/app.log | 轮转=10 MB | 保留=7 days
2026-05-20 17:12:34.940 | INFO     | app.core.config:validate_config_on_startup:751 | ==================================================
2026-05-20 17:12:34.947 | INFO     | app.core.database:init_db:260 | 表创建完成 (9 张表)
2026-05-20 17:12:34.948 | INFO     | app.main:lifespan:98 | [Startup] [OK] 数据库表初始化完成
2026-05-20 17:12:35.024 | INFO     | app.core.seed:seed_database:56 | 数据库已有数据，跳过种子初始化
2026-05-20 17:12:35.025 | INFO     | app.main:lifespan:106 | [Startup] [OK] 种子数据初始化完成
2026-05-20 17:12:35.026 | INFO     | app.main:lifespan:112 | [Startup] [OK] http://0.0.0.0:8000 | /docs | /health
2026-05-20 17:12:35.026 | INFO     | app.main:lifespan:113 | ============================================================
2026-05-20 17:12:35.027 | INFO     | app.main:lifespan:119 | [Startup] 封面缓存清理任务已启动
2026-05-20 17:12:35.028 | INFO     | app.main:lifespan:125 | [Startup] 自动备份任务已启动 (间隔: 24h)
2026-05-20 17:12:54.536 | INFO     | app.main:lifespan:145 | ============================================================
2026-05-20 17:12:54.537 | INFO     | app.main:lifespan:146 | [STOP] 书房管理系统 正在关闭...
2026-05-20 17:12:54.537 | INFO     | app.main:lifespan:147 | ============================================================
2026-05-20 17:12:54.538 | INFO     | app.core.database:close_all_connections:373 | 同步连接已关闭
2026-05-20 17:12:54.539 | INFO     | app.main:lifespan:153 | [Shutdown] [OK] 已安全关闭
2026-05-20 17:12:54.539 | INFO     | app.main:lifespan:154 | ============================================================
2026-05-20 17:12:59.519 | INFO     | app.main:setup_logging:83 | 日志系统已初始化 | 文件: ./logs/app.log | 错误: logs\app.error.log
2026-05-20 17:12:59.520 | INFO     | app.main:lifespan:90 | ============================================================
2026-05-20 17:12:59.520 | INFO     | app.main:lifespan:91 | [START] 书房管理系统 v2.0.0 启动中...
2026-05-20 17:12:59.521 | INFO     | app.main:lifespan:92 | ============================================================
2026-05-20 17:12:59.522 | INFO     | app.core.config:validate_config_on_startup:715 | 目录已就绪: logs
2026-05-20 17:12:59.523 | INFO     | app.core.config:validate_config_on_startup:715 | 目录已就绪: cache\images
2026-05-20 17:12:59.524 | INFO     | app.core.config:validate_config_on_startup:715 | 目录已就绪: backups
2026-05-20 17:12:59.524 | INFO     | app.core.config:validate_config_on_startup:728 | ==================================================
2026-05-20 17:12:59.524 | INFO     | app.core.config:validate_config_on_startup:729 | 书房管理系统 v2.0.0
2026-05-20 17:12:59.525 | INFO     | app.core.config:validate_config_on_startup:730 | 运行模式: [DEV] 开发
2026-05-20 17:12:59.525 | INFO     | app.core.config:validate_config_on_startup:734 | 数据库: ./bookshelf.db
2026-05-20 17:12:59.526 | INFO     | app.core.config:validate_config_on_startup:735 | 豆瓣 Cookie: [INFO] 未配置（豆瓣同步功能不可用）
2026-05-20 17:12:59.526 | INFO     | app.core.config:validate_config_on_startup:739 | 图片缓存: [OK] 启用 | 目录: ./cache/images | 有效期: 7天
2026-05-20 17:12:59.526 | INFO     | app.core.config:validate_config_on_startup:745 | 日志: 级别=INFO | 文件=./logs/app.log | 轮转=10 MB | 保留=7 days
2026-05-20 17:12:59.527 | INFO     | app.core.config:validate_config_on_startup:751 | ==================================================
2026-05-20 17:12:59.532 | INFO     | app.core.database:init_db:260 | 表创建完成 (9 张表)
2026-05-20 17:12:59.533 | INFO     | app.main:lifespan:98 | [Startup] [OK] 数据库表初始化完成
2026-05-20 17:12:59.606 | INFO     | app.core.seed:seed_database:56 | 数据库已有数据，跳过种子初始化
2026-05-20 17:12:59.606 | INFO     | app.main:lifespan:106 | [Startup] [OK] 种子数据初始化完成
2026-05-20 17:12:59.607 | INFO     | app.main:lifespan:112 | [Startup] [OK] http://0.0.0.0:8000 | /docs | /health
2026-05-20 17:12:59.607 | INFO     | app.main:lifespan:113 | ============================================================
2026-05-20 17:12:59.608 | INFO     | app.main:lifespan:119 | [Startup] 封面缓存清理任务已启动
2026-05-20 17:12:59.608 | INFO     | app.main:lifespan:125 | [Startup] 自动备份任务已启动 (间隔: 24h)
2026-05-20 17:13:02.667 | INFO     | app.main:lifespan:145 | ============================================================
2026-05-20 17:13:02.668 | INFO     | app.main:lifespan:146 | [STOP] 书房管理系统 正在关闭...
2026-05-20 17:13:02.668 | INFO     | app.main:lifespan:147 | ============================================================
2026-05-20 17:13:02.669 | INFO     | app.core.database:close_all_connections:373 | 同步连接已关闭
2026-05-20 17:13:02.670 | INFO     | app.main:lifespan:153 | [Shutdown] [OK] 已安全关闭
2026-05-20 17:13:02.671 | INFO     | app.main:lifespan:154 | ============================================================
2026-05-20 17:13:08.317 | INFO     | app.main:setup_logging:83 | 日志系统已初始化 | 文件: ./logs/app.log | 错误: logs\app.error.log
2026-05-20 17:13:08.318 | INFO     | app.main:lifespan:90 | ============================================================
2026-05-20 17:13:08.318 | INFO     | app.main:lifespan:91 | [START] 书房管理系统 v2.0.0 启动中...
2026-05-20 17:13:08.319 | INFO     | app.main:lifespan:92 | ============================================================
2026-05-20 17:13:08.321 | INFO     | app.core.config:validate_config_on_startup:715 | 目录已就绪: logs
2026-05-20 17:13:08.322 | INFO     | app.core.config:validate_config_on_startup:715 | 目录已就绪: cache\images
2026-05-20 17:13:08.324 | INFO     | app.core.config:validate_config_on_startup:715 | 目录已就绪: backups
2026-05-20 17:13:08.325 | INFO     | app.core.config:validate_config_on_startup:728 | ==================================================
2026-05-20 17:13:08.325 | INFO     | app.core.config:validate_config_on_startup:729 | 书房管理系统 v2.0.0
2026-05-20 17:13:08.326 | INFO     | app.core.config:validate_config_on_startup:730 | 运行模式: [DEV] 开发
2026-05-20 17:13:08.327 | INFO     | app.core.config:validate_config_on_startup:734 | 数据库: ./bookshelf.db
2026-05-20 17:13:08.327 | INFO     | app.core.config:validate_config_on_startup:735 | 豆瓣 Cookie: [INFO] 未配置（豆瓣同步功能不可用）
2026-05-20 17:13:08.328 | INFO     | app.core.config:validate_config_on_startup:739 | 图片缓存: [OK] 启用 | 目录: ./cache/images | 有效期: 7天
2026-05-20 17:13:08.328 | INFO     | app.core.config:validate_config_on_startup:745 | 日志: 级别=INFO | 文件=./logs/app.log | 轮转=10 MB | 保留=7 days
2026-05-20 17:13:08.329 | INFO     | app.core.config:validate_config_on_startup:751 | ==================================================
2026-05-20 17:13:08.337 | INFO     | app.core.database:init_db:260 | 表创建完成 (9 张表)
2026-05-20 17:13:08.338 | INFO     | app.main:lifespan:98 | [Startup] [OK] 数据库表初始化完成
2026-05-20 17:13:08.424 | INFO     | app.core.seed:seed_database:56 | 数据库已有数据，跳过种子初始化
2026-05-20 17:13:08.424 | INFO     | app.main:lifespan:106 | [Startup] [OK] 种子数据初始化完成
2026-05-20 17:13:08.425 | INFO     | app.main:lifespan:112 | [Startup] [OK] http://0.0.0.0:8000 | /docs | /health
2026-05-20 17:13:08.425 | INFO     | app.main:lifespan:113 | ============================================================
2026-05-20 17:13:08.426 | INFO     | app.main:lifespan:119 | [Startup] 封面缓存清理任务已启动
2026-05-20 17:13:08.426 | INFO     | app.main:lifespan:125 | [Startup] 自动备份任务已启动 (间隔: 24h)
2026-05-20 17:13:10.068 | INFO     | app.main:lifespan:145 | ============================================================
2026-05-20 17:13:10.069 | INFO     | app.main:lifespan:146 | [STOP] 书房管理系统 正在关闭...
2026-05-20 17:13:10.070 | INFO     | app.main:lifespan:147 | ============================================================
2026-05-20 17:13:10.071 | INFO     | app.core.database:close_all_connections:373 | 同步连接已关闭
2026-05-20 17:13:10.072 | INFO     | app.main:lifespan:153 | [Shutdown] [OK] 已安全关闭
2026-05-20 17:13:10.073 | INFO     | app.main:lifespan:154 | ============================================================
2026-05-20 17:13:14.733 | INFO     | app.main:setup_logging:83 | 日志系统已初始化 | 文件: ./logs/app.log | 错误: logs\app.error.log
2026-05-20 17:13:14.734 | INFO     | app.main:lifespan:90 | ============================================================
2026-05-20 17:13:14.735 | INFO     | app.main:lifespan:91 | [START] 书房管理系统 v2.0.0 启动中...
2026-05-20 17:13:14.735 | INFO     | app.main:lifespan:92 | ============================================================
2026-05-20 17:13:14.736 | INFO     | app.core.config:validate_config_on_startup:715 | 目录已就绪: logs
2026-05-20 17:13:14.737 | INFO     | app.core.config:validate_config_on_startup:715 | 目录已就绪: cache\images
2026-05-20 17:13:14.738 | INFO     | app.core.config:validate_config_on_startup:715 | 目录已就绪: backups
2026-05-20 17:13:14.738 | INFO     | app.core.config:validate_config_on_startup:728 | ==================================================
2026-05-20 17:13:14.738 | INFO     | app.core.config:validate_config_on_startup:729 | 书房管理系统 v2.0.0
2026-05-20 17:13:14.739 | INFO     | app.core.config:validate_config_on_startup:730 | 运行模式: [DEV] 开发
2026-05-20 17:13:14.740 | INFO     | app.core.config:validate_config_on_startup:734 | 数据库: ./bookshelf.db
2026-05-20 17:13:14.740 | INFO     | app.core.config:validate_config_on_startup:735 | 豆瓣 Cookie: [INFO] 未配置（豆瓣同步功能不可用）
2026-05-20 17:13:14.741 | INFO     | app.core.config:validate_config_on_startup:739 | 图片缓存: [OK] 启用 | 目录: ./cache/images | 有效期: 7天
2026-05-20 17:13:14.741 | INFO     | app.core.config:validate_config_on_startup:745 | 日志: 级别=INFO | 文件=./logs/app.log | 轮转=10 MB | 保留=7 days
2026-05-20 17:13:14.742 | INFO     | app.core.config:validate_config_on_startup:751 | ==================================================
2026-05-20 17:13:14.750 | INFO     | app.core.database:init_db:260 | 表创建完成 (9 张表)
2026-05-20 17:13:14.750 | INFO     | app.main:lifespan:98 | [Startup] [OK] 数据库表初始化完成
2026-05-20 17:13:14.827 | INFO     | app.core.seed:seed_database:56 | 数据库已有数据，跳过种子初始化
2026-05-20 17:13:14.828 | INFO     | app.main:lifespan:106 | [Startup] [OK] 种子数据初始化完成
2026-05-20 17:13:14.828 | INFO     | app.main:lifespan:112 | [Startup] [OK] http://0.0.0.0:8000 | /docs | /health
2026-05-20 17:13:14.829 | INFO     | app.main:lifespan:113 | ============================================================
2026-05-20 17:13:14.829 | INFO     | app.main:lifespan:119 | [Startup] 封面缓存清理任务已启动
2026-05-20 17:13:14.830 | INFO     | app.main:lifespan:125 | [Startup] 自动备份任务已启动 (间隔: 24h)
2026-05-20 17:18:14.874 | INFO     | app.services.backup_service:create_backup:200 | 备份已创建: backup_20260520_171814.backup | 大小: 106.2 KB | 表数: 9 | 总行数: 154
2026-05-20 17:19:01.785 | INFO     | app.main:lifespan:145 | ============================================================
2026-05-20 17:19:01.786 | INFO     | app.main:lifespan:146 | [STOP] 书房管理系统 正在关闭...
2026-05-20 17:19:01.786 | INFO     | app.main:lifespan:147 | ============================================================
2026-05-20 17:19:01.788 | INFO     | app.core.database:close_all_connections:373 | 同步连接已关闭
2026-05-20 17:19:01.789 | INFO     | app.main:lifespan:153 | [Shutdown] [OK] 已安全关闭
2026-05-20 17:19:01.789 | INFO     | app.main:lifespan:154 | ============================================================
2026-05-20 17:19:06.549 | INFO     | app.main:setup_logging:83 | 日志系统已初始化 | 文件: ./logs/app.log | 错误: logs\app.error.log
2026-05-20 17:19:06.549 | INFO     | app.main:lifespan:90 | ============================================================
2026-05-20 17:19:06.550 | INFO     | app.main:lifespan:91 | [START] 书房管理系统 v2.0.0 启动中...
2026-05-20 17:19:06.550 | INFO     | app.main:lifespan:92 | ============================================================
2026-05-20 17:19:06.551 | INFO     | app.core.config:validate_config_on_startup:715 | 目录已就绪: logs
2026-05-20 17:19:06.552 | INFO     | app.core.config:validate_config_on_startup:715 | 目录已就绪: cache\images
2026-05-20 17:19:06.552 | INFO     | app.core.config:validate_config_on_startup:715 | 目录已就绪: backups
2026-05-20 17:19:06.553 | INFO     | app.core.config:validate_config_on_startup:728 | ==================================================
2026-05-20 17:19:06.553 | INFO     | app.core.config:validate_config_on_startup:729 | 书房管理系统 v2.0.0
2026-05-20 17:19:06.553 | INFO     | app.core.config:validate_config_on_startup:730 | 运行模式: [DEV] 开发
2026-05-20 17:19:06.554 | INFO     | app.core.config:validate_config_on_startup:734 | 数据库: ./bookshelf.db
2026-05-20 17:19:06.554 | INFO     | app.core.config:validate_config_on_startup:735 | 豆瓣 Cookie: [INFO] 未配置（豆瓣同步功能不可用）
2026-05-20 17:19:06.554 | INFO     | app.core.config:validate_config_on_startup:739 | 图片缓存: [OK] 启用 | 目录: ./cache/images | 有效期: 7天
2026-05-20 17:19:06.555 | INFO     | app.core.config:validate_config_on_startup:745 | 日志: 级别=INFO | 文件=./logs/app.log | 轮转=10 MB | 保留=7 days
2026-05-20 17:19:06.555 | INFO     | app.core.config:validate_config_on_startup:751 | ==================================================
2026-05-20 17:19:06.569 | INFO     | app.core.database:init_db:260 | 表创建完成 (9 张表)
2026-05-20 17:19:06.570 | INFO     | app.main:lifespan:98 | [Startup] [OK] 数据库表初始化完成
2026-05-20 17:19:06.625 | INFO     | app.core.seed:seed_database:56 | 数据库已有数据，跳过种子初始化
2026-05-20 17:19:06.625 | INFO     | app.main:lifespan:106 | [Startup] [OK] 种子数据初始化完成
2026-05-20 17:19:06.626 | INFO     | app.main:lifespan:112 | [Startup] [OK] http://0.0.0.0:8000 | /docs | /health
2026-05-20 17:19:06.626 | INFO     | app.main:lifespan:113 | ============================================================
2026-05-20 17:19:06.627 | INFO     | app.main:lifespan:119 | [Startup] 封面缓存清理任务已启动
2026-05-20 17:19:06.627 | INFO     | app.main:lifespan:125 | [Startup] 自动备份任务已启动 (间隔: 24h)
2026-05-20 17:19:16.643 | INFO     | app.main:lifespan:145 | ============================================================
2026-05-20 17:19:16.643 | INFO     | app.main:lifespan:146 | [STOP] 书房管理系统 正在关闭...
2026-05-20 17:19:16.644 | INFO     | app.main:lifespan:147 | ============================================================
2026-05-20 17:19:16.645 | INFO     | app.core.database:close_all_connections:373 | 同步连接已关闭
2026-05-20 17:19:16.645 | INFO     | app.main:lifespan:153 | [Shutdown] [OK] 已安全关闭
2026-05-20 17:19:16.646 | INFO     | app.main:lifespan:154 | ============================================================
2026-05-20 17:19:22.513 | INFO     | app.main:setup_logging:83 | 日志系统已初始化 | 文件: ./logs/app.log | 错误: logs\app.error.log
2026-05-20 17:19:22.513 | INFO     | app.main:lifespan:90 | ============================================================
2026-05-20 17:19:22.514 | INFO     | app.main:lifespan:91 | [START] 书房管理系统 v2.0.0 启动中...
2026-05-20 17:19:22.514 | INFO     | app.main:lifespan:92 | ============================================================
2026-05-20 17:19:22.515 | INFO     | app.core.config:validate_config_on_startup:730 | 目录已就绪: logs
2026-05-20 17:19:22.516 | INFO     | app.core.config:validate_config_on_startup:730 | 目录已就绪: cache\images
2026-05-20 17:19:22.517 | INFO     | app.core.config:validate_config_on_startup:730 | 目录已就绪: backups
2026-05-20 17:19:22.517 | INFO     | app.core.config:validate_config_on_startup:743 | ==================================================
2026-05-20 17:19:22.518 | INFO     | app.core.config:validate_config_on_startup:744 | 书房管理系统 v2.0.0
2026-05-20 17:19:22.518 | INFO     | app.core.config:validate_config_on_startup:745 | 运行模式: [DEV] 开发
2026-05-20 17:19:22.519 | INFO     | app.core.config:validate_config_on_startup:749 | 数据库: ./bookshelf.db
2026-05-20 17:19:22.519 | INFO     | app.core.config:validate_config_on_startup:750 | 豆瓣 Cookie: [INFO] 未配置（豆瓣同步功能不可用）
2026-05-20 17:19:22.520 | INFO     | app.core.config:validate_config_on_startup:754 | 图片缓存: [OK] 启用 | 目录: ./cache/images | 有效期: 7天
2026-05-20 17:19:22.520 | INFO     | app.core.config:validate_config_on_startup:760 | 日志: 级别=INFO | 文件=./logs/app.log | 轮转=10 MB | 保留=7 days
2026-05-20 17:19:22.521 | INFO     | app.core.config:validate_config_on_startup:766 | ==================================================
2026-05-20 17:19:22.527 | INFO     | app.core.database:init_db:260 | 表创建完成 (9 张表)
2026-05-20 17:19:22.527 | INFO     | app.main:lifespan:98 | [Startup] [OK] 数据库表初始化完成
2026-05-20 17:19:22.612 | INFO     | app.core.seed:seed_database:56 | 数据库已有数据，跳过种子初始化
2026-05-20 17:19:22.613 | INFO     | app.main:lifespan:106 | [Startup] [OK] 种子数据初始化完成
2026-05-20 17:19:22.613 | INFO     | app.main:lifespan:112 | [Startup] [OK] http://0.0.0.0:8000 | /docs | /health
2026-05-20 17:19:22.614 | INFO     | app.main:lifespan:113 | ============================================================
2026-05-20 17:19:22.614 | INFO     | app.main:lifespan:119 | [Startup] 封面缓存清理任务已启动
2026-05-20 17:19:22.615 | INFO     | app.main:lifespan:125 | [Startup] 自动备份任务已启动 (间隔: 24h)
2026-05-20 17:24:22.655 | INFO     | app.services.backup_service:create_backup:200 | 备份已创建: backup_20260520_172422.backup | 大小: 106.8 KB | 表数: 9 | 总行数: 155
2026-05-20 17:31:55.468 | INFO     | app.main:lifespan:145 | ============================================================
2026-05-20 17:31:55.469 | INFO     | app.main:lifespan:146 | [STOP] 书房管理系统 正在关闭...
2026-05-20 17:31:55.469 | INFO     | app.main:lifespan:147 | ============================================================
2026-05-20 17:31:55.471 | INFO     | app.core.database:close_all_connections:373 | 同步连接已关闭
2026-05-20 17:31:55.471 | INFO     | app.main:lifespan:153 | [Shutdown] [OK] 已安全关闭
2026-05-20 17:31:55.472 | INFO     | app.main:lifespan:154 | ============================================================
2026-05-20 17:31:59.706 | INFO     | app.main:setup_logging:83 | 日志系统已初始化 | 文件: ./logs/app.log | 错误: logs\app.error.log
2026-05-20 17:31:59.706 | INFO     | app.main:lifespan:90 | ============================================================
2026-05-20 17:31:59.707 | INFO     | app.main:lifespan:91 | [START] 书房管理系统 v2.0.0 启动中...
2026-05-20 17:31:59.707 | INFO     | app.main:lifespan:92 | ============================================================
2026-05-20 17:31:59.708 | INFO     | app.core.config:validate_config_on_startup:730 | 目录已就绪: logs
2026-05-20 17:31:59.709 | INFO     | app.core.config:validate_config_on_startup:730 | 目录已就绪: cache\images
2026-05-20 17:31:59.710 | INFO     | app.core.config:validate_config_on_startup:730 | 目录已就绪: backups
2026-05-20 17:31:59.710 | INFO     | app.core.config:validate_config_on_startup:743 | ==================================================
2026-05-20 17:31:59.710 | INFO     | app.core.config:validate_config_on_startup:744 | 书房管理系统 v2.0.0
2026-05-20 17:31:59.710 | INFO     | app.core.config:validate_config_on_startup:745 | 运行模式: [DEV] 开发
2026-05-20 17:31:59.711 | INFO     | app.core.config:validate_config_on_startup:749 | 数据库: ./bookshelf.db
2026-05-20 17:31:59.711 | INFO     | app.core.config:validate_config_on_startup:750 | 豆瓣 Cookie: [INFO] 未配置（豆瓣同步功能不可用）
2026-05-20 17:31:59.711 | INFO     | app.core.config:validate_config_on_startup:754 | 图片缓存: [OK] 启用 | 目录: ./cache/images | 有效期: 7天
2026-05-20 17:31:59.712 | INFO     | app.core.config:validate_config_on_startup:760 | 日志: 级别=INFO | 文件=./logs/app.log | 轮转=10 MB | 保留=7 days
2026-05-20 17:31:59.712 | INFO     | app.core.config:validate_config_on_startup:766 | ==================================================
2026-05-20 17:31:59.723 | INFO     | app.core.database:init_db:260 | 表创建完成 (9 张表)
2026-05-20 17:31:59.724 | INFO     | app.main:lifespan:98 | [Startup] [OK] 数据库表初始化完成
2026-05-20 17:31:59.775 | INFO     | app.core.seed:seed_database:56 | 数据库已有数据，跳过种子初始化
2026-05-20 17:31:59.776 | INFO     | app.main:lifespan:106 | [Startup] [OK] 种子数据初始化完成
2026-05-20 17:31:59.776 | INFO     | app.main:lifespan:112 | [Startup] [OK] http://0.0.0.0:8000 | /docs | /health
2026-05-20 17:31:59.776 | INFO     | app.main:lifespan:113 | ============================================================
2026-05-20 17:31:59.777 | INFO     | app.main:lifespan:119 | [Startup] 封面缓存清理任务已启动
2026-05-20 17:31:59.777 | INFO     | app.main:lifespan:125 | [Startup] 自动备份任务已启动 (间隔: 24h)
2026-05-20 17:32:13.626 | INFO     | app.main:lifespan:145 | ============================================================
2026-05-20 17:32:13.627 | INFO     | app.main:lifespan:146 | [STOP] 书房管理系统 正在关闭...
2026-05-20 17:32:13.627 | INFO     | app.main:lifespan:147 | ============================================================
2026-05-20 17:32:13.628 | INFO     | app.core.database:close_all_connections:373 | 同步连接已关闭
2026-05-20 17:32:13.628 | INFO     | app.main:lifespan:153 | [Shutdown] [OK] 已安全关闭
2026-05-20 17:32:13.629 | INFO     | app.main:lifespan:154 | ============================================================
2026-05-20 17:32:17.385 | INFO     | app.main:setup_logging:83 | 日志系统已初始化 | 文件: ./logs/app.log | 错误: logs\app.error.log
2026-05-20 17:32:17.385 | INFO     | app.main:lifespan:90 | ============================================================
2026-05-20 17:32:17.386 | INFO     | app.main:lifespan:91 | [START] 书房管理系统 v2.0.0 启动中...
2026-05-20 17:32:17.386 | INFO     | app.main:lifespan:92 | ============================================================
2026-05-20 17:32:17.387 | INFO     | app.core.config:validate_config_on_startup:730 | 目录已就绪: logs
2026-05-20 17:32:17.388 | INFO     | app.core.config:validate_config_on_startup:730 | 目录已就绪: cache\images
2026-05-20 17:32:17.388 | INFO     | app.core.config:validate_config_on_startup:730 | 目录已就绪: backups
2026-05-20 17:32:17.389 | INFO     | app.core.config:validate_config_on_startup:743 | ==================================================
2026-05-20 17:32:17.389 | INFO     | app.core.config:validate_config_on_startup:744 | 书房管理系统 v2.0.0
2026-05-20 17:32:17.389 | INFO     | app.core.config:validate_config_on_startup:745 | 运行模式: [DEV] 开发
2026-05-20 17:32:17.389 | INFO     | app.core.config:validate_config_on_startup:749 | 数据库: ./bookshelf.db
2026-05-20 17:32:17.390 | INFO     | app.core.config:validate_config_on_startup:750 | 豆瓣 Cookie: [INFO] 未配置（豆瓣同步功能不可用）
2026-05-20 17:32:17.390 | INFO     | app.core.config:validate_config_on_startup:754 | 图片缓存: [OK] 启用 | 目录: ./cache/images | 有效期: 7天
2026-05-20 17:32:17.390 | INFO     | app.core.config:validate_config_on_startup:760 | 日志: 级别=INFO | 文件=./logs/app.log | 轮转=10 MB | 保留=7 days
2026-05-20 17:32:17.391 | INFO     | app.core.config:validate_config_on_startup:766 | ==================================================
2026-05-20 17:32:17.395 | INFO     | app.core.database:init_db:260 | 表创建完成 (9 张表)
2026-05-20 17:32:17.396 | INFO     | app.main:lifespan:98 | [Startup] [OK] 数据库表初始化完成
2026-05-20 17:32:17.451 | INFO     | app.core.seed:seed_database:56 | 数据库已有数据，跳过种子初始化
2026-05-20 17:32:17.452 | INFO     | app.main:lifespan:106 | [Startup] [OK] 种子数据初始化完成
2026-05-20 17:32:17.453 | INFO     | app.main:lifespan:112 | [Startup] [OK] http://0.0.0.0:8000 | /docs | /health
2026-05-20 17:32:17.453 | INFO     | app.main:lifespan:113 | ============================================================
2026-05-20 17:32:17.454 | INFO     | app.main:lifespan:119 | [Startup] 封面缓存清理任务已启动
2026-05-20 17:32:17.454 | INFO     | app.main:lifespan:125 | [Startup] 自动备份任务已启动 (间隔: 24h)
2026-05-20 17:37:17.504 | INFO     | app.services.backup_service:create_backup:200 | 备份已创建: backup_20260520_173717.backup | 大小: 107.5 KB | 表数: 9 | 总行数: 156
2026-05-20 17:55:52.646 | INFO     | app.main:lifespan:145 | ============================================================
2026-05-20 17:55:52.647 | INFO     | app.main:lifespan:146 | [STOP] 书房管理系统 正在关闭...
2026-05-20 17:55:52.648 | INFO     | app.main:lifespan:147 | ============================================================
2026-05-20 17:55:52.652 | INFO     | app.core.database:close_all_connections:373 | 同步连接已关闭
2026-05-20 17:55:52.655 | INFO     | app.main:lifespan:153 | [Shutdown] [OK] 已安全关闭
2026-05-20 17:55:52.655 | INFO     | app.main:lifespan:154 | ============================================================
2026-05-20 17:55:57.607 | INFO     | app.main:setup_logging:83 | 日志系统已初始化 | 文件: ./logs/app.log | 错误: logs\app.error.log
2026-05-20 17:55:57.609 | INFO     | app.main:lifespan:90 | ============================================================
2026-05-20 17:55:57.609 | INFO     | app.main:lifespan:91 | [START] 书房管理系统 v2.0.0 启动中...
2026-05-20 17:55:57.610 | INFO     | app.main:lifespan:92 | ============================================================
2026-05-20 17:55:57.611 | INFO     | app.core.config:validate_config_on_startup:730 | 目录已就绪: logs
2026-05-20 17:55:57.612 | INFO     | app.core.config:validate_config_on_startup:730 | 目录已就绪: cache\images
2026-05-20 17:55:57.613 | INFO     | app.core.config:validate_config_on_startup:730 | 目录已就绪: backups
2026-05-20 17:55:57.613 | INFO     | app.core.config:validate_config_on_startup:743 | ==================================================
2026-05-20 17:55:57.614 | INFO     | app.core.config:validate_config_on_startup:744 | 书房管理系统 v2.0.0
2026-05-20 17:55:57.614 | INFO     | app.core.config:validate_config_on_startup:745 | 运行模式: [DEV] 开发
2026-05-20 17:55:57.615 | INFO     | app.core.config:validate_config_on_startup:749 | 数据库: ./bookshelf.db
2026-05-20 17:55:57.615 | INFO     | app.core.config:validate_config_on_startup:750 | 豆瓣 Cookie: [INFO] 未配置（豆瓣同步功能不可用）
2026-05-20 17:55:57.615 | INFO     | app.core.config:validate_config_on_startup:754 | 图片缓存: [OK] 启用 | 目录: ./cache/images | 有效期: 7天
2026-05-20 17:55:57.616 | INFO     | app.core.config:validate_config_on_startup:760 | 日志: 级别=INFO | 文件=./logs/app.log | 轮转=10 MB | 保留=7 days
2026-05-20 17:55:57.616 | INFO     | app.core.config:validate_config_on_startup:766 | ==================================================
2026-05-20 17:55:57.625 | INFO     | app.core.database:init_db:260 | 表创建完成 (9 张表)
2026-05-20 17:55:57.625 | INFO     | app.main:lifespan:98 | [Startup] [OK] 数据库表初始化完成
2026-05-20 17:55:57.698 | INFO     | app.core.seed:seed_database:56 | 数据库已有数据，跳过种子初始化
2026-05-20 17:55:57.699 | INFO     | app.main:lifespan:106 | [Startup] [OK] 种子数据初始化完成
2026-05-20 17:55:57.699 | INFO     | app.main:lifespan:112 | [Startup] [OK] http://0.0.0.0:8000 | /docs | /health
2026-05-20 17:55:57.700 | INFO     | app.main:lifespan:113 | ============================================================
2026-05-20 17:55:57.700 | INFO     | app.main:lifespan:119 | [Startup] 封面缓存清理任务已启动
2026-05-20 17:55:57.701 | INFO     | app.main:lifespan:125 | [Startup] 自动备份任务已启动 (间隔: 24h)
2026-05-20 17:56:45.920 | INFO     | app.main:lifespan:145 | ============================================================
2026-05-20 17:56:45.920 | INFO     | app.main:lifespan:146 | [STOP] 书房管理系统 正在关闭...
2026-05-20 17:56:45.920 | INFO     | app.main:lifespan:147 | ============================================================
2026-05-20 17:56:45.921 | INFO     | app.core.database:close_all_connections:373 | 同步连接已关闭
2026-05-20 17:56:45.922 | INFO     | app.main:lifespan:153 | [Shutdown] [OK] 已安全关闭
2026-05-20 17:56:45.922 | INFO     | app.main:lifespan:154 | ============================================================
2026-05-20 17:56:50.151 | INFO     | app.main:setup_logging:83 | 日志系统已初始化 | 文件: ./logs/app.log | 错误: logs\app.error.log
2026-05-20 17:56:50.152 | INFO     | app.main:lifespan:90 | ============================================================
2026-05-20 17:56:50.153 | INFO     | app.main:lifespan:91 | [START] 书房管理系统 v2.0.0 启动中...
2026-05-20 17:56:50.153 | INFO     | app.main:lifespan:92 | ============================================================
2026-05-20 17:56:50.155 | INFO     | app.core.config:validate_config_on_startup:730 | 目录已就绪: logs
2026-05-20 17:56:50.156 | INFO     | app.core.config:validate_config_on_startup:730 | 目录已就绪: cache\images
2026-05-20 17:56:50.157 | INFO     | app.core.config:validate_config_on_startup:730 | 目录已就绪: backups
2026-05-20 17:56:50.157 | INFO     | app.core.config:validate_config_on_startup:743 | ==================================================
2026-05-20 17:56:50.158 | INFO     | app.core.config:validate_config_on_startup:744 | 书房管理系统 v2.0.0
2026-05-20 17:56:50.158 | INFO     | app.core.config:validate_config_on_startup:745 | 运行模式: [DEV] 开发
2026-05-20 17:56:50.159 | INFO     | app.core.config:validate_config_on_startup:749 | 数据库: ./bookshelf.db
2026-05-20 17:56:50.159 | INFO     | app.core.config:validate_config_on_startup:750 | 豆瓣 Cookie: [INFO] 未配置（豆瓣同步功能不可用）
2026-05-20 17:56:50.160 | INFO     | app.core.config:validate_config_on_startup:754 | 图片缓存: [OK] 启用 | 目录: ./cache/images | 有效期: 7天
2026-05-20 17:56:50.160 | INFO     | app.core.config:validate_config_on_startup:760 | 日志: 级别=INFO | 文件=./logs/app.log | 轮转=10 MB | 保留=7 days
2026-05-20 17:56:50.161 | INFO     | app.core.config:validate_config_on_startup:766 | ==================================================
2026-05-20 17:56:50.169 | INFO     | app.core.database:init_db:260 | 表创建完成 (9 张表)
2026-05-20 17:56:50.169 | INFO     | app.main:lifespan:98 | [Startup] [OK] 数据库表初始化完成
2026-05-20 17:56:50.298 | INFO     | app.core.seed:seed_database:56 | 数据库已有数据，跳过种子初始化
2026-05-20 17:56:50.299 | INFO     | app.main:lifespan:106 | [Startup] [OK] 种子数据初始化完成
2026-05-20 17:56:50.299 | INFO     | app.main:lifespan:112 | [Startup] [OK] http://0.0.0.0:8000 | /docs | /health
2026-05-20 17:56:50.300 | INFO     | app.main:lifespan:113 | ============================================================
2026-05-20 17:56:50.300 | INFO     | app.main:lifespan:119 | [Startup] 封面缓存清理任务已启动
2026-05-20 17:56:50.301 | INFO     | app.main:lifespan:125 | [Startup] 自动备份任务已启动 (间隔: 24h)
2026-05-20 17:57:42.465 | INFO     | app.main:lifespan:145 | ============================================================
2026-05-20 17:57:42.465 | INFO     | app.main:lifespan:146 | [STOP] 书房管理系统 正在关闭...
2026-05-20 17:57:42.467 | INFO     | app.main:lifespan:147 | ============================================================
2026-05-20 17:57:42.471 | INFO     | app.core.database:close_all_connections:373 | 同步连接已关闭
2026-05-20 17:57:42.472 | INFO     | app.main:lifespan:153 | [Shutdown] [OK] 已安全关闭
2026-05-20 17:57:42.473 | INFO     | app.main:lifespan:154 | ============================================================
2026-05-20 17:57:48.218 | INFO     | app.main:setup_logging:83 | 日志系统已初始化 | 文件: ./logs/app.log | 错误: logs\app.error.log
2026-05-20 17:57:48.219 | INFO     | app.main:lifespan:90 | ============================================================
2026-05-20 17:57:48.219 | INFO     | app.main:lifespan:91 | [START] 书房管理系统 v2.0.0 启动中...
2026-05-20 17:57:48.220 | INFO     | app.main:lifespan:92 | ============================================================
2026-05-20 17:57:48.221 | INFO     | app.core.config:validate_config_on_startup:730 | 目录已就绪: logs
2026-05-20 17:57:48.223 | INFO     | app.core.config:validate_config_on_startup:730 | 目录已就绪: cache\images
2026-05-20 17:57:48.224 | INFO     | app.core.config:validate_config_on_startup:730 | 目录已就绪: backups
2026-05-20 17:57:48.224 | INFO     | app.core.config:validate_config_on_startup:743 | ==================================================
2026-05-20 17:57:48.227 | INFO     | app.core.config:validate_config_on_startup:744 | 书房管理系统 v2.0.0
2026-05-20 17:57:48.228 | INFO     | app.core.config:validate_config_on_startup:745 | 运行模式: [DEV] 开发
2026-05-20 17:57:48.228 | INFO     | app.core.config:validate_config_on_startup:749 | 数据库: ./bookshelf.db
2026-05-20 17:57:48.229 | INFO     | app.core.config:validate_config_on_startup:750 | 豆瓣 Cookie: [INFO] 未配置（豆瓣同步功能不可用）
2026-05-20 17:57:48.229 | INFO     | app.core.config:validate_config_on_startup:754 | 图片缓存: [OK] 启用 | 目录: ./cache/images | 有效期: 7天
2026-05-20 17:57:48.230 | INFO     | app.core.config:validate_config_on_startup:760 | 日志: 级别=INFO | 文件=./logs/app.log | 轮转=10 MB | 保留=7 days
2026-05-20 17:57:48.230 | INFO     | app.core.config:validate_config_on_startup:766 | ==================================================
2026-05-20 17:57:48.238 | INFO     | app.core.database:init_db:260 | 表创建完成 (9 张表)
2026-05-20 17:57:48.239 | INFO     | app.main:lifespan:98 | [Startup] [OK] 数据库表初始化完成
2026-05-20 17:57:48.329 | INFO     | app.core.seed:seed_database:56 | 数据库已有数据，跳过种子初始化
2026-05-20 17:57:48.329 | INFO     | app.main:lifespan:106 | [Startup] [OK] 种子数据初始化完成
2026-05-20 17:57:48.330 | INFO     | app.main:lifespan:112 | [Startup] [OK] http://0.0.0.0:8000 | /docs | /health
2026-05-20 17:57:48.330 | INFO     | app.main:lifespan:113 | ============================================================
2026-05-20 17:57:48.330 | INFO     | app.main:lifespan:119 | [Startup] 封面缓存清理任务已启动
2026-05-20 17:57:48.331 | INFO     | app.main:lifespan:125 | [Startup] 自动备份任务已启动 (间隔: 24h)
2026-05-20 18:01:04.020 | INFO     | app.main:lifespan:145 | ============================================================
2026-05-20 18:01:04.021 | INFO     | app.main:lifespan:146 | [STOP] 书房管理系统 正在关闭...
2026-05-20 18:01:04.022 | INFO     | app.main:lifespan:147 | ============================================================
2026-05-20 18:01:04.023 | INFO     | app.core.database:close_all_connections:373 | 同步连接已关闭
2026-05-20 18:01:04.024 | INFO     | app.main:lifespan:153 | [Shutdown] [OK] 已安全关闭
2026-05-20 18:01:04.025 | INFO     | app.main:lifespan:154 | ============================================================
2026-05-20 18:01:08.490 | INFO     | app.main:setup_logging:83 | 日志系统已初始化 | 文件: ./logs/app.log | 错误: logs\app.error.log
2026-05-20 18:01:08.490 | INFO     | app.main:lifespan:90 | ============================================================
2026-05-20 18:01:08.491 | INFO     | app.main:lifespan:91 | [START] 书房管理系统 v2.0.0 启动中...
2026-05-20 18:01:08.491 | INFO     | app.main:lifespan:92 | ============================================================
2026-05-20 18:01:08.492 | INFO     | app.core.config:validate_config_on_startup:730 | 目录已就绪: logs
2026-05-20 18:01:08.492 | INFO     | app.core.config:validate_config_on_startup:730 | 目录已就绪: cache\images
2026-05-20 18:01:08.493 | INFO     | app.core.config:validate_config_on_startup:730 | 目录已就绪: backups
2026-05-20 18:01:08.493 | INFO     | app.core.config:validate_config_on_startup:743 | ==================================================
2026-05-20 18:01:08.494 | INFO     | app.core.config:validate_config_on_startup:744 | 书房管理系统 v2.0.0
2026-05-20 18:01:08.494 | INFO     | app.core.config:validate_config_on_startup:745 | 运行模式: [DEV] 开发
2026-05-20 18:01:08.495 | INFO     | app.core.config:validate_config_on_startup:749 | 数据库: ./bookshelf.db
2026-05-20 18:01:08.495 | INFO     | app.core.config:validate_config_on_startup:750 | 豆瓣 Cookie: [INFO] 未配置（豆瓣同步功能不可用）
2026-05-20 18:01:08.496 | INFO     | app.core.config:validate_config_on_startup:754 | 图片缓存: [OK] 启用 | 目录: ./cache/images | 有效期: 7天
2026-05-20 18:01:08.496 | INFO     | app.core.config:validate_config_on_startup:760 | 日志: 级别=INFO | 文件=./logs/app.log | 轮转=10 MB | 保留=7 days
2026-05-20 18:01:08.496 | INFO     | app.core.config:validate_config_on_startup:766 | ==================================================
2026-05-20 18:01:08.503 | INFO     | app.core.database:init_db:260 | 表创建完成 (9 张表)
2026-05-20 18:01:08.503 | INFO     | app.main:lifespan:98 | [Startup] [OK] 数据库表初始化完成
2026-05-20 18:01:08.560 | INFO     | app.core.seed:seed_database:56 | 数据库已有数据，跳过种子初始化
2026-05-20 18:01:08.560 | INFO     | app.main:lifespan:106 | [Startup] [OK] 种子数据初始化完成
2026-05-20 18:01:08.561 | INFO     | app.main:lifespan:112 | [Startup] [OK] http://0.0.0.0:8000 | /docs | /health
2026-05-20 18:01:08.561 | INFO     | app.main:lifespan:113 | ============================================================
2026-05-20 18:01:08.561 | INFO     | app.main:lifespan:119 | [Startup] 封面缓存清理任务已启动
2026-05-20 18:01:08.562 | INFO     | app.main:lifespan:125 | [Startup] 自动备份任务已启动 (间隔: 24h)
2026-05-20 18:02:00.410 | INFO     | app.main:lifespan:145 | ============================================================
2026-05-20 18:02:00.411 | INFO     | app.main:lifespan:146 | [STOP] 书房管理系统 正在关闭...
2026-05-20 18:02:00.411 | INFO     | app.main:lifespan:147 | ============================================================
2026-05-20 18:02:00.412 | INFO     | app.core.database:close_all_connections:373 | 同步连接已关闭
2026-05-20 18:02:00.412 | INFO     | app.main:lifespan:153 | [Shutdown] [OK] 已安全关闭
2026-05-20 18:02:00.413 | INFO     | app.main:lifespan:154 | ============================================================
2026-05-20 18:02:04.684 | INFO     | app.main:setup_logging:83 | 日志系统已初始化 | 文件: ./logs/app.log | 错误: logs\app.error.log
2026-05-20 18:02:04.684 | INFO     | app.main:lifespan:90 | ============================================================
2026-05-20 18:02:04.685 | INFO     | app.main:lifespan:91 | [START] 书房管理系统 v2.0.0 启动中...
2026-05-20 18:02:04.685 | INFO     | app.main:lifespan:92 | ============================================================
2026-05-20 18:02:04.686 | INFO     | app.core.config:validate_config_on_startup:730 | 目录已就绪: logs
2026-05-20 18:02:04.687 | INFO     | app.core.config:validate_config_on_startup:730 | 目录已就绪: cache\images
2026-05-20 18:02:04.688 | INFO     | app.core.config:validate_config_on_startup:730 | 目录已就绪: backups
2026-05-20 18:02:04.688 | INFO     | app.core.config:validate_config_on_startup:743 | ==================================================
2026-05-20 18:02:04.688 | INFO     | app.core.config:validate_config_on_startup:744 | 书房管理系统 v2.0.0
2026-05-20 18:02:04.689 | INFO     | app.core.config:validate_config_on_startup:745 | 运行模式: [DEV] 开发
2026-05-20 18:02:04.689 | INFO     | app.core.config:validate_config_on_startup:749 | 数据库: ./bookshelf.db
2026-05-20 18:02:04.689 | INFO     | app.core.config:validate_config_on_startup:750 | 豆瓣 Cookie: [INFO] 未配置（豆瓣同步功能不可用）
2026-05-20 18:02:04.690 | INFO     | app.core.config:validate_config_on_startup:754 | 图片缓存: [OK] 启用 | 目录: ./cache/images | 有效期: 7天
2026-05-20 18:02:04.690 | INFO     | app.core.config:validate_config_on_startup:760 | 日志: 级别=INFO | 文件=./logs/app.log | 轮转=10 MB | 保留=7 days
2026-05-20 18:02:04.690 | INFO     | app.core.config:validate_config_on_startup:766 | ==================================================
2026-05-20 18:02:04.696 | INFO     | app.core.database:init_db:260 | 表创建完成 (9 张表)
2026-05-20 18:02:04.696 | INFO     | app.main:lifespan:98 | [Startup] [OK] 数据库表初始化完成
2026-05-20 18:02:04.757 | INFO     | app.core.seed:seed_database:56 | 数据库已有数据，跳过种子初始化
2026-05-20 18:02:04.757 | INFO     | app.main:lifespan:106 | [Startup] [OK] 种子数据初始化完成
2026-05-20 18:02:04.758 | INFO     | app.main:lifespan:112 | [Startup] [OK] http://0.0.0.0:8000 | /docs | /health
2026-05-20 18:02:04.758 | INFO     | app.main:lifespan:113 | ============================================================
2026-05-20 18:02:04.759 | INFO     | app.main:lifespan:119 | [Startup] 封面缓存清理任务已启动
2026-05-20 18:02:04.759 | INFO     | app.main:lifespan:125 | [Startup] 自动备份任务已启动 (间隔: 24h)
2026-05-20 18:03:39.704 | INFO     | app.main:lifespan:145 | ============================================================
2026-05-20 18:03:39.704 | INFO     | app.main:lifespan:146 | [STOP] 书房管理系统 正在关闭...
2026-05-20 18:03:39.705 | INFO     | app.main:lifespan:147 | ============================================================
2026-05-20 18:03:39.706 | INFO     | app.core.database:close_all_connections:373 | 同步连接已关闭
2026-05-20 18:03:39.706 | INFO     | app.main:lifespan:153 | [Shutdown] [OK] 已安全关闭
2026-05-20 18:03:39.707 | INFO     | app.main:lifespan:154 | ============================================================
2026-05-20 18:03:44.556 | INFO     | app.main:setup_logging:83 | 日志系统已初始化 | 文件: ./logs/app.log | 错误: logs\app.error.log
2026-05-20 18:03:44.556 | INFO     | app.main:lifespan:90 | ============================================================
2026-05-20 18:03:44.556 | INFO     | app.main:lifespan:91 | [START] 书房管理系统 v2.0.0 启动中...
2026-05-20 18:03:44.557 | INFO     | app.main:lifespan:92 | ============================================================
2026-05-20 18:03:44.558 | INFO     | app.core.config:validate_config_on_startup:730 | 目录已就绪: logs
2026-05-20 18:03:44.558 | INFO     | app.core.config:validate_config_on_startup:730 | 目录已就绪: cache\images
2026-05-20 18:03:44.559 | INFO     | app.core.config:validate_config_on_startup:730 | 目录已就绪: backups
2026-05-20 18:03:44.559 | INFO     | app.core.config:validate_config_on_startup:743 | ==================================================
2026-05-20 18:03:44.560 | INFO     | app.core.config:validate_config_on_startup:744 | 书房管理系统 v2.0.0
2026-05-20 18:03:44.560 | INFO     | app.core.config:validate_config_on_startup:745 | 运行模式: [DEV] 开发
2026-05-20 18:03:44.560 | INFO     | app.core.config:validate_config_on_startup:749 | 数据库: ./bookshelf.db
2026-05-20 18:03:44.561 | INFO     | app.core.config:validate_config_on_startup:750 | 豆瓣 Cookie: [INFO] 未配置（豆瓣同步功能不可用）
2026-05-20 18:03:44.561 | INFO     | app.core.config:validate_config_on_startup:754 | 图片缓存: [OK] 启用 | 目录: ./cache/images | 有效期: 7天
2026-05-20 18:03:44.562 | INFO     | app.core.config:validate_config_on_startup:760 | 日志: 级别=INFO | 文件=./logs/app.log | 轮转=10 MB | 保留=7 days
2026-05-20 18:03:44.562 | INFO     | app.core.config:validate_config_on_startup:766 | ==================================================
2026-05-20 18:03:44.567 | INFO     | app.core.database:init_db:260 | 表创建完成 (9 张表)
2026-05-20 18:03:44.567 | INFO     | app.main:lifespan:98 | [Startup] [OK] 数据库表初始化完成
2026-05-20 18:03:44.619 | INFO     | app.core.seed:seed_database:56 | 数据库已有数据，跳过种子初始化
2026-05-20 18:03:44.619 | INFO     | app.main:lifespan:106 | [Startup] [OK] 种子数据初始化完成
2026-05-20 18:03:44.620 | INFO     | app.main:lifespan:112 | [Startup] [OK] http://0.0.0.0:8000 | /docs | /health
2026-05-20 18:03:44.620 | INFO     | app.main:lifespan:113 | ============================================================
2026-05-20 18:03:44.621 | INFO     | app.main:lifespan:119 | [Startup] 封面缓存清理任务已启动
2026-05-20 18:03:44.621 | INFO     | app.main:lifespan:125 | [Startup] 自动备份任务已启动 (间隔: 24h)
2026-05-20 18:04:40.565 | INFO     | app.main:lifespan:145 | ============================================================
2026-05-20 18:04:40.565 | INFO     | app.main:lifespan:146 | [STOP] 书房管理系统 正在关闭...
2026-05-20 18:04:40.565 | INFO     | app.main:lifespan:147 | ============================================================
2026-05-20 18:04:40.567 | INFO     | app.core.database:close_all_connections:373 | 同步连接已关闭
2026-05-20 18:04:40.567 | INFO     | app.main:lifespan:153 | [Shutdown] [OK] 已安全关闭
2026-05-20 18:04:40.567 | INFO     | app.main:lifespan:154 | ============================================================
2026-05-20 18:04:45.771 | INFO     | app.main:setup_logging:83 | 日志系统已初始化 | 文件: ./logs/app.log | 错误: logs\app.error.log
2026-05-20 18:04:45.771 | INFO     | app.main:lifespan:90 | ============================================================
2026-05-20 18:04:45.772 | INFO     | app.main:lifespan:91 | [START] 书房管理系统 v2.0.0 启动中...
2026-05-20 18:04:45.772 | INFO     | app.main:lifespan:92 | ============================================================
2026-05-20 18:04:45.773 | INFO     | app.core.config:validate_config_on_startup:730 | 目录已就绪: logs
2026-05-20 18:04:45.773 | INFO     | app.core.config:validate_config_on_startup:730 | 目录已就绪: cache\images
2026-05-20 18:04:45.774 | INFO     | app.core.config:validate_config_on_startup:730 | 目录已就绪: backups
2026-05-20 18:04:45.774 | INFO     | app.core.config:validate_config_on_startup:743 | ==================================================
2026-05-20 18:04:45.775 | INFO     | app.core.config:validate_config_on_startup:744 | 书房管理系统 v2.0.0
2026-05-20 18:04:45.775 | INFO     | app.core.config:validate_config_on_startup:745 | 运行模式: [DEV] 开发
2026-05-20 18:04:45.775 | INFO     | app.core.config:validate_config_on_startup:749 | 数据库: ./bookshelf.db
2026-05-20 18:04:45.776 | INFO     | app.core.config:validate_config_on_startup:750 | 豆瓣 Cookie: [INFO] 未配置（豆瓣同步功能不可用）
2026-05-20 18:04:45.776 | INFO     | app.core.config:validate_config_on_startup:754 | 图片缓存: [OK] 启用 | 目录: ./cache/images | 有效期: 7天
2026-05-20 18:04:45.776 | INFO     | app.core.config:validate_config_on_startup:760 | 日志: 级别=INFO | 文件=./logs/app.log | 轮转=10 MB | 保留=7 days
2026-05-20 18:04:45.777 | INFO     | app.core.config:validate_config_on_startup:766 | ==================================================
2026-05-20 18:04:45.782 | INFO     | app.core.database:init_db:260 | 表创建完成 (9 张表)
2026-05-20 18:04:45.782 | INFO     | app.main:lifespan:98 | [Startup] [OK] 数据库表初始化完成
2026-05-20 18:04:45.848 | INFO     | app.core.seed:seed_database:56 | 数据库已有数据，跳过种子初始化
2026-05-20 18:04:45.848 | INFO     | app.main:lifespan:106 | [Startup] [OK] 种子数据初始化完成
2026-05-20 18:04:45.849 | INFO     | app.main:lifespan:112 | [Startup] [OK] http://0.0.0.0:8000 | /docs | /health
2026-05-20 18:04:45.849 | INFO     | app.main:lifespan:113 | ============================================================
2026-05-20 18:04:45.850 | INFO     | app.main:lifespan:119 | [Startup] 封面缓存清理任务已启动
2026-05-20 18:04:45.850 | INFO     | app.main:lifespan:125 | [Startup] 自动备份任务已启动 (间隔: 24h)
2026-05-20 18:09:45.886 | INFO     | app.services.backup_service:create_backup:200 | 备份已创建: backup_20260520_180945.backup | 大小: 109.1 KB | 表数: 9 | 总行数: 159
2026-05-20 18:09:46.022 | WARNING  | app.services.backup_service:sync_to_webdav:700 | WebDAV 同步失败 [backup_20260520_180945.backup]: HTTP 401
2026-05-20 18:43:13.335 | INFO     | app.services.douban_service:search_by_isbn:372 | [OK] [直链访问] 获取成功: 9787544291163 -> 白夜行
2026-05-20 18:48:25.758 | INFO     | app.services.douban_service:search_by_isbn:372 | [OK] [直链访问] 获取成功: 9787544270878 -> 解忧杂货店
2026-05-20 19:23:54.652 | INFO     | app.main:lifespan:145 | ============================================================
2026-05-20 19:23:54.680 | INFO     | app.main:lifespan:146 | [STOP] 书房管理系统 正在关闭...
2026-05-20 19:23:54.684 | INFO     | app.main:lifespan:147 | ============================================================
2026-05-20 19:23:54.766 | INFO     | app.core.database:close_all_connections:373 | 同步连接已关闭
2026-05-20 19:23:54.775 | INFO     | app.main:lifespan:153 | [Shutdown] [OK] 已安全关闭
2026-05-20 19:23:54.777 | INFO     | app.main:lifespan:154 | ============================================================
2026-05-20 19:24:03.065 | INFO     | app.main:setup_logging:83 | 日志系统已初始化 | 文件: ./logs/app.log | 错误: logs\app.error.log
2026-05-20 19:24:03.066 | INFO     | app.main:lifespan:90 | ============================================================
2026-05-20 19:24:03.067 | INFO     | app.main:lifespan:91 | [START] 书房管理系统 v2.0.0 启动中...
2026-05-20 19:24:03.067 | INFO     | app.main:lifespan:92 | ============================================================
2026-05-20 19:24:03.069 | INFO     | app.core.config:validate_config_on_startup:730 | 目录已就绪: logs
2026-05-20 19:24:03.070 | INFO     | app.core.config:validate_config_on_startup:730 | 目录已就绪: cache\images
2026-05-20 19:24:03.071 | INFO     | app.core.config:validate_config_on_startup:730 | 目录已就绪: backups
2026-05-20 19:24:03.072 | INFO     | app.core.config:validate_config_on_startup:743 | ==================================================
2026-05-20 19:24:03.073 | INFO     | app.core.config:validate_config_on_startup:744 | 书房管理系统 v2.0.0
2026-05-20 19:24:03.073 | INFO     | app.core.config:validate_config_on_startup:745 | 运行模式: [DEV] 开发
2026-05-20 19:24:03.074 | INFO     | app.core.config:validate_config_on_startup:749 | 数据库: ./bookshelf.db
2026-05-20 19:24:03.075 | INFO     | app.core.config:validate_config_on_startup:750 | 豆瓣 Cookie: [INFO] 未配置（豆瓣同步功能不可用）
2026-05-20 19:24:03.075 | INFO     | app.core.config:validate_config_on_startup:754 | 图片缓存: [OK] 启用 | 目录: ./cache/images | 有效期: 7天
2026-05-20 19:24:03.076 | INFO     | app.core.config:validate_config_on_startup:760 | 日志: 级别=INFO | 文件=./logs/app.log | 轮转=10 MB | 保留=7 days
2026-05-20 19:24:03.076 | INFO     | app.core.config:validate_config_on_startup:766 | ==================================================
2026-05-20 19:24:03.089 | INFO     | app.core.database:init_db:260 | 表创建完成 (9 张表)
2026-05-20 19:24:03.089 | INFO     | app.main:lifespan:98 | [Startup] [OK] 数据库表初始化完成
2026-05-20 19:24:03.186 | INFO     | app.core.seed:seed_database:56 | 数据库已有数据，跳过种子初始化
2026-05-20 19:24:03.187 | INFO     | app.main:lifespan:106 | [Startup] [OK] 种子数据初始化完成
2026-05-20 19:24:03.188 | INFO     | app.main:lifespan:112 | [Startup] [OK] http://0.0.0.0:8000 | /docs | /health
2026-05-20 19:24:03.189 | INFO     | app.main:lifespan:113 | ============================================================
2026-05-20 19:24:03.189 | INFO     | app.main:lifespan:119 | [Startup] 封面缓存清理任务已启动
2026-05-20 19:24:03.190 | INFO     | app.main:lifespan:125 | [Startup] 自动备份任务已启动 (间隔: 24h)
2026-05-20 19:28:43.980 | INFO     | app.services.douban_service:search_by_isbn:372 | [OK] [直链访问] 获取成功: 9787544291163 -> 白夜行
2026-05-20 19:29:03.251 | INFO     | app.services.backup_service:create_backup:200 | 备份已创建: backup_20260520_192903.backup | 大小: 109.8 KB | 表数: 9 | 总行数: 160
2026-05-20 19:31:27.029 | INFO     | app.main:lifespan:145 | ============================================================
2026-05-20 19:31:27.030 | INFO     | app.main:lifespan:146 | [STOP] 书房管理系统 正在关闭...
2026-05-20 19:31:27.031 | INFO     | app.main:lifespan:147 | ============================================================
2026-05-20 19:31:27.033 | INFO     | app.core.database:close_all_connections:373 | 同步连接已关闭
2026-05-20 19:31:27.034 | INFO     | app.main:lifespan:153 | [Shutdown] [OK] 已安全关闭
2026-05-20 19:31:27.034 | INFO     | app.main:lifespan:154 | ============================================================
2026-05-20 19:31:32.303 | INFO     | app.main:setup_logging:83 | 日志系统已初始化 | 文件: ./logs/app.log | 错误: logs\app.error.log
2026-05-20 19:31:32.304 | INFO     | app.main:lifespan:90 | ============================================================
2026-05-20 19:31:32.305 | INFO     | app.main:lifespan:91 | [START] 书房管理系统 v2.0.0 启动中...
2026-05-20 19:31:32.305 | INFO     | app.main:lifespan:92 | ============================================================
2026-05-20 19:31:32.306 | INFO     | app.core.config:validate_config_on_startup:730 | 目录已就绪: logs
2026-05-20 19:31:32.307 | INFO     | app.core.config:validate_config_on_startup:730 | 目录已就绪: cache\images
2026-05-20 19:31:32.308 | INFO     | app.core.config:validate_config_on_startup:730 | 目录已就绪: backups
2026-05-20 19:31:32.309 | INFO     | app.core.config:validate_config_on_startup:743 | ==================================================
2026-05-20 19:31:32.309 | INFO     | app.core.config:validate_config_on_startup:744 | 书房管理系统 v2.0.0
2026-05-20 19:31:32.310 | INFO     | app.core.config:validate_config_on_startup:745 | 运行模式: [DEV] 开发
2026-05-20 19:31:32.310 | INFO     | app.core.config:validate_config_on_startup:749 | 数据库: ./bookshelf.db
2026-05-20 19:31:32.310 | INFO     | app.core.config:validate_config_on_startup:750 | 豆瓣 Cookie: [INFO] 未配置（豆瓣同步功能不可用）
2026-05-20 19:31:32.311 | INFO     | app.core.config:validate_config_on_startup:754 | 图片缓存: [OK] 启用 | 目录: ./cache/images | 有效期: 7天
2026-05-20 19:31:32.311 | INFO     | app.core.config:validate_config_on_startup:760 | 日志: 级别=INFO | 文件=./logs/app.log | 轮转=10 MB | 保留=7 days
2026-05-20 19:31:32.312 | INFO     | app.core.config:validate_config_on_startup:766 | ==================================================
2026-05-20 19:31:32.319 | INFO     | app.core.database:init_db:260 | 表创建完成 (9 张表)
2026-05-20 19:31:32.320 | INFO     | app.main:lifespan:98 | [Startup] [OK] 数据库表初始化完成
2026-05-20 19:31:32.409 | INFO     | app.core.seed:seed_database:56 | 数据库已有数据，跳过种子初始化
2026-05-20 19:31:32.409 | INFO     | app.main:lifespan:106 | [Startup] [OK] 种子数据初始化完成
2026-05-20 19:31:32.410 | INFO     | app.main:lifespan:112 | [Startup] [OK] http://0.0.0.0:8000 | /docs | /health
2026-05-20 19:31:32.410 | INFO     | app.main:lifespan:113 | ============================================================
2026-05-20 19:31:32.411 | INFO     | app.main:lifespan:119 | [Startup] 封面缓存清理任务已启动
2026-05-20 19:31:32.412 | INFO     | app.main:lifespan:125 | [Startup] 自动备份任务已启动 (间隔: 24h)
2026-05-20 19:32:50.401 | INFO     | app.main:lifespan:145 | ============================================================
2026-05-20 19:32:50.401 | INFO     | app.main:lifespan:146 | [STOP] 书房管理系统 正在关闭...
2026-05-20 19:32:50.402 | INFO     | app.main:lifespan:147 | ============================================================
2026-05-20 19:32:50.403 | INFO     | app.core.database:close_all_connections:373 | 同步连接已关闭
2026-05-20 19:32:50.403 | INFO     | app.main:lifespan:153 | [Shutdown] [OK] 已安全关闭
2026-05-20 19:32:50.403 | INFO     | app.main:lifespan:154 | ============================================================
2026-05-20 19:33:23.038 | INFO     | app.main:setup_logging:83 | 日志系统已初始化 | 文件: ./logs/app.log | 错误: logs\app.error.log
2026-05-20 19:33:23.039 | INFO     | app.main:lifespan:90 | ============================================================
2026-05-20 19:33:23.040 | INFO     | app.main:lifespan:91 | [START] 书房管理系统 v2.0.0 启动中...
2026-05-20 19:33:23.040 | INFO     | app.main:lifespan:92 | ============================================================
2026-05-20 19:33:23.042 | INFO     | app.core.config:validate_config_on_startup:730 | 目录已就绪: logs
2026-05-20 19:33:23.043 | INFO     | app.core.config:validate_config_on_startup:730 | 目录已就绪: cache\images
2026-05-20 19:33:23.044 | INFO     | app.core.config:validate_config_on_startup:730 | 目录已就绪: backups
2026-05-20 19:33:23.045 | INFO     | app.core.config:validate_config_on_startup:743 | ==================================================
2026-05-20 19:33:23.045 | INFO     | app.core.config:validate_config_on_startup:744 | 书房管理系统 v2.0.0
2026-05-20 19:33:23.046 | INFO     | app.core.config:validate_config_on_startup:745 | 运行模式: [DEV] 开发
2026-05-20 19:33:23.047 | INFO     | app.core.config:validate_config_on_startup:749 | 数据库: ./bookshelf.db
2026-05-20 19:33:23.047 | INFO     | app.core.config:validate_config_on_startup:750 | 豆瓣 Cookie: [INFO] 未配置（豆瓣同步功能不可用）
2026-05-20 19:33:23.048 | INFO     | app.core.config:validate_config_on_startup:754 | 图片缓存: [OK] 启用 | 目录: ./cache/images | 有效期: 7天
2026-05-20 19:33:23.048 | INFO     | app.core.config:validate_config_on_startup:760 | 日志: 级别=INFO | 文件=./logs/app.log | 轮转=10 MB | 保留=7 days
2026-05-20 19:33:23.049 | INFO     | app.core.config:validate_config_on_startup:766 | ==================================================
2026-05-20 19:33:23.073 | INFO     | app.core.database:init_db:260 | 表创建完成 (9 张表)
2026-05-20 19:33:23.074 | INFO     | app.main:lifespan:98 | [Startup] [OK] 数据库表初始化完成
2026-05-20 19:33:23.146 | INFO     | app.core.seed:seed_database:56 | 数据库已有数据，跳过种子初始化
2026-05-20 19:33:23.147 | INFO     | app.main:lifespan:106 | [Startup] [OK] 种子数据初始化完成
2026-05-20 19:33:23.147 | INFO     | app.main:lifespan:112 | [Startup] [OK] http://0.0.0.0:8000 | /docs | /health
2026-05-20 19:33:23.148 | INFO     | app.main:lifespan:113 | ============================================================
2026-05-20 19:33:23.148 | INFO     | app.main:lifespan:119 | [Startup] 封面缓存清理任务已启动
2026-05-20 19:33:23.149 | INFO     | app.main:lifespan:125 | [Startup] 自动备份任务已启动 (间隔: 24h)
2026-05-20 19:38:23.185 | INFO     | app.services.backup_service:create_backup:200 | 备份已创建: backup_20260520_193823.backup | 大小: 110.5 KB | 表数: 9 | 总行数: 161
2026-05-20 19:40:15.822 | INFO     | app.main:lifespan:145 | ============================================================
2026-05-20 19:40:15.823 | INFO     | app.main:lifespan:146 | [STOP] 书房管理系统 正在关闭...
2026-05-20 19:40:15.823 | INFO     | app.main:lifespan:147 | ============================================================
2026-05-20 19:40:15.827 | INFO     | app.core.database:close_all_connections:373 | 同步连接已关闭
2026-05-20 19:40:15.827 | INFO     | app.main:lifespan:153 | [Shutdown] [OK] 已安全关闭
2026-05-20 19:40:15.828 | INFO     | app.main:lifespan:154 | ============================================================
2026-05-20 19:41:41.829 | INFO     | app.main:setup_logging:83 | 日志系统已初始化 | 文件: ./logs/app.log | 错误: logs\app.error.log
2026-05-20 19:41:41.830 | INFO     | app.main:lifespan:90 | ============================================================
2026-05-20 19:41:41.831 | INFO     | app.main:lifespan:91 | [START] 书房管理系统 v2.0.0 启动中...
2026-05-20 19:41:41.831 | INFO     | app.main:lifespan:92 | ============================================================
2026-05-20 19:41:41.832 | INFO     | app.core.config:validate_config_on_startup:730 | 目录已就绪: logs
2026-05-20 19:41:41.832 | INFO     | app.core.config:validate_config_on_startup:730 | 目录已就绪: cache\images
2026-05-20 19:41:41.833 | INFO     | app.core.config:validate_config_on_startup:730 | 目录已就绪: backups
2026-05-20 19:41:41.834 | INFO     | app.core.config:validate_config_on_startup:743 | ==================================================
2026-05-20 19:41:41.834 | INFO     | app.core.config:validate_config_on_startup:744 | 书房管理系统 v2.0.0
2026-05-20 19:41:41.834 | INFO     | app.core.config:validate_config_on_startup:745 | 运行模式: [DEV] 开发
2026-05-20 19:41:41.834 | INFO     | app.core.config:validate_config_on_startup:749 | 数据库: ./bookshelf.db
2026-05-20 19:41:41.835 | INFO     | app.core.config:validate_config_on_startup:750 | 豆瓣 Cookie: [INFO] 未配置（豆瓣同步功能不可用）
2026-05-20 19:41:41.836 | INFO     | app.core.config:validate_config_on_startup:754 | 图片缓存: [OK] 启用 | 目录: ./cache/images | 有效期: 7天
2026-05-20 19:41:41.836 | INFO     | app.core.config:validate_config_on_startup:760 | 日志: 级别=INFO | 文件=./logs/app.log | 轮转=10 MB | 保留=7 days
2026-05-20 19:41:41.836 | INFO     | app.core.config:validate_config_on_startup:766 | ==================================================
2026-05-20 19:41:41.856 | INFO     | app.core.database:init_db:260 | 表创建完成 (9 张表)
2026-05-20 19:41:41.857 | INFO     | app.main:lifespan:98 | [Startup] [OK] 数据库表初始化完成
2026-05-20 19:41:41.943 | INFO     | app.core.seed:seed_database:56 | 数据库已有数据，跳过种子初始化
2026-05-20 19:41:41.944 | INFO     | app.main:lifespan:106 | [Startup] [OK] 种子数据初始化完成
2026-05-20 19:41:41.944 | INFO     | app.main:lifespan:112 | [Startup] [OK] http://0.0.0.0:8000 | /docs | /health
2026-05-20 19:41:41.944 | INFO     | app.main:lifespan:113 | ============================================================
2026-05-20 19:41:41.945 | INFO     | app.main:lifespan:119 | [Startup] 封面缓存清理任务已启动
2026-05-20 19:41:41.945 | INFO     | app.main:lifespan:125 | [Startup] 自动备份任务已启动 (间隔: 24h)
2026-05-20 19:42:38.400 | INFO     | app.main:audit_request_middleware:261 | [GET] /api/shelves/1/books → 200 (0.268s)
2026-05-20 19:42:39.140 | INFO     | app.main:audit_request_middleware:261 | [GET] /api/books/all → 200 (0.054s)
2026-05-20 19:42:39.973 | INFO     | app.main:audit_request_middleware:261 | [GET] /api/physical-shelves/ → 200 (0.096s)
2026-05-20 19:42:40.458 | INFO     | app.main:audit_request_middleware:261 | [GET] /api/mapping/list → 200 (0.049s)
2026-05-20 19:43:53.298 | INFO     | app.main:setup_logging:83 | 日志系统已初始化 | 文件: ./logs/app.log | 错误: logs\app.error.log
2026-05-20 19:43:53.298 | INFO     | app.main:lifespan:90 | ============================================================
2026-05-20 19:43:53.298 | INFO     | app.main:lifespan:91 | [START] 书房管理系统 v2.0.0 启动中...
2026-05-20 19:43:53.299 | INFO     | app.main:lifespan:92 | ============================================================
2026-05-20 19:43:53.300 | INFO     | app.core.config:validate_config_on_startup:730 | 目录已就绪: logs
2026-05-20 19:43:53.301 | INFO     | app.core.config:validate_config_on_startup:730 | 目录已就绪: cache\images
2026-05-20 19:43:53.302 | INFO     | app.core.config:validate_config_on_startup:730 | 目录已就绪: backups
2026-05-20 19:43:53.302 | INFO     | app.core.config:validate_config_on_startup:743 | ==================================================
2026-05-20 19:43:53.303 | INFO     | app.core.config:validate_config_on_startup:744 | 书房管理系统 v2.0.0
2026-05-20 19:43:53.304 | INFO     | app.core.config:validate_config_on_startup:745 | 运行模式: [DEV] 开发
2026-05-20 19:43:53.304 | INFO     | app.core.config:validate_config_on_startup:749 | 数据库: ./bookshelf.db
2026-05-20 19:43:53.305 | INFO     | app.core.config:validate_config_on_startup:750 | 豆瓣 Cookie: [INFO] 未配置（豆瓣同步功能不可用）
2026-05-20 19:43:53.305 | INFO     | app.core.config:validate_config_on_startup:754 | 图片缓存: [OK] 启用 | 目录: ./cache/images | 有效期: 7天
2026-05-20 19:43:53.306 | INFO     | app.core.config:validate_config_on_startup:760 | 日志: 级别=INFO | 文件=./logs/app.log | 轮转=10 MB | 保留=7 days
2026-05-20 19:43:53.307 | INFO     | app.core.config:validate_config_on_startup:766 | ==================================================
2026-05-20 19:43:53.313 | INFO     | app.core.database:init_db:260 | 表创建完成 (9 张表)
2026-05-20 19:43:53.314 | INFO     | app.main:lifespan:98 | [Startup] [OK] 数据库表初始化完成
2026-05-20 19:43:53.403 | INFO     | app.core.seed:seed_database:56 | 数据库已有数据，跳过种子初始化
2026-05-20 19:43:53.404 | INFO     | app.main:lifespan:106 | [Startup] [OK] 种子数据初始化完成
2026-05-20 19:43:53.405 | INFO     | app.main:lifespan:112 | [Startup] [OK] http://0.0.0.0:8000 | /docs | /health
2026-05-20 19:43:53.406 | INFO     | app.main:lifespan:113 | ============================================================
2026-05-20 19:43:53.407 | INFO     | app.main:lifespan:119 | [Startup] 封面缓存清理任务已启动
2026-05-20 19:43:53.407 | INFO     | app.main:lifespan:125 | [Startup] 自动备份任务已启动 (间隔: 24h)
2026-05-20 19:44:07.784 | INFO     | app.main:audit_request_middleware:261 | [GET] /api/shelves/ → 200 (0.028s)
2026-05-20 19:44:07.856 | INFO     | app.main:audit_request_middleware:261 | [GET] /api/books/wall → 200 (0.069s)
2026-05-20 19:46:41.993 | INFO     | app.services.backup_service:create_backup:200 | 备份已创建: backup_20260520_194641.backup | 大小: 111.2 KB | 表数: 9 | 总行数: 162
2026-05-20 19:48:53.478 | INFO     | app.services.backup_service:create_backup:200 | 备份已创建: backup_20260520_194853.backup | 大小: 111.9 KB | 表数: 9 | 总行数: 163
2026-05-20 19:51:53.134 | INFO     | app.main:audit_request_middleware:261 | [GET] /api/nfc/scan-link → 200 (0.002s)
2026-05-20 19:51:53.141 | INFO     | app.main:audit_request_middleware:261 | [GET] /api/nfc/scan-link → 200 (0.000s)
2026-05-20 19:51:53.239 | INFO     | app.main:audit_request_middleware:261 | [GET] /api/shelves/ → 200 (0.029s)
2026-05-20 19:51:53.334 | INFO     | app.main:audit_request_middleware:261 | [GET] /api/nfc/shelf-info/8 → 200 (0.007s)
2026-05-20 19:51:58.866 | INFO     | app.main:audit_request_middleware:261 | [GET] /api/nfc/scan-link → 200 (0.000s)
2026-05-20 19:51:58.868 | INFO     | app.main:audit_request_middleware:261 | [GET] /api/nfc/scan-link → 200 (0.001s)
2026-05-20 19:51:58.901 | INFO     | app.main:audit_request_middleware:261 | [GET] /api/shelves/ → 200 (0.022s)
2026-05-20 19:51:58.961 | INFO     | app.main:audit_request_middleware:261 | [GET] /api/nfc/shelf-info/8 → 200 (0.005s)
2026-05-20 21:42:47.470 | INFO     | app.main:audit_request_middleware:261 | [GET] /api/nfc/scan-link → 200 (0.081s)
2026-05-20 21:42:47.562 | INFO     | app.main:audit_request_middleware:261 | [GET] /api/nfc/scan-link → 200 (0.015s)
2026-05-20 21:42:47.946 | INFO     | app.main:audit_request_middleware:261 | [GET] /api/shelves/ → 200 (0.418s)
2026-05-20 21:42:48.038 | INFO     | app.main:audit_request_middleware:261 | [GET] /api/nfc/shelf-info/8 → 200 (0.031s)
2026-05-20 21:42:49.451 | INFO     | app.main:audit_request_middleware:261 | [GET] /api/shelves/ → 200 (0.023s)
2026-05-20 21:42:49.571 | INFO     | app.main:audit_request_middleware:261 | [GET] /api/books/wall → 200 (0.117s)
2026-05-20 21:42:58.678 | INFO     | app.main:audit_request_middleware:261 | [GET] /api/books/61 → 200 (0.077s)
2026-05-20 21:43:01.773 | INFO     | app.main:audit_request_middleware:261 | [GET] /api/shelves/ → 200 (0.028s)
2026-05-20 21:43:01.811 | INFO     | app.main:audit_request_middleware:261 | [GET] /api/books/wall → 200 (0.035s)
2026-05-20 21:44:17.280 | INFO     | app.main:audit_request_middleware:261 | [GET] /api/shelves/ → 200 (0.018s)
2026-05-20 21:44:17.312 | INFO     | app.main:audit_request_middleware:261 | [GET] /api/books/wall → 200 (0.029s)
2026-05-20 21:48:16.042 | INFO     | app.main:lifespan:145 | ============================================================
2026-05-20 21:48:16.072 | INFO     | app.main:lifespan:146 | [STOP] 书房管理系统 正在关闭...
2026-05-20 21:48:16.075 | INFO     | app.main:lifespan:147 | ============================================================
2026-05-20 21:48:16.146 | INFO     | app.core.database:close_all_connections:373 | 同步连接已关闭
2026-05-20 21:48:16.154 | INFO     | app.main:lifespan:153 | [Shutdown] [OK] 已安全关闭
2026-05-20 21:48:16.154 | INFO     | app.main:lifespan:154 | ============================================================
2026-05-20 21:48:21.317 | INFO     | app.main:setup_logging:83 | 日志系统已初始化 | 文件: ./logs/app.log | 错误: logs\app.error.log
2026-05-20 21:48:21.318 | INFO     | app.main:lifespan:90 | ============================================================
2026-05-20 21:48:21.319 | INFO     | app.main:lifespan:91 | [START] 书房管理系统 v2.0.0 启动中...
2026-05-20 21:48:21.321 | INFO     | app.main:lifespan:92 | ============================================================
2026-05-20 21:48:21.324 | INFO     | app.core.config:validate_config_on_startup:730 | 目录已就绪: logs
2026-05-20 21:48:21.325 | INFO     | app.core.config:validate_config_on_startup:730 | 目录已就绪: cache\images
2026-05-20 21:48:21.327 | INFO     | app.core.config:validate_config_on_startup:730 | 目录已就绪: backups
2026-05-20 21:48:21.327 | INFO     | app.core.config:validate_config_on_startup:743 | ==================================================
2026-05-20 21:48:21.328 | INFO     | app.core.config:validate_config_on_startup:744 | 书房管理系统 v2.0.0
2026-05-20 21:48:21.328 | INFO     | app.core.config:validate_config_on_startup:745 | 运行模式: [DEV] 开发
2026-05-20 21:48:21.329 | INFO     | app.core.config:validate_config_on_startup:749 | 数据库: ./bookshelf.db
2026-05-20 21:48:21.329 | INFO     | app.core.config:validate_config_on_startup:750 | 豆瓣 Cookie: [INFO] 未配置（豆瓣同步功能不可用）
2026-05-20 21:48:21.330 | INFO     | app.core.config:validate_config_on_startup:754 | 图片缓存: [OK] 启用 | 目录: ./cache/images | 有效期: 7天
2026-05-20 21:48:21.330 | INFO     | app.core.config:validate_config_on_startup:760 | 日志: 级别=INFO | 文件=./logs/app.log | 轮转=10 MB | 保留=7 days
2026-05-20 21:48:21.331 | INFO     | app.core.config:validate_config_on_startup:766 | ==================================================
2026-05-20 21:48:21.341 | INFO     | app.core.database:init_db:260 | 表创建完成 (9 张表)
2026-05-20 21:48:21.342 | INFO     | app.main:lifespan:98 | [Startup] [OK] 数据库表初始化完成
2026-05-20 21:48:21.408 | INFO     | app.core.seed:seed_database:56 | 数据库已有数据，跳过种子初始化
2026-05-20 21:48:21.409 | INFO     | app.main:lifespan:106 | [Startup] [OK] 种子数据初始化完成
2026-05-20 21:48:21.409 | INFO     | app.main:lifespan:112 | [Startup] [OK] http://0.0.0.0:8000 | /docs | /health
2026-05-20 21:48:21.410 | INFO     | app.main:lifespan:113 | ============================================================
2026-05-20 21:48:21.410 | INFO     | app.main:lifespan:119 | [Startup] 封面缓存清理任务已启动
2026-05-20 21:48:21.410 | INFO     | app.main:lifespan:125 | [Startup] 自动备份任务已启动 (间隔: 24h)
2026-05-20 21:48:51.317 | INFO     | app.main:audit_request_middleware:261 | [GET] /api/nfc/scan-link → 200 (0.001s)
2026-05-20 21:48:51.323 | INFO     | app.main:audit_request_middleware:261 | [GET] /api/nfc/scan-link → 200 (0.001s)
2026-05-20 21:48:51.367 | INFO     | app.main:audit_request_middleware:261 | [GET] /api/shelves/ → 200 (0.024s)
2026-05-20 21:48:51.441 | INFO     | app.main:audit_request_middleware:261 | [GET] /api/nfc/shelf-info/8 → 200 (0.005s)
2026-05-20 21:50:26.278 | INFO     | app.main:setup_logging:83 | 日志系统已初始化 | 文件: ./logs/app.log | 错误: logs\app.error.log
2026-05-20 21:50:26.280 | INFO     | app.main:lifespan:90 | ============================================================
2026-05-20 21:50:26.281 | INFO     | app.main:lifespan:91 | [START] 书房管理系统 v2.0.0 启动中...
2026-05-20 21:50:26.283 | INFO     | app.main:lifespan:92 | ============================================================
2026-05-20 21:50:26.284 | INFO     | app.core.config:validate_config_on_startup:730 | 目录已就绪: logs
2026-05-20 21:50:26.285 | INFO     | app.core.config:validate_config_on_startup:730 | 目录已就绪: cache\images
2026-05-20 21:50:26.285 | INFO     | app.core.config:validate_config_on_startup:730 | 目录已就绪: backups
2026-05-20 21:50:26.286 | INFO     | app.core.config:validate_config_on_startup:743 | ==================================================
2026-05-20 21:50:26.286 | INFO     | app.core.config:validate_config_on_startup:744 | 书房管理系统 v2.0.0
2026-05-20 21:50:26.287 | INFO     | app.core.config:validate_config_on_startup:745 | 运行模式: [DEV] 开发
2026-05-20 21:50:26.287 | INFO     | app.core.config:validate_config_on_startup:749 | 数据库: ./bookshelf.db
2026-05-20 21:50:26.287 | INFO     | app.core.config:validate_config_on_startup:750 | 豆瓣 Cookie: [INFO] 未配置（豆瓣同步功能不可用）
2026-05-20 21:50:26.288 | INFO     | app.core.config:validate_config_on_startup:754 | 图片缓存: [OK] 启用 | 目录: ./cache/images | 有效期: 7天
2026-05-20 21:50:26.288 | INFO     | app.core.config:validate_config_on_startup:760 | 日志: 级别=INFO | 文件=./logs/app.log | 轮转=10 MB | 保留=7 days
2026-05-20 21:50:26.288 | INFO     | app.core.config:validate_config_on_startup:766 | ==================================================
2026-05-20 21:50:26.294 | INFO     | app.core.database:init_db:260 | 表创建完成 (9 张表)
2026-05-20 21:50:26.294 | INFO     | app.main:lifespan:98 | [Startup] [OK] 数据库表初始化完成
2026-05-20 21:50:26.350 | INFO     | app.core.seed:seed_database:56 | 数据库已有数据，跳过种子初始化
2026-05-20 21:50:26.351 | INFO     | app.main:lifespan:106 | [Startup] [OK] 种子数据初始化完成
2026-05-20 21:50:26.351 | INFO     | app.main:lifespan:112 | [Startup] [OK] http://0.0.0.0:8000 | /docs | /health
2026-05-20 21:50:26.351 | INFO     | app.main:lifespan:113 | ============================================================
2026-05-20 21:50:26.352 | INFO     | app.main:lifespan:119 | [Startup] 封面缓存清理任务已启动
2026-05-20 21:50:26.352 | INFO     | app.main:lifespan:125 | [Startup] 自动备份任务已启动 (间隔: 24h)
2026-05-20 21:50:49.246 | INFO     | app.main:audit_request_middleware:261 | [GET] /api/shelves/1/books → 200 (0.061s)
2026-05-20 21:52:08.106 | INFO     | app.main:lifespan:145 | ============================================================
2026-05-20 21:52:08.107 | INFO     | app.main:lifespan:146 | [STOP] 书房管理系统 正在关闭...
2026-05-20 21:52:08.108 | INFO     | app.main:lifespan:147 | ============================================================
2026-05-20 21:52:08.109 | INFO     | app.core.database:close_all_connections:373 | 同步连接已关闭
2026-05-20 21:52:08.110 | INFO     | app.main:lifespan:153 | [Shutdown] [OK] 已安全关闭
2026-05-20 21:52:08.111 | INFO     | app.main:lifespan:154 | ============================================================
2026-05-20 21:52:13.372 | INFO     | app.main:setup_logging:83 | 日志系统已初始化 | 文件: ./logs/app.log | 错误: logs\app.error.log
2026-05-20 21:52:13.373 | INFO     | app.main:lifespan:90 | ============================================================
2026-05-20 21:52:13.374 | INFO     | app.main:lifespan:91 | [START] 书房管理系统 v2.0.0 启动中...
2026-05-20 21:52:13.374 | INFO     | app.main:lifespan:92 | ============================================================
2026-05-20 21:52:13.375 | INFO     | app.core.config:validate_config_on_startup:730 | 目录已就绪: logs
2026-05-20 21:52:13.376 | INFO     | app.core.config:validate_config_on_startup:730 | 目录已就绪: cache\images
2026-05-20 21:52:13.377 | INFO     | app.core.config:validate_config_on_startup:730 | 目录已就绪: backups
2026-05-20 21:52:13.377 | INFO     | app.core.config:validate_config_on_startup:743 | ==================================================
2026-05-20 21:52:13.378 | INFO     | app.core.config:validate_config_on_startup:744 | 书房管理系统 v2.0.0
2026-05-20 21:52:13.378 | INFO     | app.core.config:validate_config_on_startup:745 | 运行模式: [DEV] 开发
2026-05-20 21:52:13.379 | INFO     | app.core.config:validate_config_on_startup:749 | 数据库: ./bookshelf.db
2026-05-20 21:52:13.379 | INFO     | app.core.config:validate_config_on_startup:750 | 豆瓣 Cookie: [INFO] 未配置（豆瓣同步功能不可用）
2026-05-20 21:52:13.379 | INFO     | app.core.config:validate_config_on_startup:754 | 图片缓存: [OK] 启用 | 目录: ./cache/images | 有效期: 7天
2026-05-20 21:52:13.380 | INFO     | app.core.config:validate_config_on_startup:760 | 日志: 级别=INFO | 文件=./logs/app.log | 轮转=10 MB | 保留=7 days
2026-05-20 21:52:13.380 | INFO     | app.core.config:validate_config_on_startup:766 | ==================================================
2026-05-20 21:52:13.387 | INFO     | app.core.database:init_db:260 | 表创建完成 (9 张表)
2026-05-20 21:52:13.388 | INFO     | app.main:lifespan:98 | [Startup] [OK] 数据库表初始化完成
2026-05-20 21:52:13.443 | INFO     | app.core.seed:seed_database:56 | 数据库已有数据，跳过种子初始化
2026-05-20 21:52:13.443 | INFO     | app.main:lifespan:106 | [Startup] [OK] 种子数据初始化完成
2026-05-20 21:52:13.444 | INFO     | app.main:lifespan:112 | [Startup] [OK] http://0.0.0.0:8000 | /docs | /health
2026-05-20 21:52:13.444 | INFO     | app.main:lifespan:113 | ============================================================
2026-05-20 21:52:13.445 | INFO     | app.main:lifespan:119 | [Startup] 封面缓存清理任务已启动
2026-05-20 21:52:13.445 | INFO     | app.main:lifespan:125 | [Startup] 自动备份任务已启动 (间隔: 24h)
2026-05-20 21:52:27.108 | INFO     | app.main:audit_request_middleware:261 | [GET] /api/admin/stats → 200 (0.096s)
2026-05-20 21:52:47.303 | INFO     | app.main:audit_request_middleware:261 | [GET] /api/shelves/1/books → 200 (0.087s)
2026-05-20 21:52:48.227 | INFO     | app.main:audit_request_middleware:261 | [GET] /api/admin/stats → 200 (0.048s)
2026-05-20 21:53:48.332 | INFO     | app.main:audit_request_middleware:261 | [GET] /api/nfc/scan-link → 200 (0.001s)
2026-05-20 21:53:48.339 | INFO     | app.main:audit_request_middleware:261 | [GET] /api/nfc/scan-link → 200 (0.001s)
2026-05-20 21:53:48.416 | INFO     | app.main:audit_request_middleware:261 | [GET] /api/shelves/ → 200 (0.031s)
2026-05-20 21:53:48.496 | INFO     | app.main:audit_request_middleware:261 | [GET] /api/nfc/shelf-info/8 → 200 (0.008s)
2026-05-20 21:53:54.314 | INFO     | app.main:audit_request_middleware:261 | [GET] /api/admin/stats → 200 (0.069s)
2026-05-20 21:54:10.593 | INFO     | app.main:audit_request_middleware:261 | [GET] /api/shelves/ → 200 (0.019s)
2026-05-20 21:54:10.644 | INFO     | app.main:audit_request_middleware:261 | [GET] /api/books/wall → 200 (0.049s)
2026-05-20 21:54:15.747 | INFO     | app.main:audit_request_middleware:261 | [GET] /api/books/60 → 200 (0.029s)
2026-05-20 21:54:18.945 | INFO     | app.services.douban_service:search_by_isbn:372 | [OK] [直链访问] 获取成功: 9787544291163 -> 白夜行
2026-05-20 21:54:18.956 | INFO     | app.main:audit_request_middleware:261 | [POST] /api/books/sync → 200 (1.533s)
2026-05-20 21:54:18.990 | INFO     | app.main:audit_request_middleware:261 | [GET] /api/books/60 → 200 (0.023s)
2026-05-20 21:54:24.428 | INFO     | app.main:lifespan:145 | ============================================================
2026-05-20 21:54:24.429 | INFO     | app.main:lifespan:146 | [STOP] 书房管理系统 正在关闭...
2026-05-20 21:54:24.430 | INFO     | app.main:lifespan:147 | ============================================================
2026-05-20 21:54:24.432 | INFO     | app.core.database:close_all_connections:373 | 同步连接已关闭
2026-05-20 21:54:24.432 | INFO     | app.main:lifespan:153 | [Shutdown] [OK] 已安全关闭
2026-05-20 21:54:24.432 | INFO     | app.main:lifespan:154 | ============================================================
2026-05-20 21:54:34.654 | INFO     | app.main:setup_logging:83 | 日志系统已初始化 | 文件: ./logs/app.log | 错误: logs\app.error.log
2026-05-20 21:54:34.654 | INFO     | app.main:lifespan:90 | ============================================================
2026-05-20 21:54:34.655 | INFO     | app.main:lifespan:91 | [START] 书房管理系统 v2.0.0 启动中...
2026-05-20 21:54:34.655 | INFO     | app.main:lifespan:92 | ============================================================
2026-05-20 21:54:34.657 | INFO     | app.core.config:validate_config_on_startup:730 | 目录已就绪: logs
2026-05-20 21:54:34.657 | INFO     | app.core.config:validate_config_on_startup:730 | 目录已就绪: cache\images
2026-05-20 21:54:34.658 | INFO     | app.core.config:validate_config_on_startup:730 | 目录已就绪: backups
2026-05-20 21:54:34.659 | INFO     | app.core.config:validate_config_on_startup:743 | ==================================================
2026-05-20 21:54:34.659 | INFO     | app.core.config:validate_config_on_startup:744 | 书房管理系统 v2.0.0
2026-05-20 21:54:34.661 | INFO     | app.core.config:validate_config_on_startup:745 | 运行模式: [DEV] 开发
2026-05-20 21:54:34.662 | INFO     | app.core.config:validate_config_on_startup:749 | 数据库: ./bookshelf.db
2026-05-20 21:54:34.662 | INFO     | app.core.config:validate_config_on_startup:750 | 豆瓣 Cookie: [INFO] 未配置（豆瓣同步功能不可用）
2026-05-20 21:54:34.663 | INFO     | app.core.config:validate_config_on_startup:754 | 图片缓存: [OK] 启用 | 目录: ./cache/images | 有效期: 7天
2026-05-20 21:54:34.663 | INFO     | app.core.config:validate_config_on_startup:760 | 日志: 级别=INFO | 文件=./logs/app.log | 轮转=10 MB | 保留=7 days
2026-05-20 21:54:34.664 | INFO     | app.core.config:validate_config_on_startup:766 | ==================================================
2026-05-20 21:54:34.683 | INFO     | app.core.database:init_db:260 | 表创建完成 (9 张表)
2026-05-20 21:54:34.684 | INFO     | app.main:lifespan:98 | [Startup] [OK] 数据库表初始化完成
2026-05-20 21:54:34.741 | INFO     | app.core.seed:seed_database:56 | 数据库已有数据，跳过种子初始化
2026-05-20 21:54:34.741 | INFO     | app.main:lifespan:106 | [Startup] [OK] 种子数据初始化完成
2026-05-20 21:54:34.742 | INFO     | app.main:lifespan:112 | [Startup] [OK] http://0.0.0.0:8000 | /docs | /health
2026-05-20 21:54:34.742 | INFO     | app.main:lifespan:113 | ============================================================
2026-05-20 21:54:34.743 | INFO     | app.main:lifespan:119 | [Startup] 封面缓存清理任务已启动
2026-05-20 21:54:34.743 | INFO     | app.main:lifespan:125 | [Startup] 自动备份任务已启动 (间隔: 24h)
2026-05-20 21:54:43.476 | INFO     | app.main:audit_request_middleware:261 | [GET] /api/nfc/scan-link → 200 (0.001s)
2026-05-20 21:54:43.480 | INFO     | app.main:audit_request_middleware:261 | [GET] /api/nfc/scan-link → 200 (0.001s)
2026-05-20 21:54:43.515 | INFO     | app.main:audit_request_middleware:261 | [GET] /api/shelves/ → 200 (0.027s)
2026-05-20 21:54:43.602 | INFO     | app.main:audit_request_middleware:261 | [GET] /api/nfc/shelf-info/8 → 200 (0.012s)
2026-05-20 21:54:45.747 | INFO     | app.main:audit_request_middleware:261 | [GET] /api/shelves/ → 200 (0.020s)
2026-05-20 21:54:45.801 | INFO     | app.main:audit_request_middleware:261 | [GET] /api/books/wall → 200 (0.053s)
2026-05-20 21:54:51.756 | INFO     | app.main:audit_request_middleware:261 | [GET] /api/books/60 → 200 (0.025s)
2026-05-20 21:55:22.354 | INFO     | app.services.douban_service:search_by_isbn:372 | [OK] [直链访问] 获取成功: 9787544291163 -> 白夜行
2026-05-20 21:55:22.377 | INFO     | app.main:audit_request_middleware:261 | [POST] /api/books/sync → 200 (1.021s)
2026-05-20 21:55:22.420 | INFO     | app.main:audit_request_middleware:261 | [GET] /api/books/60 → 200 (0.027s)
2026-05-20 21:55:26.392 | INFO     | app.services.backup_service:create_backup:200 | 备份已创建: backup_20260520_215526.backup | 大小: 112.6 KB | 表数: 9 | 总行数: 164
2026-05-20 21:55:50.048 | INFO     | app.main:audit_request_middleware:261 | [GET] /api/shelves/ → 200 (0.023s)
2026-05-20 21:55:50.093 | INFO     | app.main:audit_request_middleware:261 | [GET] /api/books/all → 200 (0.043s)
2026-05-20 21:56:02.617 | INFO     | app.main:audit_request_middleware:261 | [GET] /api/books/all → 200 (0.016s)
2026-05-20 21:56:08.410 | INFO     | app.main:audit_request_middleware:261 | [GET] /api/books/all → 200 (0.017s)
2026-05-20 21:56:14.278 | INFO     | app.main:audit_request_middleware:261 | [DELETE] /api/books/60 → 200 (0.012s)
2026-05-20 21:57:02.452 | INFO     | app.main:audit_request_middleware:261 | [GET] /api/nfc/scan-link → 200 (0.004s)
2026-05-20 21:57:02.459 | INFO     | app.main:audit_request_middleware:261 | [GET] /api/nfc/scan-link → 200 (0.001s)
2026-05-20 21:57:02.525 | INFO     | app.main:audit_request_middleware:261 | [GET] /api/shelves/ → 200 (0.028s)
2026-05-20 21:57:02.625 | INFO     | app.main:audit_request_middleware:261 | [GET] /api/nfc/shelf-info/8 → 200 (0.006s)
2026-05-20 21:57:10.172 | INFO     | app.main:audit_request_middleware:261 | [GET] /api/shelves/ → 200 (0.025s)
2026-05-20 21:57:10.225 | INFO     | app.main:audit_request_middleware:261 | [GET] /api/books/wall → 200 (0.049s)
2026-05-20 21:57:12.919 | INFO     | app.main:audit_request_middleware:261 | [GET] /api/books/wall → 200 (0.024s)
2026-05-20 21:57:19.670 | INFO     | app.main:audit_request_middleware:261 | [GET] /api/backup/list → 200 (0.091s)
2026-05-20 21:57:19.720 | INFO     | app.main:audit_request_middleware:261 | [GET] /api/backup/auto/status → 200 (0.047s)
2026-05-20 21:57:19.721 | INFO     | app.main:audit_request_middleware:261 | [GET] /api/backup/list-webdav → 200 (0.048s)
2026-05-20 21:57:19.722 | INFO     | app.main:audit_request_middleware:261 | [GET] /api/backup/webdav/config → 200 (0.049s)
2026-05-20 21:58:29.617 | INFO     | app.main:audit_request_middleware:261 | [GET] /api/backup/list → 200 (0.025s)
2026-05-20 21:58:30.007 | INFO     | app.main:audit_request_middleware:261 | [GET] /api/backup/auto/status → 200 (0.036s)
2026-05-20 21:58:30.455 | INFO     | app.main:audit_request_middleware:261 | [GET] /api/backup/list-webdav → 200 (0.001s)
2026-05-20 21:59:12.935 | INFO     | app.main:audit_request_middleware:261 | [GET] /api/shelves/ → 200 (0.048s)
2026-05-20 21:59:13.030 | INFO     | app.main:audit_request_middleware:261 | [GET] /api/shelves/1/books → 200 (0.094s)
2026-05-20 21:59:19.674 | INFO     | app.main:audit_request_middleware:261 | [GET] /api/books/30 → 200 (0.028s)
2026-05-20 21:59:28.094 | INFO     | app.main:audit_request_middleware:261 | [GET] /api/books/30 → 200 (0.021s)
2026-05-20 21:59:34.790 | INFO     | app.services.backup_service:create_backup:200 | 备份已创建: backup_20260520_215934.backup | 大小: 110.7 KB | 表数: 9 | 总行数: 163
2026-05-20 21:59:48.964 | INFO     | app.main:audit_request_middleware:261 | [GET] /api/backup/list → 200 (0.034s)
2026-05-20 21:59:50.413 | INFO     | app.main:audit_request_middleware:261 | [GET] /api/books/30 → 200 (0.031s)
2026-05-20 22:01:43.851 | INFO     | app.main:audit_request_middleware:261 | [GET] /api/backup/list → 200 (0.040s)
2026-05-20 22:01:44.319 | INFO     | app.main:audit_request_middleware:261 | [GET] /api/backup/auto/status → 200 (0.041s)
2026-05-20 22:02:08.648 | INFO     | app.main:audit_request_middleware:261 | [GET] /api/backup/list → 200 (0.059s)
2026-05-20 22:02:08.687 | INFO     | app.main:audit_request_middleware:261 | [GET] /api/backup/auto/status → 200 (0.037s)
2026-05-20 22:02:08.688 | INFO     | app.main:audit_request_middleware:261 | [GET] /api/backup/webdav/config → 200 (0.037s)
2026-05-20 22:02:08.689 | INFO     | app.main:audit_request_middleware:261 | [GET] /api/backup/list-webdav → 200 (0.038s)
2026-05-20 22:02:19.660 | INFO     | app.main:audit_request_middleware:261 | [GET] /api/backup/preview/backup_20260520_215526.backup → 200 (0.004s)
2026-05-20 22:02:25.091 | INFO     | app.main:audit_request_middleware:261 | [POST] /api/backup/check-conflicts/backup_20260520_215526.backup → 200 (0.015s)
2026-05-20 22:02:27.549 | INFO     | app.main:audit_request_middleware:261 | [POST] /api/backup/restore → 200 (0.090s)
2026-05-20 22:02:36.530 | INFO     | app.main:audit_request_middleware:261 | [GET] /api/backup/list → 200 (0.037s)
2026-05-20 22:02:36.568 | INFO     | app.main:audit_request_middleware:261 | [GET] /api/backup/webdav/config → 200 (0.037s)
2026-05-20 22:02:36.569 | INFO     | app.main:audit_request_middleware:261 | [GET] /api/backup/auto/status → 200 (0.038s)
2026-05-20 22:02:36.570 | INFO     | app.main:audit_request_middleware:261 | [GET] /api/backup/list-webdav → 200 (0.038s)
2026-05-20 22:02:39.548 | INFO     | app.main:audit_request_middleware:261 | [GET] /api/shelves/ → 200 (0.029s)
2026-05-20 22:02:39.592 | INFO     | app.main:audit_request_middleware:261 | [GET] /api/shelves/1/books → 200 (0.042s)
2026-05-20 22:02:42.161 | INFO     | app.main:audit_request_middleware:261 | [GET] /api/shelves/ → 200 (0.016s)
2026-05-20 22:02:42.208 | INFO     | app.main:audit_request_middleware:261 | [GET] /api/books/wall → 200 (0.046s)
2026-05-20 22:04:19.421 | INFO     | app.main:audit_request_middleware:261 | [GET] /api/books/60 → 200 (0.039s)
2026-05-20 22:07:48.867 | INFO     | app.main:audit_request_middleware:261 | [GET] /api/physical-shelves/ → 200 (0.071s)
2026-05-20 22:11:44.256 | INFO     | app.main:lifespan:145 | ============================================================
2026-05-20 22:11:44.258 | INFO     | app.main:lifespan:146 | [STOP] 书房管理系统 正在关闭...
2026-05-20 22:11:44.259 | INFO     | app.main:lifespan:147 | ============================================================
2026-05-20 22:11:44.263 | INFO     | app.core.database:close_all_connections:373 | 同步连接已关闭
2026-05-20 22:11:44.265 | INFO     | app.main:lifespan:153 | [Shutdown] [OK] 已安全关闭
2026-05-20 22:11:44.265 | INFO     | app.main:lifespan:154 | ============================================================
2026-05-20 22:11:50.511 | INFO     | app.main:setup_logging:83 | 日志系统已初始化 | 文件: ./logs/app.log | 错误: logs\app.error.log
2026-05-20 22:11:50.512 | INFO     | app.main:lifespan:90 | ============================================================
2026-05-20 22:11:50.512 | INFO     | app.main:lifespan:91 | [START] 书房管理系统 v2.0.0 启动中...
2026-05-20 22:11:50.513 | INFO     | app.main:lifespan:92 | ============================================================
2026-05-20 22:11:50.513 | INFO     | app.core.config:validate_config_on_startup:730 | 目录已就绪: logs
2026-05-20 22:11:50.515 | INFO     | app.core.config:validate_config_on_startup:730 | 目录已就绪: cache\images
2026-05-20 22:11:50.516 | INFO     | app.core.config:validate_config_on_startup:730 | 目录已就绪: backups
2026-05-20 22:11:50.516 | INFO     | app.core.config:validate_config_on_startup:743 | ==================================================
2026-05-20 22:11:50.517 | INFO     | app.core.config:validate_config_on_startup:744 | 书房管理系统 v2.0.0
2026-05-20 22:11:50.518 | INFO     | app.core.config:validate_config_on_startup:745 | 运行模式: [DEV] 开发
2026-05-20 22:11:50.518 | INFO     | app.core.config:validate_config_on_startup:749 | 数据库: ./bookshelf.db
2026-05-20 22:11:50.519 | INFO     | app.core.config:validate_config_on_startup:750 | 豆瓣 Cookie: [INFO] 未配置（豆瓣同步功能不可用）
2026-05-20 22:11:50.519 | INFO     | app.core.config:validate_config_on_startup:754 | 图片缓存: [OK] 启用 | 目录: ./cache/images | 有效期: 7天
2026-05-20 22:11:50.520 | INFO     | app.core.config:validate_config_on_startup:760 | 日志: 级别=INFO | 文件=./logs/app.log | 轮转=10 MB | 保留=7 days
2026-05-20 22:11:50.520 | INFO     | app.core.config:validate_config_on_startup:766 | ==================================================
2026-05-20 22:11:50.527 | INFO     | app.core.database:init_db:260 | 表创建完成 (9 张表)
2026-05-20 22:11:50.528 | INFO     | app.main:lifespan:98 | [Startup] [OK] 数据库表初始化完成
2026-05-20 22:11:50.603 | INFO     | app.core.seed:seed_database:56 | 数据库已有数据，跳过种子初始化
2026-05-20 22:11:50.604 | INFO     | app.main:lifespan:106 | [Startup] [OK] 种子数据初始化完成
2026-05-20 22:11:50.604 | INFO     | app.main:lifespan:112 | [Startup] [OK] http://0.0.0.0:8000 | /docs | /health
2026-05-20 22:11:50.605 | INFO     | app.main:lifespan:113 | ============================================================
2026-05-20 22:11:50.605 | INFO     | app.main:lifespan:119 | [Startup] 封面缓存清理任务已启动
2026-05-20 22:11:50.606 | INFO     | app.main:lifespan:125 | [Startup] 自动备份任务已启动 (间隔: 24h)
2026-05-20 22:15:55.871 | INFO     | app.main:lifespan:145 | ============================================================
2026-05-20 22:15:55.872 | INFO     | app.main:lifespan:146 | [STOP] 书房管理系统 正在关闭...
2026-05-20 22:15:55.873 | INFO     | app.main:lifespan:147 | ============================================================
2026-05-20 22:15:55.876 | INFO     | app.core.database:close_all_connections:373 | 同步连接已关闭
2026-05-20 22:15:55.876 | INFO     | app.main:lifespan:153 | [Shutdown] [OK] 已安全关闭
2026-05-20 22:15:55.877 | INFO     | app.main:lifespan:154 | ============================================================
2026-05-20 22:16:04.389 | INFO     | app.main:setup_logging:83 | 日志系统已初始化 | 文件: ./logs/app.log | 错误: logs\app.error.log
2026-05-20 22:16:04.390 | INFO     | app.main:lifespan:90 | ============================================================
2026-05-20 22:16:04.391 | INFO     | app.main:lifespan:91 | [START] 书房管理系统 v2.0.0 启动中...
2026-05-20 22:16:04.391 | INFO     | app.main:lifespan:92 | ============================================================
2026-05-20 22:16:04.392 | INFO     | app.core.config:validate_config_on_startup:730 | 目录已就绪: logs
2026-05-20 22:16:04.393 | INFO     | app.core.config:validate_config_on_startup:730 | 目录已就绪: cache\images
2026-05-20 22:16:04.394 | INFO     | app.core.config:validate_config_on_startup:730 | 目录已就绪: backups
2026-05-20 22:16:04.395 | INFO     | app.core.config:validate_config_on_startup:743 | ==================================================
2026-05-20 22:16:04.395 | INFO     | app.core.config:validate_config_on_startup:744 | 书房管理系统 v2.0.0
2026-05-20 22:16:04.396 | INFO     | app.core.config:validate_config_on_startup:745 | 运行模式: [DEV] 开发
2026-05-20 22:16:04.396 | INFO     | app.core.config:validate_config_on_startup:749 | 数据库: ./bookshelf.db
2026-05-20 22:16:04.397 | INFO     | app.core.config:validate_config_on_startup:750 | 豆瓣 Cookie: [INFO] 未配置（豆瓣同步功能不可用）
2026-05-20 22:16:04.397 | INFO     | app.core.config:validate_config_on_startup:754 | 图片缓存: [OK] 启用 | 目录: ./cache/images | 有效期: 7天
2026-05-20 22:16:04.398 | INFO     | app.core.config:validate_config_on_startup:760 | 日志: 级别=INFO | 文件=./logs/app.log | 轮转=10 MB | 保留=7 days
2026-05-20 22:16:04.399 | INFO     | app.core.config:validate_config_on_startup:766 | ==================================================
2026-05-20 22:16:04.406 | INFO     | app.core.database:init_db:260 | 表创建完成 (9 张表)
2026-05-20 22:16:04.406 | INFO     | app.main:lifespan:98 | [Startup] [OK] 数据库表初始化完成
2026-05-20 22:16:04.491 | INFO     | app.core.seed:seed_database:56 | 数据库已有数据，跳过种子初始化
2026-05-20 22:16:04.491 | INFO     | app.main:lifespan:106 | [Startup] [OK] 种子数据初始化完成
2026-05-20 22:16:04.492 | INFO     | app.main:lifespan:112 | [Startup] [OK] http://0.0.0.0:8000 | /docs | /health
2026-05-20 22:16:04.492 | INFO     | app.main:lifespan:113 | ============================================================
2026-05-20 22:16:04.493 | INFO     | app.main:lifespan:119 | [Startup] 封面缓存清理任务已启动
2026-05-20 22:16:04.494 | INFO     | app.main:lifespan:125 | [Startup] 自动备份任务已启动 (间隔: 24h)
2026-05-20 22:17:49.230 | INFO     | app.main:audit_request_middleware:261 | [GET] /api/shelves/ → 200 (0.057s)
2026-05-20 22:17:49.325 | INFO     | app.main:audit_request_middleware:261 | [GET] /api/books/wall → 200 (0.090s)
2026-05-20 22:17:54.613 | INFO     | app.main:audit_request_middleware:261 | [GET] /api/books/60 → 200 (0.037s)
2026-05-20 22:17:59.749 | INFO     | app.main:audit_request_middleware:261 | [GET] /api/shelves/ → 200 (0.038s)
2026-05-20 22:17:59.798 | INFO     | app.main:audit_request_middleware:261 | [GET] /api/books/wall → 200 (0.046s)
2026-05-20 22:18:02.393 | INFO     | app.main:audit_request_middleware:261 | [GET] /api/books/wall → 200 (0.048s)
2026-05-20 22:18:07.012 | INFO     | app.main:audit_request_middleware:261 | [GET] /api/shelves/ → 200 (0.030s)
2026-05-20 22:18:07.079 | INFO     | app.main:audit_request_middleware:261 | [GET] /api/shelves/1/books → 200 (0.065s)
2026-05-20 22:20:03.203 | INFO     | app.main:audit_request_middleware:261 | [GET] /api/shelves/ → 200 (0.027s)
2026-05-20 22:21:04.544 | INFO     | app.services.backup_service:create_backup:200 | 备份已创建: backup_20260520_222104.backup | 大小: 114.3 KB | 表数: 9 | 总行数: 167
2026-05-20 22:21:39.776 | INFO     | app.main:audit_request_middleware:261 | [GET] /api/shelves/ → 200 (0.032s)
2026-05-20 22:28:57.126 | INFO     | app.main:audit_request_middleware:261 | [GET] /api/shelves/ → 200 (0.031s)
2026-05-20 22:28:59.387 | INFO     | app.main:audit_request_middleware:261 | [GET] /api/physical-shelves/ → 200 (0.037s)
2026-05-20 22:29:01.375 | INFO     | app.main:audit_request_middleware:261 | [GET] /api/backup/list → 200 (0.062s)
2026-05-20 22:29:01.415 | INFO     | app.main:audit_request_middleware:261 | [GET] /api/backup/auto/status → 200 (0.038s)
2026-05-20 22:29:01.416 | INFO     | app.main:audit_request_middleware:261 | [GET] /api/backup/webdav/config → 200 (0.039s)
2026-05-20 22:29:01.417 | INFO     | app.main:audit_request_middleware:261 | [GET] /api/backup/list-webdav → 200 (0.039s)
2026-05-20 22:29:03.634 | INFO     | app.main:audit_request_middleware:261 | [GET] /api/shelves/ → 200 (0.028s)
2026-05-20 22:29:03.658 | INFO     | app.main:audit_request_middleware:261 | [GET] /api/books/all → 200 (0.022s)
2026-05-20 22:29:14.231 | INFO     | app.main:audit_request_middleware:261 | [GET] /api/books/all → 200 (0.015s)
2026-05-20 22:29:21.353 | INFO     | app.main:audit_request_middleware:261 | [DELETE] /api/books/8 → 200 (0.013s)
2026-05-20 22:29:47.528 | INFO     | app.main:audit_request_middleware:261 | [GET] /api/shelves/ → 200 (0.028s)
2026-05-20 22:29:47.584 | INFO     | app.main:audit_request_middleware:261 | [GET] /api/books/wall → 200 (0.053s)
2026-05-20 22:29:51.588 | INFO     | app.main:audit_request_middleware:261 | [GET] /api/shelves/ → 200 (0.025s)
2026-05-20 22:29:54.778 | INFO     | app.main:audit_request_middleware:261 | [GET] /api/shelves/ → 200 (0.024s)
2026-05-20 22:30:45.411 | INFO     | app.main:setup_logging:83 | 日志系统已初始化 | 文件: ./logs/app.log | 错误: logs\app.error.log
2026-05-20 22:30:45.412 | INFO     | app.main:lifespan:90 | ============================================================
2026-05-20 22:30:45.412 | INFO     | app.main:lifespan:91 | [START] 书房管理系统 v2.0.0 启动中...
2026-05-20 22:30:45.413 | INFO     | app.main:lifespan:92 | ============================================================
2026-05-20 22:30:45.415 | INFO     | app.core.config:validate_config_on_startup:730 | 目录已就绪: logs
2026-05-20 22:30:45.416 | INFO     | app.core.config:validate_config_on_startup:730 | 目录已就绪: cache\images
2026-05-20 22:30:45.417 | INFO     | app.core.config:validate_config_on_startup:730 | 目录已就绪: backups
2026-05-20 22:30:45.418 | INFO     | app.core.config:validate_config_on_startup:743 | ==================================================
2026-05-20 22:30:45.419 | INFO     | app.core.config:validate_config_on_startup:744 | 书房管理系统 v2.0.0
2026-05-20 22:30:45.420 | INFO     | app.core.config:validate_config_on_startup:745 | 运行模式: [DEV] 开发
2026-05-20 22:30:45.421 | INFO     | app.core.config:validate_config_on_startup:749 | 数据库: ./bookshelf.db
2026-05-20 22:30:45.422 | INFO     | app.core.config:validate_config_on_startup:750 | 豆瓣 Cookie: [INFO] 未配置（豆瓣同步功能不可用）
2026-05-20 22:30:45.423 | INFO     | app.core.config:validate_config_on_startup:754 | 图片缓存: [OK] 启用 | 目录: ./cache/images | 有效期: 7天
2026-05-20 22:30:45.424 | INFO     | app.core.config:validate_config_on_startup:760 | 日志: 级别=INFO | 文件=./logs/app.log | 轮转=10 MB | 保留=7 days
2026-05-20 22:30:45.424 | INFO     | app.core.config:validate_config_on_startup:766 | ==================================================
2026-05-20 22:30:45.437 | INFO     | app.core.database:init_db:260 | 表创建完成 (9 张表)
2026-05-20 22:30:45.438 | INFO     | app.main:lifespan:98 | [Startup] [OK] 数据库表初始化完成
2026-05-20 22:30:45.684 | INFO     | app.core.seed:seed_database:56 | 数据库已有数据，跳过种子初始化
2026-05-20 22:30:45.685 | INFO     | app.main:lifespan:106 | [Startup] [OK] 种子数据初始化完成
2026-05-20 22:30:45.686 | INFO     | app.main:lifespan:112 | [Startup] [OK] http://0.0.0.0:8000 | /docs | /health
2026-05-20 22:30:45.687 | INFO     | app.main:lifespan:113 | ============================================================
2026-05-20 22:30:45.688 | INFO     | app.main:lifespan:119 | [Startup] 封面缓存清理任务已启动
2026-05-20 22:30:45.688 | INFO     | app.main:lifespan:125 | [Startup] 自动备份任务已启动 (间隔: 24h)
2026-05-20 22:31:00.459 | INFO     | app.main:audit_request_middleware:261 | [GET] /api/admin/stats → 200 (0.108s)
2026-05-20 22:31:20.636 | INFO     | app.main:lifespan:145 | ============================================================
2026-05-20 22:31:20.637 | INFO     | app.main:lifespan:146 | [STOP] 书房管理系统 正在关闭...
2026-05-20 22:31:20.637 | INFO     | app.main:lifespan:147 | ============================================================
2026-05-20 22:31:20.640 | INFO     | app.core.database:close_all_connections:373 | 同步连接已关闭
2026-05-20 22:31:20.640 | INFO     | app.main:lifespan:153 | [Shutdown] [OK] 已安全关闭
2026-05-20 22:31:20.641 | INFO     | app.main:lifespan:154 | ============================================================
2026-05-20 22:31:27.234 | INFO     | app.main:setup_logging:83 | 日志系统已初始化 | 文件: ./logs/app.log | 错误: logs\app.error.log
2026-05-20 22:31:27.235 | INFO     | app.main:lifespan:90 | ============================================================
2026-05-20 22:31:27.237 | INFO     | app.main:lifespan:91 | [START] 书房管理系统 v2.0.0 启动中...
2026-05-20 22:31:27.238 | INFO     | app.main:lifespan:92 | ============================================================
2026-05-20 22:31:27.239 | INFO     | app.core.config:validate_config_on_startup:730 | 目录已就绪: logs
2026-05-20 22:31:27.240 | INFO     | app.core.config:validate_config_on_startup:730 | 目录已就绪: cache\images
2026-05-20 22:31:27.241 | INFO     | app.core.config:validate_config_on_startup:730 | 目录已就绪: backups
2026-05-20 22:31:27.242 | INFO     | app.core.config:validate_config_on_startup:743 | ==================================================
2026-05-20 22:31:27.242 | INFO     | app.core.config:validate_config_on_startup:744 | 书房管理系统 v2.0.0
2026-05-20 22:31:27.244 | INFO     | app.core.config:validate_config_on_startup:745 | 运行模式: [DEV] 开发
2026-05-20 22:31:27.245 | INFO     | app.core.config:validate_config_on_startup:749 | 数据库: ./bookshelf.db
2026-05-20 22:31:27.245 | INFO     | app.core.config:validate_config_on_startup:750 | 豆瓣 Cookie: [INFO] 未配置（豆瓣同步功能不可用）
2026-05-20 22:31:27.246 | INFO     | app.core.config:validate_config_on_startup:754 | 图片缓存: [OK] 启用 | 目录: ./cache/images | 有效期: 7天
2026-05-20 22:31:27.246 | INFO     | app.core.config:validate_config_on_startup:760 | 日志: 级别=INFO | 文件=./logs/app.log | 轮转=10 MB | 保留=7 days
2026-05-20 22:31:27.247 | INFO     | app.core.config:validate_config_on_startup:766 | ==================================================
2026-05-20 22:31:27.254 | INFO     | app.core.database:init_db:260 | 表创建完成 (9 张表)
2026-05-20 22:31:27.255 | INFO     | app.main:lifespan:98 | [Startup] [OK] 数据库表初始化完成
2026-05-20 22:31:27.331 | INFO     | app.core.seed:seed_database:56 | 数据库已有数据，跳过种子初始化
2026-05-20 22:31:27.331 | INFO     | app.main:lifespan:106 | [Startup] [OK] 种子数据初始化完成
2026-05-20 22:31:27.332 | INFO     | app.main:lifespan:112 | [Startup] [OK] http://0.0.0.0:8000 | /docs | /health
2026-05-20 22:31:27.332 | INFO     | app.main:lifespan:113 | ============================================================
2026-05-20 22:31:27.333 | INFO     | app.main:lifespan:119 | [Startup] 封面缓存清理任务已启动
2026-05-20 22:31:27.333 | INFO     | app.main:lifespan:125 | [Startup] 自动备份任务已启动 (间隔: 24h)
2026-05-20 22:31:31.788 | INFO     | app.main:audit_request_middleware:261 | [GET] /api/admin/stats → 200 (0.132s)
2026-05-20 22:31:54.362 | INFO     | app.main:audit_request_middleware:261 | [GET] /api/admin/stats → 200 (0.091s)
2026-05-20 22:31:56.862 | INFO     | app.main:audit_request_middleware:261 | [GET] /api/admin/stats → 200 (0.060s)
2026-05-20 22:31:58.787 | INFO     | app.main:audit_request_middleware:261 | [GET] /api/admin/stats → 200 (0.086s)
2026-05-20 22:32:27.584 | INFO     | app.main:audit_request_middleware:261 | [GET] /api/physical-shelves/ → 200 (0.081s)
2026-05-20 22:32:31.399 | INFO     | app.main:audit_request_middleware:261 | [GET] /api/shelves/ → 200 (0.033s)
2026-05-20 22:32:35.990 | INFO     | app.main:audit_request_middleware:261 | [DELETE] /api/shelves/8 → 200 (0.009s)
2026-05-20 22:32:39.761 | INFO     | app.main:audit_request_middleware:261 | [GET] /api/shelves/ → 200 (0.022s)
2026-05-20 22:32:39.793 | INFO     | app.main:audit_request_middleware:261 | [GET] /api/books/all → 200 (0.030s)
2026-05-20 22:32:46.133 | INFO     | app.main:audit_request_middleware:261 | [DELETE] /api/books/68 → 200 (0.011s)
2026-05-20 22:32:59.069 | INFO     | app.main:audit_request_middleware:261 | [GET] /api/shelves/ → 200 (0.030s)
2026-05-20 22:32:59.098 | INFO     | app.main:audit_request_middleware:261 | [GET] /api/books/all → 200 (0.026s)
2026-05-20 22:34:22.415 | INFO     | app.main:audit_request_middleware:261 | [DELETE] /api/books/52 → 200 (0.005s)
2026-05-20 22:34:31.209 | INFO     | app.main:audit_request_middleware:261 | [DELETE] /api/books/60 → 200 (0.011s)
2026-05-20 22:35:45.720 | INFO     | app.services.backup_service:create_backup:200 | 备份已创建: backup_20260520_223545.backup | 大小: 107.1 KB | 表数: 9 | 总行数: 161
2026-05-20 22:36:27.369 | INFO     | app.services.backup_service:create_backup:200 | 备份已创建: backup_20260520_223627.backup | 大小: 107.8 KB | 表数: 9 | 总行数: 162
2026-05-21 20:10:28.336 | INFO     | app.main:setup_logging:83 | 日志系统已初始化 | 文件: ./logs/app.log | 错误: logs\app.error.log
2026-05-21 20:10:28.337 | INFO     | app.main:lifespan:90 | ============================================================
2026-05-21 20:10:28.338 | INFO     | app.main:lifespan:91 | [START] 书房管理系统 v2.0.0 启动中...
2026-05-21 20:10:28.338 | INFO     | app.main:lifespan:92 | ============================================================
2026-05-21 20:10:28.339 | INFO     | app.core.config:validate_config_on_startup:730 | 目录已就绪: logs
2026-05-21 20:10:28.340 | INFO     | app.core.config:validate_config_on_startup:730 | 目录已就绪: cache\images
2026-05-21 20:10:28.341 | INFO     | app.core.config:validate_config_on_startup:730 | 目录已就绪: backups
2026-05-21 20:10:28.341 | INFO     | app.core.config:validate_config_on_startup:743 | ==================================================
2026-05-21 20:10:28.342 | INFO     | app.core.config:validate_config_on_startup:744 | 书房管理系统 v2.0.0
2026-05-21 20:10:28.342 | INFO     | app.core.config:validate_config_on_startup:745 | 运行模式: [DEV] 开发
2026-05-21 20:10:28.343 | INFO     | app.core.config:validate_config_on_startup:749 | 数据库: ./bookshelf.db
2026-05-21 20:10:28.343 | INFO     | app.core.config:validate_config_on_startup:750 | 豆瓣 Cookie: [INFO] 未配置（豆瓣同步功能不可用）
2026-05-21 20:10:28.343 | INFO     | app.core.config:validate_config_on_startup:754 | 图片缓存: [OK] 启用 | 目录: ./cache/images | 有效期: 7天
2026-05-21 20:10:28.344 | INFO     | app.core.config:validate_config_on_startup:760 | 日志: 级别=INFO | 文件=./logs/app.log | 轮转=10 MB | 保留=7 days
2026-05-21 20:10:28.344 | INFO     | app.core.config:validate_config_on_startup:766 | ==================================================
2026-05-21 20:10:28.365 | INFO     | app.core.database:init_db:260 | 表创建完成 (9 张表)
2026-05-21 20:10:28.365 | INFO     | app.main:lifespan:98 | [Startup] [OK] 数据库表初始化完成
2026-05-21 20:10:28.437 | INFO     | app.core.seed:seed_database:56 | 数据库已有数据，跳过种子初始化
2026-05-21 20:10:28.437 | INFO     | app.main:lifespan:106 | [Startup] [OK] 种子数据初始化完成
2026-05-21 20:10:28.439 | INFO     | app.main:lifespan:112 | [Startup] [OK] http://0.0.0.0:8000 | /docs | /health
2026-05-21 20:10:28.439 | INFO     | app.main:lifespan:113 | ============================================================
2026-05-21 20:10:28.439 | INFO     | app.main:lifespan:119 | [Startup] 封面缓存清理任务已启动
2026-05-21 20:10:28.440 | INFO     | app.main:lifespan:125 | [Startup] 自动备份任务已启动 (间隔: 24h)
2026-05-21 20:10:34.007 | INFO     | app.main:audit_request_middleware:261 | [GET] /api/admin/stats → 200 (0.141s)
2026-05-21 20:10:38.445 | INFO     | app.main:audit_request_middleware:261 | [GET] /api/shelves/ → 200 (0.077s)
2026-05-21 20:10:38.449 | INFO     | app.main:audit_request_middleware:261 | [GET] /api/books/all → 200 (0.081s)
2026-05-21 20:10:47.775 | INFO     | app.main:audit_request_middleware:261 | [DELETE] /api/books/69 → 200 (0.012s)
2026-05-21 20:10:47.803 | INFO     | app.main:audit_request_middleware:261 | [GET] /api/books/all → 200 (0.014s)
2026-05-21 20:15:28.478 | INFO     | app.services.backup_service:create_backup:200 | 备份已创建: backup_20260521_201528.backup | 大小: 106.3 KB | 表数: 9 | 总行数: 162
2026-05-21 20:37:42.390 | INFO     | app.main:audit_request_middleware:261 | [GET] /api/shelves/ → 200 (0.067s)
2026-05-21 20:37:42.392 | INFO     | app.main:audit_request_middleware:261 | [GET] /api/books/all → 200 (0.067s)
2026-05-21 20:37:48.616 | INFO     | app.main:audit_request_middleware:261 | [GET] /api/shelves/ → 200 (0.046s)
2026-05-21 20:37:48.617 | INFO     | app.main:audit_request_middleware:261 | [GET] /api/books/all → 200 (0.046s)
2026-05-21 20:39:49.459 | INFO     | app.main:audit_request_middleware:261 | [GET] /api/books/63 → 200 (0.006s)
2026-05-21 20:42:55.231 | INFO     | app.main:audit_request_middleware:261 | [GET] /api/books/63 → 200 (0.028s)
2026-05-21 20:51:16.270 | INFO     | app.main:audit_request_middleware:261 | [GET] /api/books/63 → 200 (0.013s)
2026-05-21 20:59:29.057 | INFO     | app.main:audit_request_middleware:261 | [GET] /api/admin/stats → 200 (0.221s)
2026-05-21 20:59:33.589 | INFO     | app.main:audit_request_middleware:261 | [GET] /api/backup/list → 200 (0.156s)
2026-05-21 20:59:33.594 | INFO     | app.main:audit_request_middleware:261 | [GET] /api/backup/list-webdav → 200 (0.003s)
2026-05-21 20:59:33.676 | INFO     | app.main:audit_request_middleware:261 | [GET] /api/backup/webdav/config → 200 (0.078s)
2026-05-21 20:59:33.678 | INFO     | app.main:audit_request_middleware:261 | [GET] /api/backup/auto/status → 200 (0.080s)
2026-05-21 20:59:40.509 | INFO     | app.main:audit_request_middleware:261 | [GET] /api/shelves/ → 200 (0.079s)
2026-05-21 20:59:40.511 | INFO     | app.main:audit_request_middleware:261 | [GET] /api/books/all → 200 (0.079s)
2026-05-21 20:59:49.169 | INFO     | app.main:lifespan:145 | ============================================================
2026-05-21 20:59:49.170 | INFO     | app.main:lifespan:146 | [STOP] 书房管理系统 正在关闭...
2026-05-21 20:59:49.171 | INFO     | app.main:lifespan:147 | ============================================================
2026-05-21 20:59:49.223 | INFO     | app.core.database:close_all_connections:373 | 同步连接已关闭
2026-05-21 20:59:49.234 | INFO     | app.main:lifespan:153 | [Shutdown] [OK] 已安全关闭
2026-05-21 20:59:49.235 | INFO     | app.main:lifespan:154 | ============================================================
2026-05-21 21:00:04.418 | INFO     | app.main:setup_logging:83 | 日志系统已初始化 | 文件: ./logs/app.log | 错误: logs\app.error.log
2026-05-21 21:00:04.418 | INFO     | app.main:lifespan:90 | ============================================================
2026-05-21 21:00:04.419 | INFO     | app.main:lifespan:91 | [START] 书房管理系统 v2.0.0 启动中...
2026-05-21 21:00:04.419 | INFO     | app.main:lifespan:92 | ============================================================
2026-05-21 21:00:04.421 | INFO     | app.core.config:validate_config_on_startup:730 | 目录已就绪: logs
2026-05-21 21:00:04.422 | INFO     | app.core.config:validate_config_on_startup:730 | 目录已就绪: cache\images
2026-05-21 21:00:04.422 | INFO     | app.core.config:validate_config_on_startup:730 | 目录已就绪: backups
2026-05-21 21:00:04.423 | INFO     | app.core.config:validate_config_on_startup:743 | ==================================================
2026-05-21 21:00:04.423 | INFO     | app.core.config:validate_config_on_startup:744 | 书房管理系统 v2.0.0
2026-05-21 21:00:04.424 | INFO     | app.core.config:validate_config_on_startup:745 | 运行模式: [DEV] 开发
2026-05-21 21:00:04.424 | INFO     | app.core.config:validate_config_on_startup:749 | 数据库: ./bookshelf.db
2026-05-21 21:00:04.425 | INFO     | app.core.config:validate_config_on_startup:750 | 豆瓣 Cookie: [INFO] 未配置（豆瓣同步功能不可用）
2026-05-21 21:00:04.426 | INFO     | app.core.config:validate_config_on_startup:754 | 图片缓存: [OK] 启用 | 目录: ./cache/images | 有效期: 7天
2026-05-21 21:00:04.426 | INFO     | app.core.config:validate_config_on_startup:760 | 日志: 级别=INFO | 文件=./logs/app.log | 轮转=10 MB | 保留=7 days
2026-05-21 21:00:04.427 | INFO     | app.core.config:validate_config_on_startup:766 | ==================================================
2026-05-21 21:00:04.440 | INFO     | app.core.database:init_db:260 | 表创建完成 (9 张表)
2026-05-21 21:00:04.440 | INFO     | app.main:lifespan:98 | [Startup] [OK] 数据库表初始化完成
2026-05-21 21:00:04.511 | INFO     | app.core.seed:seed_database:56 | 数据库已有数据，跳过种子初始化
2026-05-21 21:00:04.511 | INFO     | app.main:lifespan:106 | [Startup] [OK] 种子数据初始化完成
2026-05-21 21:00:04.512 | INFO     | app.main:lifespan:112 | [Startup] [OK] http://0.0.0.0:8000 | /docs | /health
2026-05-21 21:00:04.513 | INFO     | app.main:lifespan:113 | ============================================================
2026-05-21 21:00:04.513 | INFO     | app.main:lifespan:119 | [Startup] 封面缓存清理任务已启动
2026-05-21 21:00:04.513 | INFO     | app.main:lifespan:125 | [Startup] 自动备份任务已启动 (间隔: 24h)
2026-05-21 21:02:32.475 | INFO     | app.main:audit_request_middleware:261 | [GET] /api/admin/stats → 200 (0.202s)
2026-05-21 21:03:16.154 | INFO     | app.main:audit_request_middleware:261 | [GET] /api/shelves/ → 200 (0.057s)
2026-05-21 21:03:16.156 | INFO     | app.main:audit_request_middleware:261 | [GET] /api/books/all → 200 (0.058s)
2026-05-21 21:05:04.561 | INFO     | app.services.backup_service:create_backup:200 | 备份已创建: backup_20260521_210504.backup | 大小: 106.9 KB | 表数: 9 | 总行数: 163
2026-05-21 21:14:06.619 | INFO     | app.main:audit_request_middleware:261 | [GET] /api/books/67 → 200 (0.023s)
2026-05-21 21:43:09.783 | INFO     | app.main:audit_request_middleware:261 | [GET] /api/books/67 → 200 (0.037s)
2026-05-21 21:43:57.759 | INFO     | app.main:audit_request_middleware:261 | [GET] /api/books/67 → 200 (0.011s)
2026-05-21 21:43:59.646 | INFO     | app.main:audit_request_middleware:261 | [GET] /api/nfc/scan-link → 200 (0.001s)
2026-05-21 21:43:59.651 | INFO     | app.main:audit_request_middleware:261 | [GET] /api/nfc/scan-link → 200 (0.001s)
2026-05-21 21:43:59.692 | INFO     | app.main:audit_request_middleware:261 | [GET] /api/shelves/ → 200 (0.035s)
2026-05-21 21:43:59.873 | INFO     | app.main:audit_request_middleware:261 | [GET] /api/nfc/shelf-info/7 → 200 (0.089s)
2026-05-21 21:44:02.585 | INFO     | app.main:audit_request_middleware:261 | [GET] /api/shelves/ → 200 (0.193s)
2026-05-21 21:44:02.587 | INFO     | app.main:audit_request_middleware:261 | [GET] /api/shelves/1/books → 200 (0.194s)
2026-05-21 21:44:05.795 | INFO     | app.main:audit_request_middleware:261 | [GET] /api/books/3 → 200 (0.044s)
2026-05-21 21:44:10.003 | INFO     | app.main:audit_request_middleware:261 | [GET] /api/books/3 → 200 (0.043s)
2026-05-23 12:51:33.925 | INFO     | app.main:setup_logging:83 | 日志系统已初始化 | 文件: ./logs/app.log | 错误: logs\app.error.log
2026-05-23 12:51:33.925 | INFO     | app.main:lifespan:90 | ============================================================
2026-05-23 12:51:33.926 | INFO     | app.main:lifespan:91 | [START] 书房管理系统 v2.0.0 启动中...
2026-05-23 12:51:33.926 | INFO     | app.main:lifespan:92 | ============================================================
2026-05-23 12:51:33.927 | INFO     | app.core.config:validate_config_on_startup:730 | 目录已就绪: logs
2026-05-23 12:51:33.928 | INFO     | app.core.config:validate_config_on_startup:730 | 目录已就绪: cache\images
2026-05-23 12:51:33.928 | INFO     | app.core.config:validate_config_on_startup:730 | 目录已就绪: backups
2026-05-23 12:51:33.929 | INFO     | app.core.config:validate_config_on_startup:743 | ==================================================
2026-05-23 12:51:33.930 | INFO     | app.core.config:validate_config_on_startup:744 | 书房管理系统 v2.0.0
2026-05-23 12:51:33.932 | INFO     | app.core.config:validate_config_on_startup:745 | 运行模式: [DEV] 开发
2026-05-23 12:51:33.932 | INFO     | app.core.config:validate_config_on_startup:749 | 数据库: ./bookshelf.db
2026-05-23 12:51:33.933 | INFO     | app.core.config:validate_config_on_startup:750 | 豆瓣 Cookie: [INFO] 未配置（豆瓣同步功能不可用）
2026-05-23 12:51:33.933 | INFO     | app.core.config:validate_config_on_startup:754 | 图片缓存: [OK] 启用 | 目录: ./cache/images | 有效期: 7天
2026-05-23 12:51:33.934 | INFO     | app.core.config:validate_config_on_startup:760 | 日志: 级别=INFO | 文件=./logs/app.log | 轮转=10 MB | 保留=7 days
2026-05-23 12:51:33.934 | INFO     | app.core.config:validate_config_on_startup:766 | ==================================================
2026-05-23 12:51:33.961 | INFO     | app.core.database:init_db:260 | 表创建完成 (9 张表)
2026-05-23 12:51:33.962 | INFO     | app.main:lifespan:98 | [Startup] [OK] 数据库表初始化完成
2026-05-23 12:51:34.039 | INFO     | app.core.seed:seed_database:56 | 数据库已有数据，跳过种子初始化
2026-05-23 12:51:34.039 | INFO     | app.main:lifespan:106 | [Startup] [OK] 种子数据初始化完成
2026-05-23 12:51:34.040 | INFO     | app.main:lifespan:112 | [Startup] [OK] http://0.0.0.0:8000 | /docs | /health
2026-05-23 12:51:34.041 | INFO     | app.main:lifespan:113 | ============================================================
2026-05-23 12:51:34.041 | INFO     | app.main:lifespan:119 | [Startup] 封面缓存清理任务已启动
2026-05-23 12:51:34.042 | INFO     | app.main:lifespan:125 | [Startup] 自动备份任务已启动 (间隔: 24h)
2026-05-23 12:52:10.725 | INFO     | app.main:audit_request_middleware:261 | [GET] /api/admin/stats → 200 (0.260s)
2026-05-23 12:52:13.564 | INFO     | app.main:audit_request_middleware:261 | [GET] /api/shelves/ → 200 (0.092s)
2026-05-23 12:52:13.566 | INFO     | app.main:audit_request_middleware:261 | [GET] /api/shelves/1/books → 200 (0.093s)
2026-05-23 12:52:15.461 | INFO     | app.main:audit_request_middleware:261 | [GET] /api/books/3 → 200 (0.026s)
2026-05-23 12:52:17.695 | INFO     | app.main:audit_request_middleware:261 | [GET] /api/books/3 → 200 (0.030s)
2026-05-23 12:52:22.796 | INFO     | app.main:audit_request_middleware:261 | [GET] /api/books/3 → 200 (0.016s)
2026-05-23 12:52:43.367 | INFO     | app.main:audit_request_middleware:261 | [GET] /api/books/67 → 200 (0.007s)
2026-05-23 12:52:46.750 | INFO     | app.main:audit_request_middleware:261 | [GET] /api/shelves/ → 200 (0.047s)
2026-05-23 12:52:46.752 | INFO     | app.main:audit_request_middleware:261 | [GET] /api/books/all → 200 (0.049s)
2026-05-23 12:52:52.103 | INFO     | app.main:audit_request_middleware:261 | [GET] /api/books/67 → 200 (0.007s)
2026-05-23 12:52:58.140 | INFO     | app.main:audit_request_middleware:261 | [GET] /api/books/67 → 200 (0.018s)
2026-05-23 12:56:34.083 | INFO     | app.services.backup_service:create_backup:200 | 备份已创建: backup_20260523_125634.backup | 大小: 107.6 KB | 表数: 9 | 总行数: 164
2026-05-23 13:04:55.874 | INFO     | app.main:audit_request_middleware:261 | [GET] /api/books/67 → 200 (0.006s)
2026-05-23 13:06:16.276 | INFO     | app.main:setup_logging:83 | 日志系统已初始化 | 文件: ./logs/app.log | 错误: logs\app.error.log
2026-05-23 13:06:16.277 | INFO     | app.main:lifespan:90 | ============================================================
2026-05-23 13:06:16.277 | INFO     | app.main:lifespan:91 | [START] 书房管理系统 v2.0.0 启动中...
2026-05-23 13:06:16.278 | INFO     | app.main:lifespan:92 | ============================================================
2026-05-23 13:06:16.278 | INFO     | app.core.config:validate_config_on_startup:730 | 目录已就绪: logs
2026-05-23 13:06:16.279 | INFO     | app.core.config:validate_config_on_startup:730 | 目录已就绪: cache\images
2026-05-23 13:06:16.279 | INFO     | app.core.config:validate_config_on_startup:730 | 目录已就绪: backups
2026-05-23 13:06:16.279 | INFO     | app.core.config:validate_config_on_startup:743 | ==================================================
2026-05-23 13:06:16.280 | INFO     | app.core.config:validate_config_on_startup:744 | 书房管理系统 v2.0.0
2026-05-23 13:06:16.280 | INFO     | app.core.config:validate_config_on_startup:745 | 运行模式: [DEV] 开发
2026-05-23 13:06:16.280 | INFO     | app.core.config:validate_config_on_startup:749 | 数据库: ./bookshelf.db
2026-05-23 13:06:16.280 | INFO     | app.core.config:validate_config_on_startup:750 | 豆瓣 Cookie: [INFO] 未配置（豆瓣同步功能不可用）
2026-05-23 13:06:16.281 | INFO     | app.core.config:validate_config_on_startup:754 | 图片缓存: [OK] 启用 | 目录: ./cache/images | 有效期: 7天
2026-05-23 13:06:16.281 | INFO     | app.core.config:validate_config_on_startup:760 | 日志: 级别=INFO | 文件=./logs/app.log | 轮转=10 MB | 保留=7 days
2026-05-23 13:06:16.281 | INFO     | app.core.config:validate_config_on_startup:766 | ==================================================
2026-05-23 13:06:16.293 | INFO     | app.core.database:init_db:260 | 表创建完成 (9 张表)
2026-05-23 13:06:16.294 | INFO     | app.main:lifespan:98 | [Startup] [OK] 数据库表初始化完成
2026-05-23 13:06:16.351 | INFO     | app.core.seed:seed_database:56 | 数据库已有数据，跳过种子初始化
2026-05-23 13:06:16.351 | INFO     | app.main:lifespan:106 | [Startup] [OK] 种子数据初始化完成
2026-05-23 13:06:16.351 | INFO     | app.main:lifespan:112 | [Startup] [OK] http://0.0.0.0:8000 | /docs | /health
2026-05-23 13:06:16.352 | INFO     | app.main:lifespan:113 | ============================================================
2026-05-23 13:06:16.352 | INFO     | app.main:lifespan:119 | [Startup] 封面缓存清理任务已启动
2026-05-23 13:06:16.352 | INFO     | app.main:lifespan:125 | [Startup] 自动备份任务已启动 (间隔: 24h)
2026-05-23 13:06:35.455 | INFO     | app.main:audit_request_middleware:261 | [GET] /api/books/67 → 200 (0.021s)
2026-05-23 13:07:54.354 | INFO     | app.main:setup_logging:83 | 日志系统已初始化 | 文件: ./logs/app.log | 错误: logs\app.error.log
2026-05-23 13:07:54.354 | INFO     | app.main:lifespan:90 | ============================================================
2026-05-23 13:07:54.355 | INFO     | app.main:lifespan:91 | [START] 书房管理系统 v2.0.0 启动中...
2026-05-23 13:07:54.356 | INFO     | app.main:lifespan:92 | ============================================================
2026-05-23 13:07:54.357 | INFO     | app.core.config:validate_config_on_startup:730 | 目录已就绪: logs
2026-05-23 13:07:54.358 | INFO     | app.core.config:validate_config_on_startup:730 | 目录已就绪: cache\images
2026-05-23 13:07:54.359 | INFO     | app.core.config:validate_config_on_startup:730 | 目录已就绪: backups
2026-05-23 13:07:54.359 | INFO     | app.core.config:validate_config_on_startup:743 | ==================================================
2026-05-23 13:07:54.360 | INFO     | app.core.config:validate_config_on_startup:744 | 书房管理系统 v2.0.0
2026-05-23 13:07:54.361 | INFO     | app.core.config:validate_config_on_startup:745 | 运行模式: [DEV] 开发
2026-05-23 13:07:54.361 | INFO     | app.core.config:validate_config_on_startup:749 | 数据库: ./bookshelf.db
2026-05-23 13:07:54.362 | INFO     | app.core.config:validate_config_on_startup:750 | 豆瓣 Cookie: [INFO] 未配置（豆瓣同步功能不可用）
2026-05-23 13:07:54.363 | INFO     | app.core.config:validate_config_on_startup:754 | 图片缓存: [OK] 启用 | 目录: ./cache/images | 有效期: 7天
2026-05-23 13:07:54.363 | INFO     | app.core.config:validate_config_on_startup:760 | 日志: 级别=INFO | 文件=./logs/app.log | 轮转=10 MB | 保留=7 days
2026-05-23 13:07:54.363 | INFO     | app.core.config:validate_config_on_startup:766 | ==================================================
2026-05-23 13:07:54.371 | INFO     | app.core.database:init_db:260 | 表创建完成 (9 张表)
2026-05-23 13:07:54.372 | INFO     | app.main:lifespan:98 | [Startup] [OK] 数据库表初始化完成
2026-05-23 13:07:54.516 | INFO     | app.core.seed:seed_database:56 | 数据库已有数据，跳过种子初始化
2026-05-23 13:07:54.536 | INFO     | app.main:lifespan:106 | [Startup] [OK] 种子数据初始化完成
2026-05-23 13:07:54.544 | INFO     | app.main:lifespan:112 | [Startup] [OK] http://0.0.0.0:8000 | /docs | /health
2026-05-23 13:07:54.545 | INFO     | app.main:lifespan:113 | ============================================================
2026-05-23 13:07:54.546 | INFO     | app.main:lifespan:119 | [Startup] 封面缓存清理任务已启动
2026-05-23 13:07:54.546 | INFO     | app.main:lifespan:125 | [Startup] 自动备份任务已启动 (间隔: 24h)
2026-05-23 13:07:58.920 | INFO     | app.main:audit_request_middleware:261 | [GET] /api/books/67 → 200 (0.021s)
2026-05-23 13:08:05.047 | INFO     | app.main:audit_request_middleware:261 | [GET] /api/books/67 → 200 (0.004s)
2026-05-23 13:08:09.711 | INFO     | app.main:audit_request_middleware:261 | [GET] /api/books/67 → 200 (0.006s)
2026-05-23 13:08:14.851 | INFO     | app.main:audit_request_middleware:261 | [GET] /api/books/67 → 200 (0.013s)
2026-05-23 13:08:42.721 | INFO     | app.main:audit_request_middleware:261 | [GET] /api/books/67 → 200 (0.013s)
2026-05-23 13:08:47.905 | INFO     | app.main:audit_request_middleware:261 | [GET] /api/books/67 → 200 (0.012s)
2026-05-23 13:10:39.294 | INFO     | app.main:audit_request_middleware:261 | [GET] /api/books/67 → 200 (0.013s)
2026-05-23 13:11:16.399 | INFO     | app.services.backup_service:create_backup:200 | 备份已创建: backup_20260523_131116.backup | 大小: 108.3 KB | 表数: 9 | 总行数: 165
2026-05-23 13:11:21.701 | INFO     | app.main:audit_request_middleware:261 | [GET] /api/books/67 → 200 (0.008s)
2026-05-23 13:12:54.631 | INFO     | app.services.backup_service:create_backup:200 | 备份已创建: backup_20260523_131254.backup | 大小: 109.0 KB | 表数: 9 | 总行数: 166
2026-05-23 13:13:23.580 | INFO     | app.main:audit_request_middleware:261 | [GET] /api/backup/list → 200 (0.292s)
2026-05-23 13:13:23.659 | INFO     | app.main:audit_request_middleware:261 | [GET] /api/backup/auto/status → 200 (0.077s)
2026-05-23 13:13:23.660 | INFO     | app.main:audit_request_middleware:261 | [GET] /api/backup/list-webdav → 200 (0.079s)
2026-05-23 13:13:23.662 | INFO     | app.main:audit_request_middleware:261 | [GET] /api/backup/webdav/config → 200 (0.076s)
2026-05-23 13:13:35.069 | INFO     | app.services.backup_service:delete_backups:310 | 已删除备份: backup_20260520_173717.backup
2026-05-23 13:13:35.070 | INFO     | app.main:audit_request_middleware:261 | [DELETE] /api/backup/delete → 200 (0.004s)
2026-05-23 13:13:43.712 | INFO     | app.services.backup_service:delete_backups:310 | 已删除备份: backup_20260520_174302.backup
2026-05-23 13:13:43.713 | INFO     | app.main:audit_request_middleware:261 | [DELETE] /api/backup/delete → 200 (0.003s)
2026-05-23 13:23:06.488 | INFO     | app.main:lifespan:145 | ============================================================
2026-05-23 13:23:06.490 | INFO     | app.main:lifespan:146 | [STOP] 书房管理系统 正在关闭...
2026-05-23 13:23:06.491 | INFO     | app.main:lifespan:147 | ============================================================
2026-05-23 13:23:06.495 | INFO     | app.core.database:close_all_connections:373 | 同步连接已关闭
2026-05-23 13:23:06.496 | INFO     | app.main:lifespan:153 | [Shutdown] [OK] 已安全关闭
2026-05-23 13:23:06.496 | INFO     | app.main:lifespan:154 | ============================================================
2026-05-23 13:25:50.054 | INFO     | app.main:setup_logging:83 | 日志系统已初始化 | 文件: ./logs/app.log | 错误: logs\app.error.log
2026-05-23 13:25:50.054 | INFO     | app.main:lifespan:90 | ============================================================
2026-05-23 13:25:50.055 | INFO     | app.main:lifespan:91 | [START] 书房管理系统 v2.0.0 启动中...
2026-05-23 13:25:50.055 | INFO     | app.main:lifespan:92 | ============================================================
2026-05-23 13:25:50.056 | INFO     | app.core.config:validate_config_on_startup:730 | 目录已就绪: logs
2026-05-23 13:25:50.057 | INFO     | app.core.config:validate_config_on_startup:730 | 目录已就绪: cache\images
2026-05-23 13:25:50.058 | INFO     | app.core.config:validate_config_on_startup:730 | 目录已就绪: backups
2026-05-23 13:25:50.058 | INFO     | app.core.config:validate_config_on_startup:743 | ==================================================
2026-05-23 13:25:50.059 | INFO     | app.core.config:validate_config_on_startup:744 | 书房管理系统 v2.0.0
2026-05-23 13:25:50.059 | INFO     | app.core.config:validate_config_on_startup:745 | 运行模式: [DEV] 开发
2026-05-23 13:25:50.059 | INFO     | app.core.config:validate_config_on_startup:749 | 数据库: ./bookshelf.db
2026-05-23 13:25:50.060 | INFO     | app.core.config:validate_config_on_startup:750 | 豆瓣 Cookie: [INFO] 未配置（豆瓣同步功能不可用）
2026-05-23 13:25:50.060 | INFO     | app.core.config:validate_config_on_startup:754 | 图片缓存: [OK] 启用 | 目录: ./cache/images | 有效期: 7天
2026-05-23 13:25:50.061 | INFO     | app.core.config:validate_config_on_startup:760 | 日志: 级别=INFO | 文件=./logs/app.log | 轮转=10 MB | 保留=7 days
2026-05-23 13:25:50.061 | INFO     | app.core.config:validate_config_on_startup:766 | ==================================================
2026-05-23 13:25:50.078 | INFO     | app.core.database:init_db:260 | 表创建完成 (9 张表)
2026-05-23 13:25:50.079 | INFO     | app.main:lifespan:98 | [Startup] [OK] 数据库表初始化完成
2026-05-23 13:25:50.157 | INFO     | app.core.seed:seed_database:56 | 数据库已有数据，跳过种子初始化
2026-05-23 13:25:50.157 | INFO     | app.main:lifespan:106 | [Startup] [OK] 种子数据初始化完成
2026-05-23 13:25:50.158 | INFO     | app.main:lifespan:112 | [Startup] [OK] http://0.0.0.0:8000 | /docs | /health
2026-05-23 13:25:50.158 | INFO     | app.main:lifespan:113 | ============================================================
2026-05-23 13:25:50.159 | INFO     | app.main:lifespan:119 | [Startup] 封面缓存清理任务已启动
2026-05-23 13:25:50.159 | INFO     | app.main:lifespan:125 | [Startup] 自动备份任务已启动 (间隔: 24h)
2026-05-23 13:26:36.043 | INFO     | app.main:setup_logging:83 | 日志系统已初始化 | 文件: ./logs/app.log | 错误: logs\app.error.log
2026-05-23 13:26:36.044 | INFO     | app.main:lifespan:90 | ============================================================
2026-05-23 13:26:36.047 | INFO     | app.main:lifespan:91 | [START] 书房管理系统 v2.0.0 启动中...
2026-05-23 13:26:36.049 | INFO     | app.main:lifespan:92 | ============================================================
2026-05-23 13:26:36.055 | INFO     | app.core.config:validate_config_on_startup:730 | 目录已就绪: logs
2026-05-23 13:26:36.058 | INFO     | app.core.config:validate_config_on_startup:730 | 目录已就绪: cache\images
2026-05-23 13:26:36.061 | INFO     | app.core.config:validate_config_on_startup:730 | 目录已就绪: backups
2026-05-23 13:26:36.061 | INFO     | app.core.config:validate_config_on_startup:743 | ==================================================
2026-05-23 13:26:36.065 | INFO     | app.core.config:validate_config_on_startup:744 | 书房管理系统 v2.0.0
2026-05-23 13:26:36.066 | INFO     | app.core.config:validate_config_on_startup:745 | 运行模式: [DEV] 开发
2026-05-23 13:26:36.066 | INFO     | app.core.config:validate_config_on_startup:749 | 数据库: ./bookshelf.db
2026-05-23 13:26:36.067 | INFO     | app.core.config:validate_config_on_startup:750 | 豆瓣 Cookie: [INFO] 未配置（豆瓣同步功能不可用）
2026-05-23 13:26:36.068 | INFO     | app.core.config:validate_config_on_startup:754 | 图片缓存: [OK] 启用 | 目录: ./cache/images | 有效期: 7天
2026-05-23 13:26:36.069 | INFO     | app.core.config:validate_config_on_startup:760 | 日志: 级别=INFO | 文件=./logs/app.log | 轮转=10 MB | 保留=7 days
2026-05-23 13:26:36.070 | INFO     | app.core.config:validate_config_on_startup:766 | ==================================================
2026-05-23 13:26:36.093 | INFO     | app.core.database:init_db:260 | 表创建完成 (9 张表)
2026-05-23 13:26:36.094 | INFO     | app.main:lifespan:98 | [Startup] [OK] 数据库表初始化完成
2026-05-23 13:26:36.431 | INFO     | app.core.seed:seed_database:56 | 数据库已有数据，跳过种子初始化
2026-05-23 13:26:36.436 | INFO     | app.main:lifespan:106 | [Startup] [OK] 种子数据初始化完成
2026-05-23 13:26:36.438 | INFO     | app.main:lifespan:112 | [Startup] [OK] http://0.0.0.0:8000 | /docs | /health
2026-05-23 13:26:36.439 | INFO     | app.main:lifespan:113 | ============================================================
2026-05-23 13:26:36.440 | INFO     | app.main:lifespan:119 | [Startup] 封面缓存清理任务已启动
2026-05-23 13:26:36.441 | INFO     | app.main:lifespan:125 | [Startup] 自动备份任务已启动 (间隔: 24h)
2026-05-23 13:26:45.038 | INFO     | app.main:audit_request_middleware:261 | [GET] /api/shelves/1/books/index/1 → 200 (0.028s)
2026-05-23 13:26:45.558 | INFO     | app.main:audit_request_middleware:261 | [GET] /api/books/1 → 200 (0.042s)
2026-05-23 13:27:22.644 | INFO     | app.main:audit_request_middleware:261 | [GET] /api/backup/list → 200 (0.093s)
2026-05-23 13:27:22.753 | INFO     | app.main:audit_request_middleware:261 | [GET] /api/backup/list-webdav → 200 (0.105s)
2026-05-23 13:27:22.755 | INFO     | app.main:audit_request_middleware:261 | [GET] /api/backup/auto/status → 200 (0.107s)
2026-05-23 13:27:22.756 | INFO     | app.main:audit_request_middleware:261 | [GET] /api/backup/webdav/config → 200 (0.108s)
2026-05-23 13:27:27.719 | INFO     | app.main:audit_request_middleware:261 | [GET] /api/admin/stats → 200 (0.152s)
2026-05-23 13:27:34.818 | INFO     | app.main:audit_request_middleware:261 | [GET] /api/shelves/ → 200 (0.040s)
2026-05-23 13:27:34.981 | INFO     | app.main:audit_request_middleware:261 | [GET] /api/shelves/1/books → 200 (0.163s)
2026-05-23 13:27:39.438 | INFO     | app.main:audit_request_middleware:261 | [GET] /api/books/9 → 200 (0.034s)
2026-05-23 13:27:47.086 | INFO     | app.main:audit_request_middleware:261 | [GET] /api/shelves/ → 200 (0.062s)
2026-05-23 13:27:47.088 | INFO     | app.main:audit_request_middleware:261 | [GET] /api/books/all → 200 (0.062s)
2026-05-23 13:27:53.973 | INFO     | app.main:audit_request_middleware:261 | [GET] /api/books/67 → 200 (0.016s)
2026-05-23 13:28:03.853 | INFO     | app.main:audit_request_middleware:261 | [GET] /api/books/67 → 200 (0.038s)
2026-05-23 13:29:15.045 | INFO     | app.main:audit_request_middleware:261 | [GET] /api/backup/list → 200 (0.085s)
2026-05-23 13:29:15.048 | INFO     | app.main:audit_request_middleware:261 | [GET] /api/backup/webdav/config → 200 (0.002s)
2026-05-23 13:29:15.050 | INFO     | app.main:audit_request_middleware:261 | [GET] /api/backup/list-webdav → 200 (0.004s)
2026-05-23 13:29:15.113 | INFO     | app.main:audit_request_middleware:261 | [GET] /api/backup/auto/status → 200 (0.061s)
2026-05-23 13:30:26.576 | INFO     | app.main:audit_request_middleware:261 | [POST] /api/backup/webdav/test → 200 (0.001s)
2026-05-23 13:30:33.816 | INFO     | app.main:audit_request_middleware:261 | [POST] /api/backup/webdav/test → 200 (0.001s)
2026-05-23 13:30:50.195 | INFO     | app.services.backup_service:create_backup:200 | 备份已创建: backup_20260523_133050.backup | 大小: 109.7 KB | 表数: 9 | 总行数: 167
2026-05-23 13:31:21.969 | INFO     | app.main:audit_request_middleware:261 | [POST] /api/backup/webdav/test → 200 (0.001s)
2026-05-23 13:31:36.468 | INFO     | app.services.backup_service:create_backup:200 | 备份已创建: backup_20260523_133136.backup | 大小: 110.3 KB | 表数: 9 | 总行数: 168
2026-05-23 13:32:23.803 | INFO     | app.main:audit_request_middleware:261 | [POST] /api/backup/webdav/test → 200 (0.002s)
2026-05-23 13:35:09.512 | INFO     | app.main:audit_request_middleware:261 | [POST] /api/backup/webdav/config → 200 (0.028s)
2026-05-23 13:35:20.498 | INFO     | app.services.backup_service:create_backup:200 | 备份已创建: backup_20260523_133520.backup | 大小: 111.0 KB | 表数: 9 | 总行数: 169
2026-05-23 13:35:20.666 | WARNING  | app.services.backup_service:sync_to_webdav:700 | WebDAV 同步失败 [backup_20260523_133520.backup]: HTTP 405
2026-05-23 13:35:20.670 | INFO     | app.main:audit_request_middleware:261 | [POST] /api/backup/auto/run → 200 (0.200s)
2026-05-23 13:36:26.132 | INFO     | app.main:setup_logging:83 | 日志系统已初始化 | 文件: ./logs/app.log | 错误: logs\app.error.log
2026-05-23 13:36:26.133 | INFO     | app.main:lifespan:90 | ============================================================
2026-05-23 13:36:26.134 | INFO     | app.main:lifespan:91 | [START] 书房管理系统 v2.0.0 启动中...
2026-05-23 13:36:26.135 | INFO     | app.main:lifespan:92 | ============================================================
2026-05-23 13:36:26.136 | INFO     | app.core.config:validate_config_on_startup:730 | 目录已就绪: logs
2026-05-23 13:36:26.138 | INFO     | app.core.config:validate_config_on_startup:730 | 目录已就绪: cache\images
2026-05-23 13:36:26.139 | INFO     | app.core.config:validate_config_on_startup:730 | 目录已就绪: backups
2026-05-23 13:36:26.139 | INFO     | app.core.config:validate_config_on_startup:743 | ==================================================
2026-05-23 13:36:26.139 | INFO     | app.core.config:validate_config_on_startup:744 | 书房管理系统 v2.0.0
2026-05-23 13:36:26.140 | INFO     | app.core.config:validate_config_on_startup:745 | 运行模式: [DEV] 开发
2026-05-23 13:36:26.140 | INFO     | app.core.config:validate_config_on_startup:749 | 数据库: ./bookshelf.db
2026-05-23 13:36:26.140 | INFO     | app.core.config:validate_config_on_startup:750 | 豆瓣 Cookie: [INFO] 未配置（豆瓣同步功能不可用）
2026-05-23 13:36:26.141 | INFO     | app.core.config:validate_config_on_startup:754 | 图片缓存: [OK] 启用 | 目录: ./cache/images | 有效期: 7天
2026-05-23 13:36:26.142 | INFO     | app.core.config:validate_config_on_startup:760 | 日志: 级别=INFO | 文件=./logs/app.log | 轮转=10 MB | 保留=7 days
2026-05-23 13:36:26.142 | INFO     | app.core.config:validate_config_on_startup:766 | ==================================================
2026-05-23 13:36:26.167 | INFO     | app.core.database:init_db:260 | 表创建完成 (9 张表)
2026-05-23 13:36:26.167 | INFO     | app.main:lifespan:98 | [Startup] [OK] 数据库表初始化完成
2026-05-23 13:36:26.292 | INFO     | app.core.seed:seed_database:56 | 数据库已有数据，跳过种子初始化
2026-05-23 13:36:26.292 | INFO     | app.main:lifespan:106 | [Startup] [OK] 种子数据初始化完成
2026-05-23 13:36:26.293 | INFO     | app.main:lifespan:112 | [Startup] [OK] http://0.0.0.0:8000 | /docs | /health
2026-05-23 13:36:26.294 | INFO     | app.main:lifespan:113 | ============================================================
2026-05-23 13:36:26.295 | INFO     | app.main:lifespan:119 | [Startup] 封面缓存清理任务已启动
2026-05-23 13:36:26.295 | INFO     | app.main:lifespan:125 | [Startup] 自动备份任务已启动 (间隔: 24h)
2026-05-23 13:36:42.397 | INFO     | app.main:audit_request_middleware:261 | [GET] /api/backup/webdav/config → 200 (0.001s)
2026-05-23 13:36:42.896 | WARNING  | app.main:audit_request_middleware:261 | [GET] /api/backup/webdav/test → 405 (0.001s)
2026-05-23 13:37:15.251 | WARNING  | app.main:audit_request_middleware:261 | [GET] /api/backup/webdav/test → 405 (0.001s)
2026-05-23 13:37:15.778 | INFO     | app.main:audit_request_middleware:261 | [GET] /api/backup/list-webdav → 200 (0.045s)
2026-05-23 13:37:25.434 | INFO     | app.main:audit_request_middleware:261 | [POST] /api/backup/webdav/test → 200 (0.048s)
2026-05-23 13:37:25.937 | INFO     | app.main:audit_request_middleware:261 | [GET] /api/backup/webdav/config → 200 (0.001s)
2026-05-23 13:38:01.851 | INFO     | app.main:setup_logging:83 | 日志系统已初始化 | 文件: ./logs/app.log | 错误: logs\app.error.log
2026-05-23 13:38:01.852 | INFO     | app.main:lifespan:90 | ============================================================
2026-05-23 13:38:01.852 | INFO     | app.main:lifespan:91 | [START] 书房管理系统 v2.0.0 启动中...
2026-05-23 13:38:01.853 | INFO     | app.main:lifespan:92 | ============================================================
2026-05-23 13:38:01.855 | INFO     | app.core.config:validate_config_on_startup:730 | 目录已就绪: logs
2026-05-23 13:38:01.857 | INFO     | app.core.config:validate_config_on_startup:730 | 目录已就绪: cache\images
2026-05-23 13:38:01.858 | INFO     | app.core.config:validate_config_on_startup:730 | 目录已就绪: backups
2026-05-23 13:38:01.859 | INFO     | app.core.config:validate_config_on_startup:743 | ==================================================
2026-05-23 13:38:01.859 | INFO     | app.core.config:validate_config_on_startup:744 | 书房管理系统 v2.0.0
2026-05-23 13:38:01.860 | INFO     | app.core.config:validate_config_on_startup:745 | 运行模式: [DEV] 开发
2026-05-23 13:38:01.861 | INFO     | app.core.config:validate_config_on_startup:749 | 数据库: ./bookshelf.db
2026-05-23 13:38:01.863 | INFO     | app.core.config:validate_config_on_startup:750 | 豆瓣 Cookie: [INFO] 未配置（豆瓣同步功能不可用）
2026-05-23 13:38:01.863 | INFO     | app.core.config:validate_config_on_startup:754 | 图片缓存: [OK] 启用 | 目录: ./cache/images | 有效期: 7天
2026-05-23 13:38:01.865 | INFO     | app.core.config:validate_config_on_startup:760 | 日志: 级别=INFO | 文件=./logs/app.log | 轮转=10 MB | 保留=7 days
2026-05-23 13:38:01.865 | INFO     | app.core.config:validate_config_on_startup:766 | ==================================================
2026-05-23 13:38:01.882 | INFO     | app.core.database:init_db:260 | 表创建完成 (9 张表)
2026-05-23 13:38:01.883 | INFO     | app.main:lifespan:98 | [Startup] [OK] 数据库表初始化完成
2026-05-23 13:38:02.069 | INFO     | app.core.seed:seed_database:56 | 数据库已有数据，跳过种子初始化
2026-05-23 13:38:02.070 | INFO     | app.main:lifespan:106 | [Startup] [OK] 种子数据初始化完成
2026-05-23 13:38:02.071 | INFO     | app.main:lifespan:112 | [Startup] [OK] http://0.0.0.0:8000 | /docs | /health
2026-05-23 13:38:02.072 | INFO     | app.main:lifespan:113 | ============================================================
2026-05-23 13:38:02.073 | INFO     | app.main:lifespan:119 | [Startup] 封面缓存清理任务已启动
2026-05-23 13:38:02.074 | INFO     | app.main:lifespan:125 | [Startup] 自动备份任务已启动 (间隔: 24h)
2026-05-23 13:38:08.198 | INFO     | app.main:audit_request_middleware:261 | [POST] /api/backup/webdav/test → 200 (0.038s)
2026-05-23 13:38:08.613 | INFO     | app.main:audit_request_middleware:261 | [GET] /api/backup/webdav/config → 200 (0.001s)
2026-05-23 13:38:09.004 | INFO     | app.services.backup_service:create_backup:200 | 备份已创建: backup_20260523_133809.backup | 大小: 112.4 KB | 表数: 9 | 总行数: 171
2026-05-23 13:38:09.025 | INFO     | app.main:audit_request_middleware:261 | [POST] /api/backup/export → 200 (0.040s)
2026-05-23 13:39:48.562 | INFO     | app.main:audit_request_middleware:261 | [POST] /api/backup/webdav/test → 200 (0.054s)
2026-05-23 13:40:08.912 | INFO     | app.main:audit_request_middleware:261 | [POST] /api/backup/webdav/config → 200 (0.037s)
2026-05-23 13:40:12.763 | INFO     | app.main:audit_request_middleware:261 | [POST] /api/backup/webdav/test → 200 (0.055s)
2026-05-23 13:40:29.550 | INFO     | app.services.backup_service:create_backup:200 | 备份已创建: backup_20260523_134029.backup | 大小: 113.8 KB | 表数: 9 | 总行数: 173
2026-05-23 13:40:30.905 | INFO     | app.services.backup_service:sync_to_webdav:697 | 已同步到 WebDAV: backup_20260523_134029.backup
2026-05-23 13:40:30.908 | INFO     | app.main:audit_request_middleware:261 | [POST] /api/backup/auto/run → 200 (1.396s)
2026-05-23 13:40:47.136 | INFO     | app.services.backup_service:create_backup:200 | 备份已创建: backup_20260523_134047.backup | 大小: 114.4 KB | 表数: 9 | 总行数: 174
2026-05-23 13:40:48.486 | INFO     | app.services.backup_service:sync_to_webdav:697 | 已同步到 WebDAV: backup_20260523_134047.backup
2026-05-23 13:40:48.490 | INFO     | app.main:audit_request_middleware:261 | [POST] /api/backup/auto/run → 200 (1.378s)
2026-05-23 13:42:28.668 | INFO     | app.main:audit_request_middleware:261 | [GET] /api/backup/list → 200 (0.142s)
2026-05-23 13:42:28.779 | INFO     | app.main:audit_request_middleware:261 | [GET] /api/backup/webdav/config → 200 (0.109s)
2026-05-23 13:42:28.780 | INFO     | app.main:audit_request_middleware:261 | [GET] /api/backup/auto/status → 200 (0.110s)
2026-05-23 13:42:29.036 | INFO     | app.main:audit_request_middleware:261 | [GET] /api/backup/list-webdav → 200 (0.366s)
2026-05-23 13:43:02.149 | INFO     | app.services.backup_service:create_backup:200 | 备份已创建: backup_20260523_134302.backup | 大小: 115.1 KB | 表数: 9 | 总行数: 175
2026-05-23 13:43:04.127 | INFO     | app.services.backup_service:sync_to_webdav:697 | 已同步到 WebDAV: backup_20260523_134302.backup
2026-05-23 13:43:07.686 | INFO     | app.services.backup_service:create_backup:200 | 备份已创建: backup_20260523_134307.backup | 大小: 115.8 KB | 表数: 9 | 总行数: 176
2026-05-23 13:43:09.352 | INFO     | app.services.backup_service:sync_to_webdav:697 | 已同步到 WebDAV: backup_20260523_134307.backup
2026-05-23 13:43:09.356 | INFO     | app.main:audit_request_middleware:261 | [POST] /api/backup/auto/run → 200 (1.694s)
2026-05-23 13:43:09.477 | INFO     | app.main:audit_request_middleware:261 | [GET] /api/backup/list → 200 (0.103s)
2026-05-23 13:43:09.622 | INFO     | app.main:audit_request_middleware:261 | [GET] /api/backup/webdav/config → 200 (0.142s)
2026-05-23 13:43:09.624 | INFO     | app.main:audit_request_middleware:261 | [GET] /api/backup/auto/status → 200 (0.143s)
2026-05-23 13:43:09.633 | INFO     | app.main:audit_request_middleware:261 | [GET] /api/backup/list-webdav → 200 (0.152s)
2026-05-23 13:43:14.858 | INFO     | app.main:audit_request_middleware:261 | [GET] /api/admin/stats → 200 (0.181s)
2026-05-23 13:43:19.837 | INFO     | app.main:audit_request_middleware:261 | [GET] /api/nfc/scan-link → 200 (0.002s)
2026-05-23 13:43:19.843 | INFO     | app.main:audit_request_middleware:261 | [GET] /api/nfc/scan-link → 200 (0.001s)
2026-05-23 13:43:19.891 | INFO     | app.main:audit_request_middleware:261 | [GET] /api/shelves/ → 200 (0.040s)
2026-05-23 13:43:20.006 | INFO     | app.main:audit_request_middleware:261 | [GET] /api/nfc/shelf-info/7 → 200 (0.021s)
2026-05-23 13:43:23.312 | INFO     | app.main:audit_request_middleware:261 | [GET] /api/shelves/ → 200 (0.032s)
2026-05-23 13:43:23.407 | INFO     | app.main:audit_request_middleware:261 | [GET] /api/shelves/1/books → 200 (0.093s)
2026-05-23 13:43:26.770 | INFO     | app.main:audit_request_middleware:261 | [GET] /api/shelves/ → 200 (0.036s)
2026-05-23 13:43:26.844 | INFO     | app.main:audit_request_middleware:261 | [GET] /api/books/wall → 200 (0.074s)
2026-05-23 13:43:31.019 | INFO     | app.main:audit_request_middleware:261 | [GET] /api/shelves/ → 200 (0.020s)
2026-05-23 13:43:35.016 | INFO     | app.main:audit_request_middleware:261 | [GET] /api/admin/stats → 200 (0.166s)
2026-05-23 13:43:48.168 | INFO     | app.main:audit_request_middleware:261 | [GET] /api/shelves/ → 200 (0.020s)
2026-05-23 13:43:54.037 | INFO     | app.main:audit_request_middleware:261 | [GET] /api/physical-shelves/ → 200 (0.069s)
2026-05-23 13:44:00.497 | INFO     | app.main:audit_request_middleware:261 | [GET] /api/backup/list → 200 (0.147s)
2026-05-23 13:44:00.659 | INFO     | app.main:audit_request_middleware:261 | [GET] /api/backup/webdav/config → 200 (0.159s)
2026-05-23 13:44:00.661 | INFO     | app.main:audit_request_middleware:261 | [GET] /api/backup/auto/status → 200 (0.161s)
2026-05-23 13:44:00.670 | INFO     | app.main:audit_request_middleware:261 | [GET] /api/backup/list-webdav → 200 (0.171s)
2026-05-23 13:44:10.755 | INFO     | app.main:audit_request_middleware:261 | [GET] /api/shelves/ → 200 (0.059s)
2026-05-23 13:44:10.757 | INFO     | app.main:audit_request_middleware:261 | [GET] /api/books/all → 200 (0.060s)
2026-05-23 13:44:19.424 | INFO     | app.main:audit_request_middleware:261 | [GET] /api/books/63 → 200 (0.012s)
2026-05-23 13:44:27.305 | INFO     | app.main:audit_request_middleware:261 | [GET] /api/books/63 → 200 (0.016s)
2026-05-23 13:44:33.947 | INFO     | app.services.douban_service:search_by_isbn:372 | [OK] [直链访问] 获取成功: 9787532772360 -> 权力意志与永恒轮回
2026-05-23 13:44:33.966 | INFO     | app.main:audit_request_middleware:261 | [POST] /api/books/sync → 200 (1.297s)
2026-05-23 13:44:33.989 | INFO     | app.main:audit_request_middleware:261 | [GET] /api/books/63 → 200 (0.008s)
2026-05-23 13:44:43.773 | INFO     | app.main:audit_request_middleware:261 | [GET] /api/books/63 → 200 (0.014s)
2026-05-23 13:44:54.388 | INFO     | app.main:audit_request_middleware:261 | [GET] /api/shelves/ → 200 (0.038s)
2026-05-23 13:44:54.452 | INFO     | app.main:audit_request_middleware:261 | [GET] /api/books/all → 200 (0.065s)
2026-05-23 13:44:58.418 | INFO     | app.main:audit_request_middleware:261 | [GET] /api/config/cookie → 200 (0.001s)
2026-05-23 13:46:47.761 | INFO     | app.services.douban_service:clear_cache:629 | 豆瓣搜索缓存已清空
2026-05-23 13:46:47.764 | INFO     | app.api.config_api:update_cookie:194 | 豆瓣 Cookie 已更新
2026-05-23 13:46:47.765 | INFO     | app.main:audit_request_middleware:261 | [POST] /api/config/cookie → 200 (0.024s)
2026-05-23 13:46:47.836 | INFO     | app.main:audit_request_middleware:261 | [GET] /api/config/cookie → 200 (0.001s)
2026-05-23 13:46:50.875 | INFO     | app.services.douban_service:search_by_isbn:372 | [OK] [直链访问] 获取成功: 9787544270878 -> 解忧杂货店
2026-05-23 13:46:50.876 | INFO     | app.main:audit_request_middleware:261 | [POST] /api/config/cookie/test → 200 (0.772s)
2026-05-23 13:46:59.840 | INFO     | app.main:audit_request_middleware:261 | [GET] /api/admin/stats → 200 (0.139s)
2026-05-23 14:13:17.730 | INFO     | app.main:audit_request_middleware:261 | [GET] /api/admin/stats → 200 (0.145s)
2026-05-23 14:13:21.593 | INFO     | app.main:audit_request_middleware:261 | [GET] /api/nfc/scan-link → 200 (0.001s)
2026-05-23 14:13:21.599 | INFO     | app.main:audit_request_middleware:261 | [GET] /api/nfc/scan-link → 200 (0.001s)
2026-05-23 14:13:21.633 | INFO     | app.main:audit_request_middleware:261 | [GET] /api/shelves/ → 200 (0.029s)
2026-05-23 14:13:21.694 | INFO     | app.main:audit_request_middleware:261 | [GET] /api/nfc/shelf-info/7 → 200 (0.011s)
2026-05-23 14:13:29.067 | INFO     | app.main:audit_request_middleware:261 | [GET] /api/shelves/ → 200 (0.061s)
2026-05-23 14:13:29.069 | INFO     | app.main:audit_request_middleware:261 | [GET] /api/shelves/1/books → 200 (0.062s)
2026-05-23 14:13:32.603 | INFO     | app.main:audit_request_middleware:261 | [GET] /api/shelves/ → 200 (0.060s)
2026-05-23 14:13:32.604 | INFO     | app.main:audit_request_middleware:261 | [GET] /api/books/wall → 200 (0.060s)
2026-05-23 14:13:36.276 | INFO     | app.main:audit_request_middleware:261 | [GET] /api/shelves/ → 200 (0.031s)
2026-05-23 14:13:38.446 | INFO     | app.main:audit_request_middleware:261 | [GET] /api/admin/stats → 200 (0.107s)
2026-05-23 14:13:49.590 | INFO     | app.main:audit_request_middleware:261 | [GET] /api/shelves/ → 200 (0.015s)
2026-05-23 14:13:52.266 | INFO     | app.main:audit_request_middleware:261 | [GET] /api/physical-shelves/ → 200 (0.029s)
2026-05-23 14:13:54.276 | INFO     | app.main:audit_request_middleware:261 | [GET] /api/backup/list → 200 (0.073s)
2026-05-23 14:13:54.395 | INFO     | app.main:audit_request_middleware:261 | [GET] /api/backup/auto/status → 200 (0.117s)
2026-05-23 14:13:54.396 | INFO     | app.main:audit_request_middleware:261 | [GET] /api/backup/webdav/config → 200 (0.118s)
2026-05-23 14:13:55.209 | INFO     | app.main:audit_request_middleware:261 | [GET] /api/backup/list-webdav → 200 (0.931s)
2026-05-23 14:14:00.103 | INFO     | app.main:audit_request_middleware:261 | [GET] /api/config/cookie → 200 (0.001s)
2026-05-23 16:27:07.320 | INFO     | app.main:audit_request_middleware:261 | [GET] /api/shelves/ → 200 (0.088s)
2026-05-23 16:27:07.423 | INFO     | app.main:audit_request_middleware:261 | [GET] /api/books/all → 200 (0.103s)
2026-05-23 16:28:02.637 | INFO     | app.main:audit_request_middleware:261 | [GET] /api/config/cookie → 200 (0.003s)
2026-05-23 16:28:06.393 | INFO     | app.main:audit_request_middleware:261 | [GET] /api/books/all → 200 (0.102s)
2026-05-23 16:28:06.396 | INFO     | app.main:audit_request_middleware:261 | [GET] /api/shelves/ → 200 (0.104s)
2026-05-23 16:28:15.989 | INFO     | app.main:audit_request_middleware:261 | [GET] /api/backup/list → 200 (0.133s)
2026-05-23 16:28:16.152 | INFO     | app.main:audit_request_middleware:261 | [GET] /api/backup/webdav/config → 200 (0.158s)
2026-05-23 16:28:16.153 | INFO     | app.main:audit_request_middleware:261 | [GET] /api/backup/auto/status → 200 (0.160s)
2026-05-23 16:28:17.300 | INFO     | app.main:audit_request_middleware:261 | [GET] /api/backup/list-webdav → 200 (1.307s)
2026-05-23 16:28:18.971 | INFO     | app.main:audit_request_middleware:261 | [GET] /api/physical-shelves/ → 200 (0.039s)
2026-05-23 16:28:21.078 | INFO     | app.main:audit_request_middleware:261 | [GET] /api/shelves/ → 200 (0.018s)
2026-05-23 16:28:28.964 | INFO     | app.main:audit_request_middleware:261 | [GET] /api/admin/stats → 200 (0.225s)
2026-05-23 16:33:11.166 | INFO     | app.main:audit_request_middleware:261 | [GET] /api/admin/stats → 200 (0.082s)
2026-05-23 16:36:23.532 | INFO     | app.main:audit_request_middleware:261 | [GET] /api/admin/stats → 200 (0.139s)
2026-05-23 16:37:57.401 | INFO     | app.main:audit_request_middleware:261 | [GET] /api/admin/stats → 200 (0.173s)
2026-05-23 16:53:16.975 | INFO     | app.services.douban_service:search_by_isbn:372 | [OK] [直链访问] 获取成功: 9787020002207 -> 红楼梦（下）
2026-05-23 16:53:17.055 | INFO     | app.main:audit_request_middleware:261 | [POST] /api/books/sync → 200 (0.936s)
2026-05-23 16:53:18.022 | INFO     | app.services.douban_service:search_by_isbn:372 | [OK] [直链访问] 获取成功: 9787532768998 -> 挑战满分：高考英语语法新题型250篇专项突破
2026-05-23 16:53:18.035 | INFO     | app.main:audit_request_middleware:261 | [POST] /api/books/sync → 200 (0.970s)
2026-05-23 16:53:18.302 | INFO     | app.main:audit_request_middleware:261 | [GET] /api/shelves/1/books → 200 (0.248s)
2026-05-23 17:01:14.714 | INFO     | app.main:audit_request_middleware:261 | [GET] /api/nfc/mobile → 200 (0.055s)
2026-05-23 17:01:15.157 | WARNING  | app.main:audit_request_middleware:261 | [GET] /favicon.ico → 404 (0.004s)
2026-05-23 17:01:20.450 | INFO     | app.api.nfc_bridge:nfc_callback:341 | 📱 NFC 扫描回调 | tagid: 04:f4:c3:38:c6:2a:81 | text: empty
2026-05-23 17:01:20.463 | INFO     | app.api.nfc_bridge:_do_db_op_4:461 | 📱 tag_uid '04:f4:c3:38:c6:2a:81' 未绑定，跳转绑定物理书架页面
2026-05-23 17:01:20.464 | INFO     | app.main:audit_request_middleware:261 | [GET] /api/nfc/callback → 302 (0.015s)
2026-05-23 17:01:20.530 | INFO     | app.main:audit_request_middleware:261 | [GET] /api/nfc/bind-page/04:f4:c3:38:c6:2a:81 → 200 (0.013s)
2026-05-23 17:01:20.743 | INFO     | app.main:audit_request_middleware:261 | [GET] /api/nfc/bind/search-shelves → 200 (0.022s)
2026-05-23 17:01:20.802 | WARNING  | app.main:audit_request_middleware:261 | [GET] /favicon.ico → 404 (0.001s)
2026-05-23 17:01:24.993 | INFO     | app.api.nfc_bridge:nfc_callback:341 | 📱 NFC 扫描回调 | tagid: {TAG-ID} | text: {NDEF-TEXT}
2026-05-23 17:01:24.996 | INFO     | app.api.nfc_bridge:_do_db_op_4:461 | 📱 tag_uid '{TAG-ID}' 未绑定，跳转绑定物理书架页面
2026-05-23 17:01:24.997 | INFO     | app.main:audit_request_middleware:261 | [GET] /api/nfc/callback → 302 (0.004s)
2026-05-23 17:01:25.077 | INFO     | app.main:audit_request_middleware:261 | [GET] /api/nfc/bind-page/{TAG-ID} → 200 (0.001s)
2026-05-23 17:01:25.384 | WARNING  | app.main:audit_request_middleware:261 | [GET] /favicon.ico → 404 (0.001s)
2026-05-23 17:01:25.394 | INFO     | app.main:audit_request_middleware:261 | [GET] /api/nfc/bind/search-shelves → 200 (0.017s)
2026-05-23 17:01:33.047 | INFO     | app.api.nfc_bridge:nfc_callback:341 | 📱 NFC 扫描回调 | tagid: 04:f4:c3:38:c6:2a:81 | text: empty
2026-05-23 17:01:33.049 | INFO     | app.api.nfc_bridge:_do_db_op_4:461 | 📱 tag_uid '04:f4:c3:38:c6:2a:81' 未绑定，跳转绑定物理书架页面
2026-05-23 17:01:33.049 | INFO     | app.main:audit_request_middleware:261 | [GET] /api/nfc/callback → 302 (0.002s)
2026-05-23 17:01:33.092 | INFO     | app.main:audit_request_middleware:261 | [GET] /api/nfc/bind-page/04:f4:c3:38:c6:2a:81 → 200 (0.001s)
2026-05-23 17:01:33.141 | INFO     | app.main:audit_request_middleware:261 | [GET] /api/nfc/bind/search-shelves → 200 (0.008s)
2026-05-23 17:01:33.160 | WARNING  | app.main:audit_request_middleware:261 | [GET] /favicon.ico → 404 (0.000s)
2026-05-23 17:01:40.548 | INFO     | app.main:audit_request_middleware:261 | [POST] /api/nfc/bind/auto → 200 (0.049s)
2026-05-23 17:01:43.123 | INFO     | app.main:audit_request_middleware:261 | [GET] /api/nfc/bind-page/04:f4:c3:38:c6:2a:81 → 200 (0.002s)
2026-05-23 17:01:43.167 | INFO     | app.main:audit_request_middleware:261 | [GET] /api/nfc/bind/search-shelves → 200 (0.007s)
2026-05-23 17:01:48.785 | INFO     | app.main:audit_request_middleware:261 | [GET] /api/nfc/bind/auto → 200 (0.007s)
2026-05-23 17:01:56.509 | INFO     | app.main:audit_request_middleware:261 | [GET] /api/nfc/mobile → 200 (0.001s)
2026-05-23 17:01:56.632 | WARNING  | app.main:audit_request_middleware:261 | [GET] /favicon.ico → 404 (0.000s)
2026-05-23 17:02:00.440 | INFO     | app.api.nfc_bridge:nfc_callback:341 | 📱 NFC 扫描回调 | tagid: 04:f4:c3:38:c6:2a:81 | text: empty
2026-05-23 17:02:00.446 | INFO     | app.api.nfc_bridge:_do_db_op_4:412 | 🔍 找到物理书架: 书房-右侧-第2层 (#5)
2026-05-23 17:02:00.461 | INFO     | app.api.nfc_bridge:_do_db_op_4:438 | ✅ 通过物理书架映射 → 书房-右侧-第2层 → 历史人文 (#5)
2026-05-23 17:02:00.463 | INFO     | app.main:audit_request_middleware:261 | [GET] /api/nfc/callback → 302 (0.023s)
2026-05-23 17:02:03.075 | INFO     | app.main:audit_request_middleware:261 | [GET] /api/shelves/ → 200 (0.027s)
2026-05-23 17:02:03.099 | INFO     | app.main:audit_request_middleware:261 | [GET] /api/shelves/5/books → 200 (0.021s)
2026-05-23 17:04:15.641 | INFO     | app.main:audit_request_middleware:261 | [GET] /api/shelves/ → 200 (0.086s)
2026-05-23 17:04:15.643 | INFO     | app.main:audit_request_middleware:261 | [GET] /api/shelves/1/books → 200 (0.087s)
2026-05-23 17:04:21.823 | INFO     | app.main:audit_request_middleware:261 | [GET] /api/shelves/ → 200 (0.031s)
2026-05-23 17:04:21.825 | INFO     | app.main:audit_request_middleware:261 | [GET] /api/shelves/7/books → 200 (0.032s)
2026-05-23 17:04:29.016 | INFO     | app.main:audit_request_middleware:261 | [GET] /api/shelves/ → 200 (0.021s)
2026-05-23 17:05:33.043 | INFO     | app.main:audit_request_middleware:261 | [POST] /api/import/preview → 200 (1.553s)
2026-05-23 17:05:44.558 | INFO     | app.api.import_api:start_import:488 | 导入任务已创建: 2ab6a799... | 文件: 库洛.xlsx | 数量: 7
2026-05-23 17:05:44.559 | INFO     | app.main:audit_request_middleware:261 | [POST] /api/import/start → 200 (1.283s)
2026-05-23 17:05:45.575 | INFO     | app.services.douban_service:search_by_isbn:372 | [OK] [直链访问] 获取成功: 9789864829743 -> 庫洛魔法使 愛藏版 7
2026-05-23 17:05:46.091 | INFO     | app.main:audit_request_middleware:261 | [GET] /api/import/status/2ab6a799-039b-4954-97ea-8076e76cc033 → 200 (0.004s)
2026-05-23 17:05:47.592 | INFO     | app.main:audit_request_middleware:261 | [GET] /api/import/status/2ab6a799-039b-4954-97ea-8076e76cc033 → 200 (0.003s)
2026-05-23 17:05:49.089 | INFO     | app.main:audit_request_middleware:261 | [GET] /api/import/status/2ab6a799-039b-4954-97ea-8076e76cc033 → 200 (0.003s)
2026-05-23 17:05:49.471 | INFO     | app.services.douban_service:search_by_isbn:372 | [OK] [直链访问] 获取成功: 9789864829736 -> 庫洛魔法使 愛藏版 6
2026-05-23 17:05:50.589 | INFO     | app.main:audit_request_middleware:261 | [GET] /api/import/status/2ab6a799-039b-4954-97ea-8076e76cc033 → 200 (0.005s)
2026-05-23 17:05:52.097 | INFO     | app.main:audit_request_middleware:261 | [GET] /api/import/status/2ab6a799-039b-4954-97ea-8076e76cc033 → 200 (0.004s)
2026-05-23 17:05:53.382 | INFO     | app.services.douban_service:search_by_isbn:372 | [OK] [直链访问] 获取成功: 9789864829750 -> 庫洛魔法使 愛藏版 8
2026-05-23 17:05:53.594 | INFO     | app.main:audit_request_middleware:261 | [GET] /api/import/status/2ab6a799-039b-4954-97ea-8076e76cc033 → 200 (0.005s)
2026-05-23 17:05:56.045 | INFO     | app.main:audit_request_middleware:261 | [GET] /api/import/status/2ab6a799-039b-4954-97ea-8076e76cc033 → 200 (0.003s)
2026-05-23 17:05:57.038 | INFO     | app.main:audit_request_middleware:261 | [GET] /api/import/status/2ab6a799-039b-4954-97ea-8076e76cc033 → 200 (0.005s)
2026-05-23 17:05:57.285 | INFO     | app.services.douban_service:search_by_isbn:372 | [OK] [直链访问] 获取成功: 9789864829767 -> 庫洛魔法使 愛藏版 9 (完)
2026-05-23 17:05:59.038 | INFO     | app.main:audit_request_middleware:261 | [GET] /api/import/status/2ab6a799-039b-4954-97ea-8076e76cc033 → 200 (0.003s)
2026-05-23 17:06:00.119 | INFO     | app.main:audit_request_middleware:261 | [GET] /api/import/status/2ab6a799-039b-4954-97ea-8076e76cc033 → 200 (0.005s)
2026-05-23 17:06:01.377 | INFO     | app.services.douban_service:search_by_isbn:372 | [OK] [直链访问] 获取成功: 9789864829729 -> 庫洛魔法使 愛藏版 5
2026-05-23 17:06:02.045 | INFO     | app.main:audit_request_middleware:261 | [GET] /api/import/status/2ab6a799-039b-4954-97ea-8076e76cc033 → 200 (0.004s)
2026-05-23 17:06:03.046 | INFO     | app.main:audit_request_middleware:261 | [GET] /api/import/status/2ab6a799-039b-4954-97ea-8076e76cc033 → 200 (0.003s)
2026-05-23 17:06:05.043 | INFO     | app.main:audit_request_middleware:261 | [GET] /api/import/status/2ab6a799-039b-4954-97ea-8076e76cc033 → 200 (0.002s)
2026-05-23 17:06:05.381 | INFO     | app.services.douban_service:search_by_isbn:372 | [OK] [直链访问] 获取成功: 9789864829705 -> 庫洛魔法使 愛藏版 3
2026-05-23 17:06:05.888 | INFO     | app.main:audit_request_middleware:261 | [GET] /api/shelves/ → 200 (0.039s)
2026-05-23 17:06:05.889 | INFO     | app.main:audit_request_middleware:261 | [GET] /api/shelves/5/books → 200 (0.040s)
2026-05-23 17:06:06.045 | INFO     | app.main:audit_request_middleware:261 | [GET] /api/import/status/2ab6a799-039b-4954-97ea-8076e76cc033 → 200 (0.002s)
2026-05-23 17:06:08.046 | INFO     | app.main:audit_request_middleware:261 | [GET] /api/import/status/2ab6a799-039b-4954-97ea-8076e76cc033 → 200 (0.003s)
2026-05-23 17:06:09.045 | INFO     | app.main:audit_request_middleware:261 | [GET] /api/import/status/2ab6a799-039b-4954-97ea-8076e76cc033 → 200 (0.004s)
2026-05-23 17:06:09.619 | INFO     | app.services.douban_service:search_by_isbn:372 | [OK] [直链访问] 获取成功: 9789864829699 -> 庫洛魔法使 愛藏版 2
2026-05-23 17:06:11.043 | INFO     | app.main:audit_request_middleware:261 | [GET] /api/import/status/2ab6a799-039b-4954-97ea-8076e76cc033 → 200 (0.005s)
2026-05-23 17:06:12.037 | INFO     | app.main:audit_request_middleware:261 | [GET] /api/import/status/2ab6a799-039b-4954-97ea-8076e76cc033 → 200 (0.003s)
2026-05-23 17:06:12.657 | INFO     | app.api.import_api:_run_import_task:800 | 导入任务完成: 2ab6a799... | 成功: 7 | 失败: 0 | 同步: 7
2026-05-23 17:06:14.045 | INFO     | app.main:audit_request_middleware:261 | [GET] /api/import/status/2ab6a799-039b-4954-97ea-8076e76cc033 → 200 (0.004s)
2026-05-23 17:10:01.155 | INFO     | app.main:audit_request_middleware:261 | [GET] /api/shelves/ → 200 (0.021s)
2026-05-23 17:10:01.175 | INFO     | app.main:audit_request_middleware:261 | [GET] /api/shelves/5/books → 200 (0.020s)
2026-05-23 17:10:04.559 | INFO     | app.main:audit_request_middleware:261 | [GET] /api/shelves/ → 200 (0.043s)
2026-05-23 17:10:04.560 | INFO     | app.main:audit_request_middleware:261 | [GET] /api/shelves/5/books → 200 (0.043s)
2026-05-23 17:10:07.001 | INFO     | app.main:audit_request_middleware:261 | [GET] /api/admin/stats → 200 (0.071s)
2026-05-23 17:10:18.226 | INFO     | app.main:audit_request_middleware:261 | [GET] /api/shelves/ → 200 (0.026s)
2026-05-23 17:10:18.267 | INFO     | app.main:audit_request_middleware:261 | [GET] /api/shelves/7/books → 200 (0.042s)
2026-05-23 17:12:47.472 | INFO     | app.api.nfc_bridge:nfc_callback:341 | 📱 NFC 扫描回调 | tagid: {TAG-ID} | text: {NDEF-TEXT}
2026-05-23 17:12:47.475 | INFO     | app.api.nfc_bridge:_do_db_op_4:461 | 📱 tag_uid '{TAG-ID}' 未绑定，跳转绑定物理书架页面
2026-05-23 17:12:47.476 | INFO     | app.main:audit_request_middleware:261 | [GET] /api/nfc/callback → 302 (0.005s)
2026-05-23 17:12:47.582 | INFO     | app.main:audit_request_middleware:261 | [GET] /api/nfc/bind-page/{TAG-ID} → 200 (0.008s)
2026-05-23 17:12:47.773 | INFO     | app.main:audit_request_middleware:261 | [GET] /api/nfc/bind/search-shelves → 200 (0.021s)
2026-05-23 17:12:48.062 | WARNING  | app.main:audit_request_middleware:261 | [GET] /favicon.ico → 404 (0.002s)
2026-05-23 17:12:49.124 | INFO     | app.api.nfc_bridge:nfc_callback:341 | 📱 NFC 扫描回调 | tagid: {TAG-ID} | text: {NDEF-TEXT}
2026-05-23 17:12:49.126 | INFO     | app.api.nfc_bridge:_do_db_op_4:461 | 📱 tag_uid '{TAG-ID}' 未绑定，跳转绑定物理书架页面
2026-05-23 17:12:49.127 | INFO     | app.main:audit_request_middleware:261 | [GET] /api/nfc/callback → 302 (0.003s)
2026-05-23 17:12:49.257 | INFO     | app.main:audit_request_middleware:261 | [GET] /api/nfc/bind-page/{TAG-ID} → 200 (0.002s)
2026-05-23 17:12:49.332 | INFO     | app.main:audit_request_middleware:261 | [GET] /api/nfc/bind/search-shelves → 200 (0.010s)
2026-05-23 17:12:49.349 | WARNING  | app.main:audit_request_middleware:261 | [GET] /favicon.ico → 404 (0.001s)
2026-05-23 17:12:49.788 | INFO     | app.main:audit_request_middleware:261 | [GET] /api/admin/stats → 200 (0.129s)
2026-05-23 17:12:51.067 | INFO     | app.api.nfc_bridge:nfc_callback:341 | 📱 NFC 扫描回调 | tagid: {TAG-ID} | text: {NDEF-TEXT}
2026-05-23 17:12:51.069 | INFO     | app.api.nfc_bridge:_do_db_op_4:461 | 📱 tag_uid '{TAG-ID}' 未绑定，跳转绑定物理书架页面
2026-05-23 17:12:51.070 | INFO     | app.main:audit_request_middleware:261 | [GET] /api/nfc/callback → 302 (0.003s)
2026-05-23 17:12:51.131 | INFO     | app.main:audit_request_middleware:261 | [GET] /api/nfc/bind-page/{TAG-ID} → 200 (0.002s)
2026-05-23 17:12:51.279 | WARNING  | app.main:audit_request_middleware:261 | [GET] /favicon.ico → 404 (0.002s)
2026-05-23 17:12:51.291 | INFO     | app.main:audit_request_middleware:261 | [GET] /api/nfc/bind/search-shelves → 200 (0.015s)
2026-05-23 17:12:52.392 | INFO     | app.api.nfc_bridge:nfc_callback:341 | 📱 NFC 扫描回调 | tagid: {TAG-ID} | text: {NDEF-TEXT}
2026-05-23 17:12:52.394 | INFO     | app.api.nfc_bridge:_do_db_op_4:461 | 📱 tag_uid '{TAG-ID}' 未绑定，跳转绑定物理书架页面
2026-05-23 17:12:52.396 | INFO     | app.main:audit_request_middleware:261 | [GET] /api/nfc/callback → 302 (0.003s)
2026-05-23 17:12:52.458 | INFO     | app.main:audit_request_middleware:261 | [GET] /api/nfc/bind-page/{TAG-ID} → 200 (0.001s)
2026-05-23 17:12:52.522 | INFO     | app.main:audit_request_middleware:261 | [GET] /api/nfc/bind/search-shelves → 200 (0.010s)
2026-05-23 17:12:52.541 | WARNING  | app.main:audit_request_middleware:261 | [GET] /favicon.ico → 404 (0.001s)
2026-05-23 17:12:54.765 | INFO     | app.api.nfc_bridge:nfc_callback:341 | 📱 NFC 扫描回调 | tagid: {TAG-ID} | text: {NDEF-TEXT}
2026-05-23 17:12:54.783 | INFO     | app.api.nfc_bridge:_do_db_op_4:461 | 📱 tag_uid '{TAG-ID}' 未绑定，跳转绑定物理书架页面
2026-05-23 17:12:54.854 | INFO     | app.main:audit_request_middleware:261 | [GET] /api/nfc/callback → 302 (0.089s)
2026-05-23 17:12:54.887 | INFO     | app.main:audit_request_middleware:261 | [GET] /api/nfc/bind-page/{TAG-ID} → 200 (0.002s)
2026-05-23 17:12:54.963 | WARNING  | app.main:audit_request_middleware:261 | [GET] /favicon.ico → 404 (0.001s)
2026-05-23 17:12:55.049 | INFO     | app.main:audit_request_middleware:261 | [GET] /api/nfc/bind/search-shelves → 200 (0.088s)
2026-05-23 17:12:56.545 | INFO     | app.api.nfc_bridge:nfc_callback:341 | 📱 NFC 扫描回调 | tagid: {TAG-ID} | text: {NDEF-TEXT}
2026-05-23 17:12:56.546 | INFO     | app.api.nfc_bridge:_do_db_op_4:461 | 📱 tag_uid '{TAG-ID}' 未绑定，跳转绑定物理书架页面
2026-05-23 17:12:56.547 | INFO     | app.main:audit_request_middleware:261 | [GET] /api/nfc/callback → 302 (0.002s)
2026-05-23 17:12:56.603 | INFO     | app.main:audit_request_middleware:261 | [GET] /api/nfc/bind-page/{TAG-ID} → 200 (0.001s)
2026-05-23 17:12:56.662 | INFO     | app.main:audit_request_middleware:261 | [GET] /api/nfc/bind/search-shelves → 200 (0.011s)
2026-05-23 17:12:56.678 | WARNING  | app.main:audit_request_middleware:261 | [GET] /favicon.ico → 404 (0.001s)
2026-05-23 17:12:58.056 | INFO     | app.api.nfc_bridge:nfc_callback:341 | 📱 NFC 扫描回调 | tagid: {TAG-ID} | text: {NDEF-TEXT}
2026-05-23 17:12:58.058 | INFO     | app.api.nfc_bridge:_do_db_op_4:461 | 📱 tag_uid '{TAG-ID}' 未绑定，跳转绑定物理书架页面
2026-05-23 17:12:58.060 | INFO     | app.main:audit_request_middleware:261 | [GET] /api/nfc/callback → 302 (0.003s)
2026-05-23 17:12:58.138 | INFO     | app.main:audit_request_middleware:261 | [GET] /api/nfc/bind-page/{TAG-ID} → 200 (0.001s)
2026-05-23 17:12:58.201 | WARNING  | app.main:audit_request_middleware:261 | [GET] /favicon.ico → 404 (0.001s)
2026-05-23 17:12:58.209 | INFO     | app.main:audit_request_middleware:261 | [GET] /api/nfc/bind/search-shelves → 200 (0.016s)
2026-05-23 19:14:50.560 | INFO     | app.main:audit_request_middleware:261 | [GET] /api/physical-shelves/ → 200 (0.038s)
2026-05-23 19:15:13.009 | INFO     | app.main:audit_request_middleware:261 | [PUT] /api/physical-shelves/7 → 200 (0.024s)
2026-05-23 19:15:13.081 | INFO     | app.main:audit_request_middleware:261 | [GET] /api/physical-shelves/ → 200 (0.032s)
2026-05-23 19:15:23.138 | INFO     | app.main:audit_request_middleware:261 | [GET] /api/admin/stats → 200 (0.092s)
2026-05-23 19:15:29.952 | INFO     | app.main:audit_request_middleware:261 | [GET] /api/nfc/scan-link → 200 (0.001s)
2026-05-23 19:15:29.955 | INFO     | app.main:audit_request_middleware:261 | [GET] /api/nfc/scan-link → 200 (0.001s)
2026-05-23 19:15:29.980 | INFO     | app.main:audit_request_middleware:261 | [GET] /api/shelves/ → 200 (0.020s)
2026-05-23 19:15:30.050 | INFO     | app.main:audit_request_middleware:261 | [GET] /api/nfc/shelf-info/7 → 200 (0.017s)
2026-05-23 19:15:32.324 | INFO     | app.main:audit_request_middleware:261 | [GET] /api/shelves/ → 200 (0.020s)
2026-05-23 19:15:32.368 | INFO     | app.main:audit_request_middleware:261 | [GET] /api/shelves/1/books → 200 (0.044s)
2026-05-23 19:15:34.468 | INFO     | app.main:audit_request_middleware:261 | [GET] /api/shelves/ → 200 (0.072s)
2026-05-23 19:15:34.470 | INFO     | app.main:audit_request_middleware:261 | [GET] /api/books/wall → 200 (0.073s)
2026-05-23 19:15:37.047 | INFO     | app.main:audit_request_middleware:261 | [GET] /api/shelves/ → 200 (0.020s)
2026-05-23 19:15:38.852 | INFO     | app.main:audit_request_middleware:261 | [GET] /api/admin/stats → 200 (0.080s)
2026-05-23 19:15:41.539 | INFO     | app.main:audit_request_middleware:261 | [GET] /api/shelves/ → 200 (0.020s)
2026-05-23 19:15:43.573 | INFO     | app.main:audit_request_middleware:261 | [GET] /api/physical-shelves/ → 200 (0.029s)
2026-05-23 19:16:47.826 | INFO     | app.main:audit_request_middleware:261 | [GET] /api/shelves/ → 200 (0.089s)
2026-05-23 19:16:47.828 | INFO     | app.main:audit_request_middleware:261 | [GET] /api/books/all → 200 (0.091s)
2026-05-23 19:17:52.922 | INFO     | app.main:audit_request_middleware:261 | [GET] /api/shelves/ → 200 (0.028s)
2026-05-23 19:18:01.410 | INFO     | app.main:audit_request_middleware:261 | [POST] /api/import/preview → 200 (0.034s)
2026-05-23 19:18:11.513 | INFO     | app.api.import_api:start_import:488 | 导入任务已创建: b5b82ef5... | 文件: 库洛.xlsx | 数量: 7
2026-05-23 19:18:11.514 | INFO     | app.main:audit_request_middleware:261 | [POST] /api/import/start → 200 (0.022s)
2026-05-23 19:18:12.232 | INFO     | app.services.douban_service:search_by_isbn:372 | [OK] [直链访问] 获取成功: 9786264348966 -> 午夜的傾心旋律(07)
2026-05-23 19:18:13.039 | INFO     | app.main:audit_request_middleware:261 | [GET] /api/import/status/b5b82ef5-cb43-4121-a269-8ae460a14bd5 → 200 (0.004s)
2026-05-23 19:18:14.532 | INFO     | app.main:audit_request_middleware:261 | [GET] /api/import/status/b5b82ef5-cb43-4121-a269-8ae460a14bd5 → 200 (0.002s)
2026-05-23 19:18:16.037 | INFO     | app.main:audit_request_middleware:261 | [GET] /api/import/status/b5b82ef5-cb43-4121-a269-8ae460a14bd5 → 200 (0.003s)
2026-05-23 19:18:18.049 | INFO     | app.services.douban_service:search_by_isbn:372 | [OK] [直链访问] 获取成功: 9786264344562 -> 午夜的傾心旋律(06)
2026-05-23 19:18:18.057 | INFO     | app.main:audit_request_middleware:261 | [GET] /api/import/status/b5b82ef5-cb43-4121-a269-8ae460a14bd5 → 200 (0.005s)
2026-05-23 19:18:19.033 | INFO     | app.main:audit_request_middleware:261 | [GET] /api/import/status/b5b82ef5-cb43-4121-a269-8ae460a14bd5 → 200 (0.002s)
2026-05-23 19:18:21.042 | INFO     | app.main:audit_request_middleware:261 | [GET] /api/import/status/b5b82ef5-cb43-4121-a269-8ae460a14bd5 → 200 (0.003s)
2026-05-23 19:18:22.035 | INFO     | app.main:audit_request_middleware:261 | [GET] /api/import/status/b5b82ef5-cb43-4121-a269-8ae460a14bd5 → 200 (0.002s)
2026-05-23 19:18:23.843 | INFO     | app.services.douban_service:search_by_isbn:372 | [OK] [直链访问] 获取成功: 9786264344555 -> 午夜的傾心旋律(05)
2026-05-23 19:18:24.038 | INFO     | app.main:audit_request_middleware:261 | [GET] /api/import/status/b5b82ef5-cb43-4121-a269-8ae460a14bd5 → 200 (0.004s)
2026-05-23 19:18:25.051 | INFO     | app.main:audit_request_middleware:261 | [GET] /api/import/status/b5b82ef5-cb43-4121-a269-8ae460a14bd5 → 200 (0.005s)
2026-05-23 19:18:27.041 | INFO     | app.main:audit_request_middleware:261 | [GET] /api/import/status/b5b82ef5-cb43-4121-a269-8ae460a14bd5 → 200 (0.005s)
2026-05-23 19:18:28.035 | INFO     | app.main:audit_request_middleware:261 | [GET] /api/import/status/b5b82ef5-cb43-4121-a269-8ae460a14bd5 → 200 (0.002s)
2026-05-23 19:18:29.679 | INFO     | app.services.douban_service:search_by_isbn:372 | [OK] [直链访问] 获取成功: 9786264038331 -> 午夜的傾心旋律(03)
2026-05-23 19:18:30.036 | INFO     | app.main:audit_request_middleware:261 | [GET] /api/import/status/b5b82ef5-cb43-4121-a269-8ae460a14bd5 → 200 (0.002s)
2026-05-23 19:18:31.040 | INFO     | app.main:audit_request_middleware:261 | [GET] /api/import/status/b5b82ef5-cb43-4121-a269-8ae460a14bd5 → 200 (0.003s)
2026-05-23 19:18:33.044 | INFO     | app.main:audit_request_middleware:261 | [GET] /api/import/status/b5b82ef5-cb43-4121-a269-8ae460a14bd5 → 200 (0.002s)
2026-05-23 19:18:34.034 | INFO     | app.main:audit_request_middleware:261 | [GET] /api/import/status/b5b82ef5-cb43-4121-a269-8ae460a14bd5 → 200 (0.002s)
2026-05-23 19:18:35.479 | INFO     | app.services.douban_service:search_by_isbn:372 | [OK] [直链访问] 获取成功: 9786264340212 -> 午夜的傾心旋律(04)
2026-05-23 19:18:36.042 | INFO     | app.main:audit_request_middleware:261 | [GET] /api/import/status/b5b82ef5-cb43-4121-a269-8ae460a14bd5 → 200 (0.005s)
2026-05-23 19:18:37.040 | INFO     | app.main:audit_request_middleware:261 | [GET] /api/import/status/b5b82ef5-cb43-4121-a269-8ae460a14bd5 → 200 (0.005s)
2026-05-23 19:18:39.032 | INFO     | app.main:audit_request_middleware:261 | [GET] /api/import/status/b5b82ef5-cb43-4121-a269-8ae460a14bd5 → 200 (0.002s)
2026-05-23 19:18:40.041 | INFO     | app.main:audit_request_middleware:261 | [GET] /api/import/status/b5b82ef5-cb43-4121-a269-8ae460a14bd5 → 200 (0.003s)
2026-05-23 19:18:41.347 | INFO     | app.services.douban_service:search_by_isbn:372 | [OK] [直链访问] 获取成功: 9786264037181 -> 午夜的傾心旋律 02
2026-05-23 19:18:42.046 | INFO     | app.main:audit_request_middleware:261 | [GET] /api/import/status/b5b82ef5-cb43-4121-a269-8ae460a14bd5 → 200 (0.002s)
2026-05-23 19:18:43.037 | INFO     | app.main:audit_request_middleware:261 | [GET] /api/import/status/b5b82ef5-cb43-4121-a269-8ae460a14bd5 → 200 (0.003s)
2026-05-23 19:18:45.039 | INFO     | app.main:audit_request_middleware:261 | [GET] /api/import/status/b5b82ef5-cb43-4121-a269-8ae460a14bd5 → 200 (0.003s)
2026-05-23 19:18:46.047 | INFO     | app.main:audit_request_middleware:261 | [GET] /api/import/status/b5b82ef5-cb43-4121-a269-8ae460a14bd5 → 200 (0.003s)
2026-05-23 19:18:47.183 | INFO     | app.services.douban_service:search_by_isbn:372 | [OK] [直链访问] 获取成功: 9786264036382 -> 午夜的傾心旋律(01)
2026-05-23 19:18:48.039 | INFO     | app.main:audit_request_middleware:261 | [GET] /api/import/status/b5b82ef5-cb43-4121-a269-8ae460a14bd5 → 200 (0.003s)
2026-05-23 19:18:49.035 | INFO     | app.main:audit_request_middleware:261 | [GET] /api/import/status/b5b82ef5-cb43-4121-a269-8ae460a14bd5 → 200 (0.002s)
2026-05-23 19:18:51.037 | INFO     | app.main:audit_request_middleware:261 | [GET] /api/import/status/b5b82ef5-cb43-4121-a269-8ae460a14bd5 → 200 (0.002s)
2026-05-23 19:18:52.037 | INFO     | app.main:audit_request_middleware:261 | [GET] /api/import/status/b5b82ef5-cb43-4121-a269-8ae460a14bd5 → 200 (0.002s)
2026-05-23 19:18:52.217 | INFO     | app.api.import_api:_run_import_task:800 | 导入任务完成: b5b82ef5... | 成功: 7 | 失败: 0 | 同步: 7
2026-05-23 19:18:54.039 | INFO     | app.main:audit_request_middleware:261 | [GET] /api/import/status/b5b82ef5-cb43-4121-a269-8ae460a14bd5 → 200 (0.003s)
2026-05-23 19:38:56.901 | INFO     | app.main:audit_request_middleware:261 | [POST] /api/import/preview → 200 (0.080s)
2026-05-23 19:39:01.574 | INFO     | app.api.import_api:start_import:488 | 导入任务已创建: 962cb571... | 文件: 库洛.xlsx | 数量: 10
2026-05-23 19:39:01.580 | INFO     | app.main:audit_request_middleware:261 | [POST] /api/import/start → 200 (0.039s)
2026-05-23 19:39:02.515 | INFO     | app.services.douban_service:search_by_isbn:372 | [OK] [直链访问] 获取成功: 9786260248222 -> 孤獨搖滾！外傳 （2）
2026-05-23 19:39:03.109 | INFO     | app.main:audit_request_middleware:261 | [GET] /api/import/status/962cb571-4b9a-4c49-8b13-4d8063893a21 → 200 (0.004s)
2026-05-23 19:39:05.076 | INFO     | app.main:audit_request_middleware:261 | [GET] /api/import/status/962cb571-4b9a-4c49-8b13-4d8063893a21 → 200 (0.004s)
2026-05-23 19:39:07.038 | INFO     | app.main:audit_request_middleware:261 | [GET] /api/import/status/962cb571-4b9a-4c49-8b13-4d8063893a21 → 200 (0.004s)
2026-05-23 19:39:08.049 | INFO     | app.main:audit_request_middleware:261 | [GET] /api/import/status/962cb571-4b9a-4c49-8b13-4d8063893a21 → 200 (0.005s)
2026-05-23 19:39:10.034 | INFO     | app.main:audit_request_middleware:261 | [GET] /api/import/status/962cb571-4b9a-4c49-8b13-4d8063893a21 → 200 (0.002s)
2026-05-23 19:39:11.045 | INFO     | app.main:audit_request_middleware:261 | [GET] /api/import/status/962cb571-4b9a-4c49-8b13-4d8063893a21 → 200 (0.003s)
2026-05-23 19:39:13.043 | INFO     | app.main:audit_request_middleware:261 | [GET] /api/import/status/962cb571-4b9a-4c49-8b13-4d8063893a21 → 200 (0.003s)
2026-05-23 19:39:14.036 | INFO     | app.main:audit_request_middleware:261 | [GET] /api/import/status/962cb571-4b9a-4c49-8b13-4d8063893a21 → 200 (0.003s)
2026-05-23 19:39:16.037 | INFO     | app.main:audit_request_middleware:261 | [GET] /api/import/status/962cb571-4b9a-4c49-8b13-4d8063893a21 → 200 (0.003s)
2026-05-23 19:39:17.045 | INFO     | app.main:audit_request_middleware:261 | [GET] /api/import/status/962cb571-4b9a-4c49-8b13-4d8063893a21 → 200 (0.003s)
2026-05-23 19:39:19.035 | INFO     | app.main:audit_request_middleware:261 | [GET] /api/import/status/962cb571-4b9a-4c49-8b13-4d8063893a21 → 200 (0.002s)
2026-05-23 19:39:20.029 | INFO     | app.main:audit_request_middleware:261 | [GET] /api/import/status/962cb571-4b9a-4c49-8b13-4d8063893a21 → 200 (0.002s)
2026-05-23 19:39:20.878 | INFO     | app.services.douban_service:search_by_isbn:394 | [ERROR] 所有策略均失败: 9786263729223
2026-05-23 19:39:22.038 | INFO     | app.main:audit_request_middleware:261 | [GET] /api/import/status/962cb571-4b9a-4c49-8b13-4d8063893a21 → 200 (0.002s)
2026-05-23 19:39:23.034 | INFO     | app.main:audit_request_middleware:261 | [GET] /api/import/status/962cb571-4b9a-4c49-8b13-4d8063893a21 → 200 (0.002s)
2026-05-23 19:39:25.040 | INFO     | app.main:audit_request_middleware:261 | [GET] /api/import/status/962cb571-4b9a-4c49-8b13-4d8063893a21 → 200 (0.003s)
2026-05-23 19:39:26.044 | INFO     | app.main:audit_request_middleware:261 | [GET] /api/import/status/962cb571-4b9a-4c49-8b13-4d8063893a21 → 200 (0.004s)
2026-05-23 19:39:27.384 | INFO     | app.services.douban_service:search_by_isbn:372 | [OK] [直链访问] 获取成功: 9786263602649 -> 孤獨搖滾！3
2026-05-23 19:39:28.042 | INFO     | app.main:audit_request_middleware:261 | [GET] /api/import/status/962cb571-4b9a-4c49-8b13-4d8063893a21 → 200 (0.002s)
2026-05-23 19:39:29.039 | INFO     | app.main:audit_request_middleware:261 | [GET] /api/import/status/962cb571-4b9a-4c49-8b13-4d8063893a21 → 200 (0.002s)
2026-05-23 19:39:31.040 | INFO     | app.main:audit_request_middleware:261 | [GET] /api/import/status/962cb571-4b9a-4c49-8b13-4d8063893a21 → 200 (0.003s)
2026-05-23 19:39:32.030 | INFO     | app.main:audit_request_middleware:261 | [GET] /api/import/status/962cb571-4b9a-4c49-8b13-4d8063893a21 → 200 (0.002s)
2026-05-23 19:39:33.437 | INFO     | app.services.douban_service:search_by_isbn:372 | [OK] [直链访问] 获取成功: 9786260259914 -> 孤獨搖滾！外傳 廣井菊理的狂飲日記 (首刷限定版) 3
2026-05-23 19:39:34.046 | INFO     | app.main:audit_request_middleware:261 | [GET] /api/import/status/962cb571-4b9a-4c49-8b13-4d8063893a21 → 200 (0.003s)
2026-05-23 19:39:35.045 | INFO     | app.main:audit_request_middleware:261 | [GET] /api/import/status/962cb571-4b9a-4c49-8b13-4d8063893a21 → 200 (0.004s)
2026-05-23 19:39:37.044 | INFO     | app.main:audit_request_middleware:261 | [GET] /api/import/status/962cb571-4b9a-4c49-8b13-4d8063893a21 → 200 (0.003s)
2026-05-23 19:39:38.035 | INFO     | app.main:audit_request_middleware:261 | [GET] /api/import/status/962cb571-4b9a-4c49-8b13-4d8063893a21 → 200 (0.003s)
2026-05-23 19:39:39.769 | INFO     | app.services.douban_service:search_by_isbn:372 | [OK] [直链访问] 获取成功: 9786263479524 -> 孤獨搖滾！2
2026-05-23 19:39:40.040 | INFO     | app.main:audit_request_middleware:261 | [GET] /api/import/status/962cb571-4b9a-4c49-8b13-4d8063893a21 → 200 (0.003s)
2026-05-23 19:39:41.041 | INFO     | app.main:audit_request_middleware:261 | [GET] /api/import/status/962cb571-4b9a-4c49-8b13-4d8063893a21 → 200 (0.002s)
2026-05-23 19:39:43.036 | INFO     | app.main:audit_request_middleware:261 | [GET] /api/import/status/962cb571-4b9a-4c49-8b13-4d8063893a21 → 200 (0.003s)
2026-05-23 19:39:44.040 | INFO     | app.main:audit_request_middleware:261 | [GET] /api/import/status/962cb571-4b9a-4c49-8b13-4d8063893a21 → 200 (0.002s)
2026-05-23 19:39:46.038 | INFO     | app.services.douban_service:search_by_isbn:372 | [OK] [直链访问] 获取成功: 9786260234560 -> 孤獨搖滾！7（首刷限定版）
2026-05-23 19:39:46.046 | INFO     | app.main:audit_request_middleware:261 | [GET] /api/import/status/962cb571-4b9a-4c49-8b13-4d8063893a21 → 200 (0.004s)
2026-05-23 19:39:47.041 | INFO     | app.main:audit_request_middleware:261 | [GET] /api/import/status/962cb571-4b9a-4c49-8b13-4d8063893a21 → 200 (0.004s)
2026-05-23 19:39:49.047 | INFO     | app.main:audit_request_middleware:261 | [GET] /api/import/status/962cb571-4b9a-4c49-8b13-4d8063893a21 → 200 (0.003s)
2026-05-23 19:39:50.041 | INFO     | app.main:audit_request_middleware:261 | [GET] /api/import/status/962cb571-4b9a-4c49-8b13-4d8063893a21 → 200 (0.002s)
2026-05-23 19:39:51.104 | INFO     | app.main:audit_request_middleware:261 | [GET] /api/import/status/962cb571-4b9a-4c49-8b13-4d8063893a21 → 200 (0.003s)
2026-05-23 19:39:52.037 | INFO     | app.services.douban_service:search_by_isbn:372 | [OK] [直链访问] 获取成功: 9786263603738 -> 孤獨搖滾！5（首刷限定版）
2026-05-23 19:39:52.601 | INFO     | app.main:audit_request_middleware:261 | [GET] /api/import/status/962cb571-4b9a-4c49-8b13-4d8063893a21 → 200 (0.002s)
2026-05-23 19:39:54.101 | INFO     | app.main:audit_request_middleware:261 | [GET] /api/import/status/962cb571-4b9a-4c49-8b13-4d8063893a21 → 200 (0.002s)
2026-05-23 19:39:56.042 | INFO     | app.main:audit_request_middleware:261 | [GET] /api/import/status/962cb571-4b9a-4c49-8b13-4d8063893a21 → 200 (0.002s)
2026-05-23 19:39:58.040 | INFO     | app.main:audit_request_middleware:261 | [GET] /api/import/status/962cb571-4b9a-4c49-8b13-4d8063893a21 → 200 (0.004s)
2026-05-23 19:39:58.443 | INFO     | app.services.douban_service:search_by_isbn:372 | [OK] [直链访问] 获取成功: 9786263603721 -> 孤獨搖滾！4（首刷限定版）
2026-05-23 19:39:59.040 | INFO     | app.main:audit_request_middleware:261 | [GET] /api/import/status/962cb571-4b9a-4c49-8b13-4d8063893a21 → 200 (0.004s)
2026-05-23 19:40:01.046 | INFO     | app.main:audit_request_middleware:261 | [GET] /api/import/status/962cb571-4b9a-4c49-8b13-4d8063893a21 → 200 (0.003s)
2026-05-23 19:40:02.041 | INFO     | app.main:audit_request_middleware:261 | [GET] /api/import/status/962cb571-4b9a-4c49-8b13-4d8063893a21 → 200 (0.002s)
2026-05-23 19:40:04.033 | INFO     | app.main:audit_request_middleware:261 | [GET] /api/import/status/962cb571-4b9a-4c49-8b13-4d8063893a21 → 200 (0.002s)
2026-05-23 19:40:04.462 | INFO     | app.services.douban_service:search_by_isbn:372 | [OK] [直链访问] 获取成功: 9786260231828 -> 孤獨搖滾!外傳: 廣井菊理的狂飲日記 1（首刷限定版）
2026-05-23 19:40:05.039 | INFO     | app.main:audit_request_middleware:261 | [GET] /api/import/status/962cb571-4b9a-4c49-8b13-4d8063893a21 → 200 (0.004s)
2026-05-23 19:40:07.048 | INFO     | app.main:audit_request_middleware:261 | [GET] /api/import/status/962cb571-4b9a-4c49-8b13-4d8063893a21 → 200 (0.003s)
2026-05-23 19:40:08.055 | INFO     | app.main:audit_request_middleware:261 | [GET] /api/import/status/962cb571-4b9a-4c49-8b13-4d8063893a21 → 200 (0.003s)
2026-05-23 19:40:10.071 | INFO     | app.main:audit_request_middleware:261 | [GET] /api/import/status/962cb571-4b9a-4c49-8b13-4d8063893a21 → 200 (0.003s)
2026-05-23 19:40:11.023 | INFO     | app.services.douban_service:search_by_isbn:372 | [OK] [直链访问] 获取成功: 9786263479517 -> 孤獨搖滾！1
2026-05-23 19:40:11.049 | INFO     | app.main:audit_request_middleware:261 | [GET] /api/import/status/962cb571-4b9a-4c49-8b13-4d8063893a21 → 200 (0.004s)
2026-05-23 19:40:13.046 | INFO     | app.main:audit_request_middleware:261 | [GET] /api/import/status/962cb571-4b9a-4c49-8b13-4d8063893a21 → 200 (0.003s)
2026-05-23 19:40:14.037 | INFO     | app.main:audit_request_middleware:261 | [GET] /api/import/status/962cb571-4b9a-4c49-8b13-4d8063893a21 → 200 (0.003s)
2026-05-23 19:40:16.054 | INFO     | app.api.import_api:_run_import_task:800 | 导入任务完成: 962cb571... | 成功: 10 | 失败: 0 | 同步: 9
2026-05-23 19:40:16.082 | INFO     | app.main:audit_request_middleware:261 | [GET] /api/import/status/962cb571-4b9a-4c49-8b13-4d8063893a21 → 200 (0.006s)
2026-05-23 19:45:10.014 | INFO     | app.main:audit_request_middleware:261 | [GET] /api/shelves/7/books → 200 (0.078s)
2026-05-23 19:45:10.016 | INFO     | app.main:audit_request_middleware:261 | [GET] /api/shelves/ → 200 (0.080s)
2026-05-23 19:45:17.577 | INFO     | app.main:audit_request_middleware:261 | [GET] /api/books/85 → 200 (0.034s)
2026-05-23 19:45:47.869 | INFO     | app.main:audit_request_middleware:261 | [GET] /api/books/85 → 200 (0.041s)
2026-05-23 19:45:52.742 | INFO     | app.main:audit_request_middleware:261 | [GET] /api/books/85 → 200 (0.039s)
2026-05-23 19:45:57.116 | INFO     | app.services.douban_service:search_by_isbn:372 | [OK] [直链访问] 获取成功: 9786263729230 -> 孤獨搖滾！6（首刷限定版）
2026-05-23 19:45:57.127 | INFO     | app.main:audit_request_middleware:261 | [POST] /api/books/sync → 200 (0.651s)
2026-05-23 19:45:59.687 | INFO     | app.main:audit_request_middleware:261 | [GET] /api/shelves/ → 200 (0.030s)
2026-05-23 19:46:09.175 | INFO     | app.main:audit_request_middleware:261 | [POST] /api/books/sync → 200 (0.024s)
2026-05-23 19:46:12.752 | INFO     | app.main:audit_request_middleware:261 | [GET] /api/shelves/ → 200 (0.037s)
2026-05-24 13:37:14.547 | INFO     | app.main:setup_logging:83 | 日志系统已初始化 | 文件: ./logs/app.log | 错误: logs\app.error.log
2026-05-24 13:37:14.548 | INFO     | app.main:lifespan:90 | ============================================================
2026-05-24 13:37:14.548 | INFO     | app.main:lifespan:91 | [START] 书房管理系统 v2.0.0 启动中...
2026-05-24 13:37:14.549 | INFO     | app.main:lifespan:92 | ============================================================
2026-05-24 13:37:14.550 | INFO     | app.core.config:validate_config_on_startup:730 | 目录已就绪: logs
2026-05-24 13:37:14.551 | INFO     | app.core.config:validate_config_on_startup:730 | 目录已就绪: cache\images
2026-05-24 13:37:14.552 | INFO     | app.core.config:validate_config_on_startup:730 | 目录已就绪: backups
2026-05-24 13:37:14.552 | INFO     | app.core.config:validate_config_on_startup:743 | ==================================================
2026-05-24 13:37:14.553 | INFO     | app.core.config:validate_config_on_startup:744 | 书房管理系统 v2.0.0
2026-05-24 13:37:14.553 | INFO     | app.core.config:validate_config_on_startup:745 | 运行模式: [DEV] 开发
2026-05-24 13:37:14.554 | INFO     | app.core.config:validate_config_on_startup:749 | 数据库: ./bookshelf.db
2026-05-24 13:37:14.555 | INFO     | app.core.config:validate_config_on_startup:750 | 豆瓣 Cookie: [OK] 已配置
2026-05-24 13:37:14.555 | INFO     | app.core.config:validate_config_on_startup:754 | 图片缓存: [OK] 启用 | 目录: ./cache/images | 有效期: 7天
2026-05-24 13:37:14.556 | INFO     | app.core.config:validate_config_on_startup:760 | 日志: 级别=INFO | 文件=./logs/app.log | 轮转=10 MB | 保留=7 days
2026-05-24 13:37:14.556 | INFO     | app.core.config:validate_config_on_startup:766 | ==================================================
2026-05-24 13:37:14.591 | INFO     | app.core.database:init_db:260 | 表创建完成 (9 张表)
2026-05-24 13:37:14.592 | INFO     | app.main:lifespan:98 | [Startup] [OK] 数据库表初始化完成
2026-05-24 13:37:14.653 | INFO     | app.core.seed:seed_database:56 | 数据库已有数据，跳过种子初始化
2026-05-24 13:37:14.654 | INFO     | app.main:lifespan:106 | [Startup] [OK] 种子数据初始化完成
2026-05-24 13:37:14.654 | INFO     | app.main:lifespan:112 | [Startup] [OK] http://0.0.0.0:8000 | /docs | /health
2026-05-24 13:37:14.654 | INFO     | app.main:lifespan:113 | ============================================================
2026-05-24 13:37:14.655 | INFO     | app.main:lifespan:119 | [Startup] 封面缓存清理任务已启动
2026-05-24 13:37:14.655 | INFO     | app.main:lifespan:125 | [Startup] 自动备份任务已启动 (间隔: 24h)
2026-05-24 13:38:32.768 | INFO     | app.main:audit_request_middleware:261 | [GET] /api/admin/stats → 200 (0.201s)
2026-05-24 13:39:27.898 | INFO     | app.main:audit_request_middleware:261 | [GET] /api/shelves/ → 200 (0.020s)
2026-05-24 13:39:29.126 | INFO     | app.main:audit_request_middleware:261 | [GET] /api/shelves/ → 200 (0.080s)
2026-05-24 13:39:29.128 | INFO     | app.main:audit_request_middleware:261 | [GET] /api/shelves/1/books → 200 (0.081s)
2026-05-24 13:39:32.263 | INFO     | app.main:audit_request_middleware:261 | [GET] /api/shelves/ → 200 (0.023s)
2026-05-24 13:39:32.292 | INFO     | app.main:audit_request_middleware:261 | [GET] /api/shelves/7/books → 200 (0.028s)
2026-05-24 13:39:45.960 | INFO     | app.services.douban_service:search_by_isbn:372 | [OK] [直链访问] 获取成功: 9786263729230 -> 孤獨搖滾！6（首刷限定版）
2026-05-24 13:39:45.972 | INFO     | app.main:audit_request_middleware:261 | [POST] /api/books/sync → 200 (1.217s)
2026-05-24 13:39:47.786 | INFO     | app.main:audit_request_middleware:261 | [GET] /api/shelves/ → 200 (0.025s)
2026-05-24 13:42:14.688 | INFO     | app.services.backup_service:create_backup:200 | 备份已创建: backup_20260524_134214.backup | 大小: 153.1 KB | 表数: 9 | 总行数: 232
2026-05-24 13:42:16.779 | ERROR    | app.services.backup_service:sync_to_webdav:703 | WebDAV 同步异常 [backup_20260524_134214.backup]: All connection attempts failed
2026-05-24 16:31:41.090 | INFO     | app.services.douban_service:search_by_isbn:372 | [OK] [直链访问] 获取成功: 9786263729230 -> 孤獨搖滾！6（首刷限定版）
2026-05-24 16:31:41.094 | INFO     | app.main:audit_request_middleware:261 | [POST] /api/books/sync → 200 (0.936s)
2026-05-24 16:31:43.041 | INFO     | app.main:audit_request_middleware:261 | [GET] /api/shelves/ → 200 (0.029s)
2026-05-24 16:31:45.393 | INFO     | app.main:audit_request_middleware:261 | [POST] /api/shelves/7/books → 200 (0.039s)
2026-05-24 16:32:05.007 | INFO     | app.main:audit_request_middleware:261 | [GET] /api/shelves/1/books → 200 (0.061s)
2026-05-24 16:32:05.009 | INFO     | app.main:audit_request_middleware:261 | [GET] /api/shelves/ → 200 (0.063s)
2026-05-24 16:32:08.340 | INFO     | app.main:audit_request_middleware:261 | [GET] /api/shelves/ → 200 (0.046s)
2026-05-24 16:32:08.341 | INFO     | app.main:audit_request_middleware:261 | [GET] /api/shelves/7/books → 200 (0.046s)
2026-05-24 16:32:14.429 | INFO     | app.main:audit_request_middleware:261 | [DELETE] /api/shelves/7/books/85 → 200 (0.013s)
2026-05-24 16:32:14.463 | INFO     | app.main:audit_request_middleware:261 | [GET] /api/shelves/7/books → 200 (0.023s)
2026-05-24 16:32:23.078 | INFO     | app.main:audit_request_middleware:261 | [GET] /api/books/93 → 200 (0.015s)
2026-05-24 16:32:27.288 | INFO     | app.services.douban_service:search_by_isbn:372 | [OK] [直链访问] 获取成功: 9786263479517 -> 孤獨搖滾！1
2026-05-24 16:32:27.293 | INFO     | app.main:audit_request_middleware:261 | [POST] /api/books/sync → 200 (1.261s)
2026-05-24 16:32:27.316 | INFO     | app.main:audit_request_middleware:261 | [GET] /api/books/93 → 200 (0.013s)
2026-05-24 16:32:36.140 | INFO     | app.main:audit_request_middleware:261 | [GET] /api/shelves/ → 200 (0.015s)
2026-05-24 16:32:36.165 | INFO     | app.main:audit_request_middleware:261 | [GET] /api/shelves/7/books → 200 (0.023s)
2026-05-24 16:32:41.735 | INFO     | app.main:audit_request_middleware:261 | [GET] /api/books/94 → 200 (0.013s)
2026-05-24 16:32:46.842 | INFO     | app.main:audit_request_middleware:261 | [GET] /api/shelves/ → 200 (0.044s)
2026-05-24 16:32:46.844 | INFO     | app.main:audit_request_middleware:261 | [GET] /api/shelves/7/books → 200 (0.045s)
2026-05-24 16:32:47.961 | INFO     | app.main:audit_request_middleware:261 | [GET] /api/books/74 → 200 (0.014s)
2026-05-24 16:32:50.337 | INFO     | app.services.douban_service:search_by_isbn:372 | [OK] [直链访问] 获取成功: 9789864829729 -> 庫洛魔法使 愛藏版 5
2026-05-24 16:32:50.342 | INFO     | app.main:audit_request_middleware:261 | [POST] /api/books/sync → 200 (0.921s)
2026-05-24 16:32:50.366 | INFO     | app.main:audit_request_middleware:261 | [GET] /api/books/74 → 200 (0.013s)
2026-05-24 16:32:53.559 | INFO     | app.main:audit_request_middleware:261 | [GET] /api/shelves/7/books → 200 (0.046s)
2026-05-24 16:32:53.560 | INFO     | app.main:audit_request_middleware:261 | [GET] /api/shelves/ → 200 (0.047s)
